NNS,VBP,IN,JJ,NNP,NN,VBG,VBN,VBD,VBZ,NNPS,VB,RB,MD,JJR,JJS,CD,RP,CC,WP$,DT,RBR,WP,UH,PDT,EX,PRP,$,WDT,WRB,FW,RBS,'',SYM,sentence_count,word_count
17.0,2.0,5.0,16.0,44.0,42.0,5.0,7.0,12.0,2.0,1.0,1.0,0.0,0.0,0.0,0.0,0.0,0.0,0.0,0.0,0.0,0.0,0.0,0.0,0.0,0.0,0.0,0.0,0.0,0.0,0.0,0.0,0.0,0.0,13.0,252.0
1.0,0.0,0.0,3.0,11.0,12.0,1.0,3.0,0.0,0.0,0.0,0.0,0.0,0.0,0.0,0.0,0.0,0.0,0.0,0.0,0.0,0.0,0.0,0.0,0.0,0.0,0.0,0.0,0.0,0.0,0.0,0.0,0.0,0.0,3.0,40.0
16.0,4.0,0.0,35.0,20.0,60.0,7.0,11.0,3.0,2.0,4.0,17.0,7.0,2.0,1.0,0.0,0.0,0.0,0.0,0.0,0.0,0.0,0.0,0.0,0.0,0.0,0.0,0.0,0.0,0.0,0.0,0.0,0.0,0.0,13.0,346.0
32.0,3.0,2.0,44.0,68.0,93.0,11.0,11.0,18.0,4.0,3.0,13.0,19.0,4.0,0.0,1.0,2.0,0.0,0.0,0.0,0.0,0.0,0.0,0.0,0.0,0.0,0.0,0.0,0.0,0.0,0.0,0.0,0.0,0.0,20.0,567.0
38.0,0.0,3.0,48.0,74.0,76.0,10.0,13.0,20.0,3.0,2.0,17.0,19.0,2.0,0.0,2.0,7.0,1.0,0.0,0.0,0.0,0.0,0.0,0.0,0.0,0.0,0.0,0.0,0.0,0.0,0.0,0.0,0.0,0.0,19.0,592.0
13.0,0.0,1.0,12.0,33.0,29.0,3.0,4.0,6.0,0.0,0.0,3.0,0.0,0.0,0.0,0.0,5.0,0.0,0.0,0.0,0.0,0.0,0.0,0.0,0.0,0.0,0.0,0.0,0.0,0.0,0.0,0.0,0.0,0.0,5.0,169.0
13.0,2.0,2.0,20.0,49.0,57.0,7.0,10.0,10.0,2.0,2.0,3.0,1.0,0.0,1.0,0.0,1.0,0.0,0.0,0.0,0.0,0.0,0.0,0.0,0.0,0.0,0.0,0.0,0.0,0.0,0.0,0.0,0.0,0.0,14.0,318.0
24.0,5.0,0.0,62.0,45.0,74.0,6.0,5.0,8.0,3.0,1.0,28.0,10.0,2.0,1.0,2.0,0.0,0.0,0.0,0.0,0.0,0.0,0.0,0.0,0.0,0.0,0.0,0.0,0.0,0.0,0.0,0.0,0.0,0.0,17.0,485.0
55.0,15.0,4.0,48.0,21.0,109.0,18.0,22.0,6.0,7.0,2.0,21.0,12.0,0.0,3.0,3.0,4.0,0.0,1.0,1.0,0.0,0.0,0.0,0.0,0.0,0.0,0.0,0.0,0.0,0.0,0.0,0.0,0.0,0.0,31.0,686.0
38.0,1.0,7.0,53.0,85.0,93.0,26.0,13.0,19.0,7.0,4.0,14.0,12.0,1.0,0.0,6.0,7.0,0.0,0.0,0.0,2.0,0.0,0.0,0.0,0.0,0.0,0.0,0.0,0.0,0.0,0.0,0.0,0.0,0.0,23.0,648.0
49.0,7.0,8.0,71.0,45.0,127.0,11.0,10.0,3.0,3.0,0.0,24.0,15.0,3.0,1.0,1.0,9.0,0.0,0.0,0.0,1.0,0.0,0.0,0.0,0.0,0.0,0.0,0.0,0.0,0.0,0.0,0.0,0.0,0.0,26.0,708.0
58.0,9.0,5.0,71.0,46.0,112.0,18.0,16.0,11.0,14.0,2.0,14.0,26.0,1.0,0.0,2.0,5.0,0.0,0.0,0.0,2.0,1.0,0.0,0.0,0.0,0.0,0.0,0.0,0.0,0.0,0.0,0.0,0.0,0.0,38.0,802.0
11.0,2.0,5.0,16.0,38.0,44.0,6.0,8.0,8.0,1.0,1.0,1.0,0.0,0.0,0.0,0.0,0.0,0.0,0.0,0.0,0.0,0.0,0.0,0.0,0.0,0.0,0.0,0.0,0.0,0.0,0.0,0.0,0.0,0.0,12.0,232.0
8.0,0.0,3.0,9.0,17.0,19.0,4.0,5.0,2.0,0.0,0.0,0.0,1.0,0.0,0.0,1.0,3.0,0.0,0.0,0.0,0.0,0.0,0.0,0.0,0.0,0.0,0.0,0.0,0.0,0.0,0.0,0.0,0.0,0.0,6.0,112.0
79.0,5.0,5.0,72.0,106.0,118.0,30.0,16.0,21.0,5.0,2.0,14.0,30.0,6.0,1.0,0.0,3.0,0.0,1.0,0.0,1.0,1.0,1.0,0.0,0.0,0.0,0.0,0.0,0.0,0.0,0.0,0.0,0.0,0.0,31.0,851.0
0.0,0.0,0.0,0.0,0.0,0.0,0.0,0.0,0.0,0.0,0.0,0.0,0.0,0.0,0.0,0.0,0.0,0.0,0.0,0.0,0.0,0.0,0.0,0.0,0.0,0.0,0.0,0.0,0.0,0.0,0.0,0.0,0.0,0.0,0.0,0.0
46.0,6.0,3.0,91.0,67.0,152.0,18.0,12.0,4.0,5.0,0.0,23.0,22.0,4.0,2.0,0.0,8.0,0.0,0.0,0.0,0.0,0.0,0.0,0.0,0.0,0.0,0.0,0.0,0.0,0.0,0.0,0.0,0.0,0.0,30.0,805.0
0.0,0.0,0.0,12.0,33.0,23.0,0.0,6.0,3.0,3.0,0.0,0.0,0.0,0.0,0.0,0.0,0.0,0.0,0.0,0.0,0.0,0.0,0.0,0.0,0.0,0.0,0.0,0.0,0.0,0.0,0.0,0.0,0.0,0.0,6.0,138.0
91.0,22.0,8.0,114.0,95.0,205.0,17.0,32.0,9.0,19.0,3.0,46.0,41.0,9.0,3.0,6.0,12.0,0.0,0.0,0.0,4.0,0.0,0.0,0.0,0.0,0.0,0.0,0.0,0.0,0.0,0.0,0.0,0.0,0.0,76.0,1554.0
61.0,8.0,7.0,71.0,64.0,109.0,20.0,13.0,9.0,6.0,2.0,23.0,26.0,2.0,0.0,1.0,3.0,1.0,0.0,0.0,0.0,0.0,0.0,1.0,0.0,0.0,0.0,0.0,0.0,0.0,0.0,0.0,0.0,0.0,35.0,747.0
43.0,6.0,4.0,45.0,52.0,91.0,13.0,13.0,16.0,3.0,0.0,26.0,9.0,7.0,1.0,0.0,4.0,0.0,0.0,0.0,0.0,0.0,0.0,0.0,0.0,0.0,0.0,0.0,0.0,0.0,0.0,0.0,0.0,0.0,28.0,619.0
45.0,3.0,3.0,44.0,105.0,78.0,21.0,14.0,25.0,3.0,3.0,30.0,11.0,3.0,0.0,2.0,3.0,0.0,0.0,0.0,0.0,0.0,0.0,0.0,1.0,0.0,0.0,0.0,0.0,0.0,0.0,0.0,0.0,0.0,21.0,667.0
18.0,0.0,2.0,24.0,27.0,43.0,8.0,9.0,22.0,3.0,5.0,4.0,1.0,0.0,0.0,2.0,0.0,0.0,0.0,0.0,0.0,0.0,0.0,0.0,0.0,0.0,0.0,0.0,0.0,0.0,0.0,0.0,0.0,0.0,13.0,302.0
19.0,0.0,2.0,22.0,37.0,36.0,10.0,8.0,21.0,2.0,6.0,1.0,2.0,0.0,0.0,0.0,0.0,0.0,0.0,0.0,0.0,1.0,0.0,0.0,0.0,0.0,0.0,0.0,0.0,0.0,0.0,0.0,0.0,0.0,15.0,278.0
0.0,0.0,0.0,6.0,22.0,16.0,0.0,2.0,2.0,0.0,0.0,0.0,0.0,0.0,0.0,0.0,0.0,0.0,0.0,0.0,0.0,0.0,0.0,0.0,0.0,0.0,0.0,0.0,0.0,0.0,0.0,0.0,0.0,0.0,8.0,72.0
28.0,6.0,2.0,11.0,40.0,47.0,4.0,22.0,5.0,1.0,2.0,5.0,6.0,0.0,0.0,1.0,1.0,1.0,0.0,0.0,0.0,0.0,0.0,0.0,0.0,0.0,0.0,0.0,0.0,0.0,0.0,0.0,0.0,0.0,21.0,356.0
22.0,1.0,3.0,25.0,55.0,43.0,4.0,10.0,16.0,2.0,0.0,4.0,3.0,0.0,0.0,0.0,2.0,0.0,0.0,0.0,0.0,0.0,0.0,0.0,0.0,0.0,0.0,0.0,0.0,0.0,0.0,0.0,0.0,0.0,18.0,314.0
30.0,2.0,3.0,35.0,61.0,86.0,7.0,11.0,15.0,4.0,3.0,20.0,11.0,5.0,1.0,0.0,2.0,0.0,0.0,0.0,0.0,0.0,0.0,0.0,0.0,1.0,0.0,0.0,0.0,0.0,0.0,0.0,0.0,0.0,19.0,522.0
73.0,10.0,16.0,89.0,174.0,196.0,56.0,20.0,35.0,11.0,5.0,28.0,35.0,4.0,3.0,3.0,2.0,0.0,0.0,0.0,2.0,0.0,0.0,0.0,0.0,0.0,1.0,0.0,0.0,0.0,0.0,0.0,0.0,0.0,44.0,1305.0
7.0,1.0,2.0,4.0,13.0,14.0,2.0,3.0,3.0,0.0,1.0,0.0,0.0,0.0,0.0,0.0,0.0,0.0,0.0,0.0,0.0,0.0,0.0,0.0,0.0,0.0,0.0,0.0,0.0,0.0,0.0,0.0,0.0,0.0,8.0,73.0
8.0,0.0,1.0,12.0,27.0,24.0,2.0,5.0,8.0,1.0,1.0,0.0,1.0,0.0,0.0,0.0,0.0,0.0,0.0,0.0,0.0,0.0,0.0,0.0,0.0,0.0,0.0,0.0,0.0,0.0,0.0,0.0,0.0,0.0,10.0,139.0
24.0,6.0,9.0,51.0,37.0,78.0,17.0,6.0,10.0,3.0,2.0,27.0,20.0,4.0,1.0,0.0,2.0,0.0,0.0,0.0,0.0,0.0,0.0,0.0,0.0,0.0,1.0,0.0,0.0,0.0,0.0,0.0,0.0,0.0,24.0,544.0
64.0,15.0,13.0,76.0,153.0,141.0,42.0,16.0,24.0,8.0,3.0,22.0,29.0,2.0,1.0,3.0,4.0,0.0,0.0,0.0,1.0,0.0,0.0,0.0,0.0,0.0,0.0,0.0,0.0,0.0,0.0,0.0,0.0,0.0,34.0,1037.0
25.0,1.0,4.0,20.0,50.0,40.0,4.0,9.0,10.0,2.0,0.0,7.0,1.0,1.0,0.0,0.0,6.0,0.0,0.0,0.0,0.0,0.0,0.0,0.0,0.0,0.0,0.0,0.0,0.0,0.0,0.0,0.0,0.0,0.0,16.0,291.0
15.0,2.0,0.0,19.0,25.0,32.0,7.0,6.0,7.0,1.0,1.0,0.0,0.0,0.0,0.0,0.0,1.0,0.0,0.0,0.0,0.0,0.0,0.0,0.0,0.0,0.0,0.0,0.0,0.0,0.0,0.0,0.0,0.0,0.0,10.0,195.0
0.0,0.0,0.0,0.0,0.0,0.0,0.0,0.0,0.0,0.0,0.0,0.0,0.0,0.0,0.0,0.0,0.0,0.0,0.0,0.0,0.0,0.0,0.0,0.0,0.0,0.0,0.0,0.0,0.0,0.0,0.0,0.0,0.0,0.0,0.0,0.0
38.0,0.0,6.0,62.0,106.0,96.0,20.0,11.0,22.0,5.0,2.0,16.0,16.0,4.0,0.0,0.0,3.0,0.0,0.0,0.0,0.0,0.0,0.0,0.0,0.0,0.0,0.0,0.0,0.0,0.0,0.0,0.0,0.0,0.0,23.0,697.0
51.0,6.0,5.0,50.0,106.0,104.0,38.0,20.0,6.0,3.0,2.0,10.0,27.0,3.0,0.0,0.0,7.0,0.0,1.0,0.0,1.0,0.0,0.0,0.0,0.0,0.0,1.0,1.0,0.0,0.0,0.0,0.0,0.0,0.0,45.0,772.0
36.0,1.0,4.0,59.0,91.0,100.0,19.0,13.0,13.0,17.0,1.0,14.0,33.0,0.0,0.0,0.0,2.0,0.0,1.0,0.0,0.0,0.0,0.0,0.0,0.0,0.0,0.0,0.0,0.0,0.0,0.0,0.0,0.0,0.0,32.0,697.0
7.0,0.0,0.0,12.0,25.0,25.0,6.0,1.0,5.0,0.0,0.0,9.0,0.0,1.0,0.0,0.0,1.0,0.0,0.0,0.0,0.0,0.0,0.0,0.0,0.0,0.0,0.0,0.0,0.0,0.0,0.0,0.0,0.0,0.0,5.0,159.0
83.0,13.0,9.0,104.0,154.0,178.0,50.0,27.0,17.0,9.0,4.0,62.0,42.0,9.0,1.0,0.0,5.0,0.0,0.0,0.0,2.0,1.0,0.0,0.0,0.0,0.0,0.0,0.0,0.0,0.0,0.0,0.0,0.0,0.0,85.0,1534.0
28.0,2.0,5.0,44.0,114.0,82.0,13.0,9.0,23.0,1.0,2.0,21.0,12.0,5.0,0.0,2.0,3.0,0.0,1.0,0.0,0.0,0.0,0.0,0.0,0.0,0.0,0.0,0.0,0.0,0.0,0.0,0.0,0.0,0.0,22.0,608.0
0.0,0.0,0.0,4.0,15.0,10.0,0.0,1.0,0.0,2.0,0.0,0.0,0.0,0.0,0.0,0.0,0.0,0.0,0.0,0.0,0.0,0.0,0.0,0.0,0.0,0.0,0.0,0.0,0.0,0.0,0.0,0.0,0.0,0.0,6.0,46.0
90.0,18.0,21.0,120.0,134.0,261.0,45.0,35.0,12.0,14.0,10.0,59.0,43.0,10.0,6.0,2.0,3.0,0.0,1.0,0.0,0.0,1.0,0.0,0.0,0.0,0.0,3.0,0.0,2.0,0.0,0.0,0.0,0.0,0.0,89.0,1767.0
26.0,4.0,2.0,39.0,75.0,80.0,21.0,16.0,1.0,13.0,2.0,18.0,20.0,1.0,0.0,1.0,1.0,0.0,1.0,0.0,0.0,0.0,0.0,0.0,0.0,0.0,1.0,0.0,0.0,0.0,0.0,0.0,0.0,0.0,27.0,613.0
75.0,16.0,13.0,90.0,57.0,125.0,20.0,17.0,12.0,15.0,5.0,21.0,25.0,1.0,1.0,1.0,10.0,0.0,0.0,0.0,4.0,1.0,0.0,0.0,0.0,0.0,1.0,0.0,0.0,0.0,0.0,0.0,0.0,0.0,36.0,907.0
29.0,2.0,8.0,27.0,41.0,62.0,6.0,10.0,20.0,1.0,2.0,1.0,2.0,0.0,0.0,1.0,1.0,0.0,0.0,0.0,0.0,0.0,0.0,0.0,0.0,0.0,0.0,0.0,0.0,0.0,0.0,0.0,0.0,0.0,17.0,355.0
0.0,0.0,0.0,0.0,0.0,0.0,0.0,0.0,0.0,0.0,0.0,0.0,0.0,0.0,0.0,0.0,0.0,0.0,0.0,0.0,0.0,0.0,0.0,0.0,0.0,0.0,0.0,0.0,0.0,0.0,0.0,0.0,0.0,0.0,0.0,0.0
0.0,0.0,0.0,0.0,0.0,0.0,0.0,0.0,0.0,0.0,0.0,0.0,0.0,0.0,0.0,0.0,0.0,0.0,0.0,0.0,0.0,0.0,0.0,0.0,0.0,0.0,0.0,0.0,0.0,0.0,0.0,0.0,0.0,0.0,0.0,0.0
8.0,2.0,2.0,31.0,36.0,42.0,6.0,2.0,8.0,1.0,0.0,16.0,3.0,1.0,1.0,0.0,0.0,0.0,0.0,0.0,0.0,0.0,0.0,0.0,0.0,0.0,0.0,0.0,0.0,0.0,0.0,0.0,0.0,0.0,11.0,250.0
8.0,2.0,1.0,13.0,37.0,54.0,1.0,9.0,11.0,6.0,2.0,1.0,1.0,0.0,0.0,0.0,0.0,0.0,0.0,0.0,0.0,0.0,0.0,0.0,0.0,0.0,0.0,0.0,0.0,0.0,0.0,0.0,0.0,0.0,14.0,256.0
70.0,2.0,4.0,70.0,138.0,89.0,32.0,12.0,33.0,8.0,3.0,20.0,16.0,2.0,3.0,0.0,4.0,0.0,0.0,0.0,0.0,0.0,0.0,0.0,0.0,0.0,0.0,0.0,0.0,0.0,0.0,0.0,0.0,0.0,27.0,832.0
0.0,0.0,0.0,1.0,3.0,6.0,0.0,1.0,0.0,1.0,0.0,0.0,0.0,0.0,0.0,0.0,0.0,0.0,0.0,0.0,0.0,0.0,0.0,0.0,0.0,0.0,0.0,0.0,0.0,0.0,0.0,0.0,0.0,0.0,2.0,17.0
29.0,1.0,2.0,67.0,91.0,135.0,17.0,16.0,19.0,7.0,3.0,29.0,12.0,6.0,1.0,0.0,0.0,1.0,0.0,0.0,0.0,0.0,0.0,0.0,0.0,0.0,0.0,0.0,0.0,0.0,0.0,0.0,0.0,0.0,30.0,785.0
79.0,1.0,11.0,94.0,148.0,199.0,51.0,32.0,8.0,13.0,3.0,31.0,48.0,8.0,0.0,7.0,10.0,0.0,0.0,0.0,1.0,0.0,0.0,0.0,0.0,0.0,1.0,0.0,0.0,0.0,0.0,0.0,0.0,0.0,64.0,1394.0
26.0,5.0,2.0,46.0,55.0,100.0,15.0,7.0,12.0,5.0,1.0,20.0,5.0,4.0,0.0,0.0,0.0,0.0,0.0,0.0,1.0,0.0,0.0,0.0,0.0,0.0,0.0,0.0,0.0,0.0,0.0,0.0,0.0,0.0,20.0,535.0
0.0,0.0,0.0,0.0,0.0,0.0,0.0,0.0,0.0,0.0,0.0,0.0,0.0,0.0,0.0,0.0,0.0,0.0,0.0,0.0,0.0,0.0,0.0,0.0,0.0,0.0,0.0,0.0,0.0,0.0,0.0,0.0,0.0,0.0,0.0,0.0
0.0,0.0,0.0,0.0,0.0,0.0,0.0,0.0,0.0,0.0,0.0,0.0,0.0,0.0,0.0,0.0,0.0,0.0,0.0,0.0,0.0,0.0,0.0,0.0,0.0,0.0,0.0,0.0,0.0,0.0,0.0,0.0,0.0,0.0,0.0,0.0
128.0,9.0,20.0,127.0,241.0,231.0,28.0,64.0,42.0,9.0,6.0,40.0,33.0,16.0,3.0,4.0,9.0,0.0,0.0,1.0,1.0,0.0,0.0,1.0,0.0,0.0,2.0,0.0,0.0,0.0,0.0,0.0,0.0,0.0,122.0,1902.0
38.0,7.0,4.0,67.0,134.0,96.0,17.0,20.0,23.0,11.0,4.0,37.0,18.0,8.0,0.0,2.0,3.0,0.0,0.0,0.0,0.0,0.0,0.0,0.0,0.0,0.0,0.0,0.0,0.0,0.0,0.0,0.0,0.0,0.0,27.0,855.0
12.0,3.0,2.0,23.0,32.0,60.0,3.0,7.0,15.0,0.0,2.0,3.0,0.0,0.0,0.0,0.0,0.0,0.0,0.0,0.0,0.0,0.0,0.0,0.0,0.0,0.0,0.0,0.0,0.0,0.0,0.0,0.0,0.0,0.0,16.0,282.0
58.0,1.0,2.0,75.0,80.0,79.0,14.0,11.0,8.0,5.0,1.0,15.0,23.0,0.0,2.0,0.0,7.0,0.0,0.0,0.0,0.0,1.0,0.0,0.0,0.0,0.0,0.0,0.0,0.0,0.0,0.0,0.0,0.0,0.0,33.0,691.0
70.0,4.0,3.0,100.0,183.0,140.0,27.0,15.0,31.0,10.0,4.0,35.0,21.0,4.0,2.0,0.0,5.0,0.0,0.0,0.0,0.0,1.0,0.0,0.0,0.0,0.0,0.0,0.0,0.0,0.0,0.0,0.0,0.0,0.0,36.0,1069.0
39.0,7.0,5.0,61.0,86.0,103.0,20.0,10.0,16.0,8.0,1.0,21.0,15.0,2.0,1.0,3.0,3.0,0.0,0.0,0.0,1.0,0.0,0.0,0.0,0.0,0.0,0.0,0.0,0.0,0.0,0.0,0.0,0.0,0.0,24.0,704.0
66.0,6.0,6.0,83.0,59.0,136.0,25.0,15.0,7.0,4.0,0.0,17.0,34.0,3.0,2.0,0.0,5.0,0.0,0.0,0.0,1.0,0.0,0.0,0.0,0.0,0.0,0.0,0.0,1.0,0.0,0.0,0.0,0.0,0.0,30.0,862.0
3.0,0.0,2.0,3.0,15.0,8.0,0.0,0.0,0.0,3.0,0.0,0.0,0.0,0.0,0.0,0.0,0.0,0.0,0.0,0.0,0.0,0.0,0.0,0.0,0.0,0.0,0.0,0.0,0.0,0.0,0.0,0.0,0.0,0.0,6.0,54.0
31.0,0.0,3.0,33.0,62.0,70.0,12.0,6.0,16.0,1.0,0.0,14.0,4.0,0.0,0.0,0.0,7.0,0.0,1.0,0.0,0.0,0.0,0.0,0.0,0.0,0.0,0.0,0.0,0.0,0.0,0.0,0.0,0.0,0.0,18.0,456.0
0.0,0.0,0.0,0.0,0.0,0.0,0.0,0.0,0.0,0.0,0.0,0.0,0.0,0.0,0.0,0.0,0.0,0.0,0.0,0.0,0.0,0.0,0.0,0.0,0.0,0.0,0.0,0.0,0.0,0.0,0.0,0.0,0.0,0.0,0.0,0.0
26.0,1.0,3.0,20.0,51.0,35.0,12.0,6.0,10.0,1.0,1.0,6.0,1.0,1.0,0.0,0.0,0.0,0.0,0.0,0.0,0.0,0.0,0.0,0.0,0.0,0.0,0.0,0.0,0.0,0.0,0.0,0.0,0.0,0.0,12.0,280.0
0.0,0.0,0.0,0.0,0.0,0.0,0.0,0.0,0.0,0.0,0.0,0.0,0.0,0.0,0.0,0.0,0.0,0.0,0.0,0.0,0.0,0.0,0.0,0.0,0.0,0.0,0.0,0.0,0.0,0.0,0.0,0.0,0.0,0.0,0.0,0.0
27.0,0.0,1.0,23.0,95.0,48.0,8.0,11.0,21.0,1.0,2.0,6.0,4.0,0.0,0.0,2.0,1.0,0.0,0.0,0.0,1.0,0.0,0.0,0.0,0.0,0.0,0.0,0.0,0.0,0.0,0.0,0.0,0.0,0.0,17.0,424.0
87.0,8.0,14.0,139.0,167.0,239.0,37.0,36.0,14.0,23.0,2.0,52.0,44.0,3.0,2.0,4.0,1.0,0.0,0.0,0.0,1.0,3.0,0.0,0.0,0.0,0.0,2.0,0.0,0.0,1.0,0.0,0.0,0.0,0.0,87.0,1663.0
0.0,0.0,0.0,0.0,0.0,0.0,0.0,0.0,0.0,0.0,0.0,0.0,0.0,0.0,0.0,0.0,0.0,0.0,0.0,0.0,0.0,0.0,0.0,0.0,0.0,0.0,0.0,0.0,0.0,0.0,0.0,0.0,0.0,0.0,0.0,0.0
31.0,1.0,2.0,27.0,63.0,57.0,14.0,9.0,17.0,3.0,3.0,13.0,3.0,5.0,0.0,1.0,3.0,0.0,0.0,0.0,0.0,0.0,0.0,0.0,0.0,0.0,0.0,0.0,0.0,0.0,0.0,0.0,0.0,0.0,20.0,440.0
42.0,5.0,4.0,62.0,92.0,118.0,13.0,12.0,15.0,2.0,5.0,14.0,11.0,9.0,1.0,0.0,3.0,0.0,0.0,0.0,0.0,0.0,0.0,0.0,0.0,0.0,0.0,0.0,0.0,0.0,1.0,0.0,0.0,0.0,36.0,778.0
41.0,1.0,4.0,47.0,71.0,77.0,15.0,20.0,9.0,4.0,2.0,22.0,18.0,5.0,0.0,0.0,3.0,0.0,0.0,0.0,1.0,0.0,0.0,0.0,0.0,0.0,1.0,0.0,0.0,0.0,0.0,0.0,0.0,0.0,29.0,599.0
48.0,5.0,4.0,67.0,109.0,113.0,13.0,13.0,10.0,10.0,5.0,15.0,22.0,1.0,3.0,1.0,3.0,1.0,1.0,0.0,1.0,0.0,0.0,0.0,0.0,0.0,0.0,0.0,0.0,0.0,0.0,0.0,0.0,0.0,47.0,761.0
59.0,5.0,9.0,75.0,138.0,144.0,26.0,21.0,18.0,18.0,3.0,28.0,34.0,3.0,0.0,2.0,3.0,0.0,0.0,0.0,1.0,0.0,0.0,0.0,0.0,0.0,0.0,0.0,0.0,0.0,0.0,0.0,0.0,0.0,42.0,1088.0
36.0,2.0,1.0,52.0,112.0,87.0,15.0,13.0,18.0,9.0,3.0,20.0,12.0,2.0,0.0,1.0,5.0,0.0,0.0,0.0,0.0,0.0,0.0,0.0,0.0,0.0,0.0,0.0,0.0,0.0,0.0,0.0,0.0,0.0,24.0,647.0
43.0,3.0,5.0,76.0,56.0,111.0,18.0,9.0,4.0,4.0,1.0,11.0,26.0,2.0,2.0,1.0,8.0,0.0,1.0,0.0,0.0,1.0,0.0,0.0,0.0,0.0,0.0,0.0,0.0,0.0,0.0,0.0,0.0,0.0,30.0,660.0
28.0,2.0,9.0,47.0,89.0,93.0,18.0,12.0,5.0,13.0,3.0,20.0,15.0,0.0,1.0,0.0,1.0,1.0,0.0,0.0,0.0,1.0,0.0,0.0,0.0,0.0,0.0,0.0,0.0,0.0,0.0,0.0,0.0,0.0,22.0,599.0
14.0,3.0,1.0,12.0,36.0,36.0,1.0,11.0,8.0,0.0,6.0,0.0,2.0,0.0,0.0,1.0,0.0,0.0,0.0,0.0,0.0,0.0,0.0,0.0,0.0,0.0,0.0,0.0,0.0,0.0,0.0,0.0,0.0,0.0,14.0,222.0
26.0,2.0,2.0,41.0,56.0,57.0,6.0,4.0,8.0,8.0,0.0,20.0,8.0,1.0,1.0,0.0,2.0,0.0,0.0,0.0,0.0,0.0,0.0,0.0,0.0,0.0,0.0,0.0,0.0,0.0,0.0,0.0,0.0,0.0,14.0,418.0
51.0,2.0,5.0,83.0,109.0,105.0,18.0,7.0,15.0,11.0,2.0,26.0,13.0,1.0,2.0,0.0,3.0,0.0,0.0,0.0,1.0,0.0,0.0,0.0,0.0,0.0,0.0,0.0,0.0,0.0,0.0,0.0,0.0,0.0,23.0,757.0
55.0,2.0,5.0,69.0,78.0,103.0,19.0,24.0,11.0,11.0,2.0,21.0,22.0,6.0,0.0,1.0,1.0,0.0,2.0,0.0,3.0,3.0,0.0,0.0,0.0,0.0,0.0,0.0,0.0,0.0,0.0,0.0,0.0,0.0,36.0,865.0
38.0,7.0,4.0,53.0,97.0,115.0,14.0,21.0,9.0,5.0,1.0,24.0,27.0,6.0,0.0,3.0,1.0,0.0,1.0,0.0,1.0,0.0,0.0,0.0,0.0,0.0,0.0,0.0,0.0,0.0,0.0,0.0,0.0,0.0,36.0,815.0
32.0,5.0,2.0,41.0,86.0,107.0,24.0,17.0,4.0,8.0,2.0,12.0,21.0,0.0,0.0,0.0,1.0,0.0,0.0,0.0,0.0,0.0,0.0,0.0,0.0,0.0,0.0,0.0,0.0,0.0,0.0,0.0,0.0,0.0,32.0,660.0
63.0,7.0,7.0,55.0,170.0,117.0,14.0,20.0,23.0,8.0,4.0,33.0,25.0,4.0,0.0,2.0,5.0,0.0,0.0,0.0,0.0,0.0,0.0,0.0,0.0,0.0,1.0,0.0,0.0,0.0,0.0,0.0,0.0,0.0,30.0,965.0
30.0,1.0,4.0,20.0,77.0,39.0,16.0,7.0,14.0,1.0,0.0,5.0,3.0,0.0,0.0,0.0,0.0,0.0,0.0,0.0,0.0,0.0,0.0,0.0,0.0,0.0,0.0,0.0,0.0,0.0,0.0,0.0,0.0,0.0,17.0,344.0
0.0,0.0,0.0,0.0,0.0,0.0,0.0,0.0,0.0,0.0,0.0,0.0,0.0,0.0,0.0,0.0,0.0,0.0,0.0,0.0,0.0,0.0,0.0,0.0,0.0,0.0,0.0,0.0,0.0,0.0,0.0,0.0,0.0,0.0,0.0,0.0
44.0,2.0,4.0,53.0,113.0,101.0,23.0,9.0,19.0,4.0,2.0,33.0,13.0,4.0,0.0,3.0,3.0,0.0,0.0,0.0,0.0,0.0,0.0,0.0,0.0,0.0,0.0,0.0,0.0,0.0,0.0,0.0,0.0,0.0,22.0,729.0
0.0,0.0,0.0,0.0,0.0,0.0,0.0,0.0,0.0,0.0,0.0,0.0,0.0,0.0,0.0,0.0,0.0,0.0,0.0,0.0,0.0,0.0,0.0,0.0,0.0,0.0,0.0,0.0,0.0,0.0,0.0,0.0,0.0,0.0,0.0,0.0
61.0,2.0,4.0,67.0,111.0,132.0,10.0,19.0,3.0,5.0,0.0,24.0,24.0,3.0,2.0,1.0,4.0,0.0,0.0,0.0,0.0,0.0,0.0,0.0,0.0,0.0,0.0,0.0,0.0,0.0,0.0,0.0,0.0,0.0,44.0,925.0
42.0,1.0,4.0,41.0,97.0,79.0,20.0,16.0,29.0,8.0,5.0,12.0,14.0,0.0,1.0,1.0,2.0,0.0,0.0,0.0,1.0,0.0,0.0,0.0,1.0,0.0,0.0,0.0,0.0,0.0,0.0,0.0,0.0,0.0,27.0,646.0
36.0,5.0,8.0,64.0,166.0,126.0,25.0,9.0,25.0,15.0,3.0,18.0,19.0,3.0,2.0,1.0,1.0,0.0,0.0,0.0,0.0,0.0,0.0,0.0,0.0,0.0,0.0,0.0,0.0,0.0,0.0,0.0,0.0,0.0,29.0,869.0
38.0,6.0,6.0,63.0,43.0,97.0,16.0,19.0,4.0,5.0,0.0,14.0,14.0,1.0,2.0,0.0,2.0,0.0,1.0,0.0,1.0,0.0,0.0,0.0,1.0,0.0,0.0,0.0,0.0,0.0,0.0,0.0,0.0,0.0,25.0,605.0
74.0,10.0,16.0,107.0,124.0,149.0,20.0,20.0,7.0,8.0,2.0,31.0,21.0,2.0,4.0,1.0,6.0,0.0,0.0,0.0,2.0,0.0,0.0,0.0,0.0,0.0,0.0,0.0,0.0,0.0,0.0,0.0,0.0,0.0,46.0,1040.0
42.0,16.0,11.0,67.0,88.0,168.0,41.0,22.0,15.0,12.0,0.0,52.0,29.0,6.0,0.0,0.0,3.0,0.0,1.0,0.0,2.0,0.0,0.0,1.0,0.0,0.0,3.0,0.0,1.0,0.0,2.0,0.0,0.0,0.0,75.0,1247.0
60.0,3.0,3.0,55.0,63.0,109.0,11.0,13.0,6.0,7.0,2.0,18.0,15.0,0.0,1.0,2.0,4.0,0.0,0.0,0.0,2.0,0.0,0.0,0.0,0.0,0.0,2.0,0.0,0.0,0.0,1.0,0.0,0.0,0.0,26.0,637.0
58.0,3.0,5.0,45.0,93.0,58.0,17.0,10.0,14.0,4.0,3.0,14.0,11.0,1.0,1.0,1.0,7.0,0.0,0.0,1.0,0.0,1.0,0.0,0.0,0.0,0.0,1.0,0.0,0.0,0.0,0.0,0.0,0.0,0.0,26.0,547.0
36.0,2.0,5.0,58.0,59.0,107.0,16.0,18.0,9.0,1.0,1.0,23.0,25.0,2.0,0.0,4.0,3.0,0.0,0.0,0.0,0.0,0.0,0.0,0.0,0.0,0.0,0.0,0.0,0.0,0.0,0.0,0.0,0.0,0.0,31.0,665.0
4.0,1.0,3.0,13.0,24.0,19.0,0.0,5.0,3.0,2.0,0.0,0.0,0.0,0.0,0.0,0.0,0.0,0.0,0.0,0.0,0.0,0.0,0.0,0.0,0.0,0.0,0.0,0.0,0.0,0.0,0.0,0.0,0.0,0.0,12.0,123.0
37.0,5.0,1.0,45.0,62.0,111.0,18.0,16.0,4.0,9.0,0.0,33.0,26.0,3.0,0.0,0.0,1.0,0.0,2.0,0.0,1.0,0.0,0.0,0.0,0.0,0.0,0.0,0.0,0.0,0.0,0.0,0.0,0.0,0.0,33.0,724.0
61.0,5.0,10.0,56.0,192.0,160.0,37.0,19.0,37.0,11.0,4.0,34.0,17.0,7.0,0.0,0.0,2.0,1.0,0.0,0.0,0.0,0.0,0.0,0.0,0.0,0.0,0.0,0.0,0.0,0.0,0.0,0.0,0.0,0.0,37.0,1133.0
8.0,0.0,5.0,25.0,52.0,20.0,0.0,10.0,5.0,0.0,0.0,0.0,0.0,0.0,0.0,0.0,0.0,0.0,0.0,0.0,0.0,0.0,0.0,0.0,0.0,0.0,0.0,0.0,0.0,0.0,0.0,0.0,0.0,0.0,20.0,210.0
33.0,1.0,4.0,29.0,80.0,60.0,9.0,15.0,12.0,2.0,2.0,11.0,6.0,0.0,2.0,2.0,1.0,0.0,0.0,0.0,0.0,0.0,0.0,0.0,0.0,0.0,0.0,0.0,0.0,0.0,0.0,0.0,0.0,0.0,14.0,450.0
35.0,0.0,2.0,47.0,58.0,73.0,20.0,13.0,13.0,3.0,1.0,12.0,13.0,1.0,2.0,0.0,2.0,0.0,0.0,0.0,0.0,0.0,0.0,0.0,0.0,0.0,1.0,0.0,0.0,0.0,0.0,0.0,0.0,0.0,18.0,513.0
32.0,2.0,6.0,39.0,93.0,110.0,18.0,11.0,10.0,18.0,1.0,30.0,17.0,2.0,1.0,0.0,1.0,0.0,1.0,0.0,0.0,0.0,0.0,0.0,0.0,0.0,0.0,0.0,0.0,0.0,0.0,0.0,0.0,0.0,34.0,752.0
62.0,6.0,6.0,69.0,90.0,96.0,27.0,24.0,6.0,15.0,0.0,24.0,31.0,1.0,1.0,0.0,3.0,0.0,0.0,0.0,3.0,0.0,0.0,0.0,0.0,0.0,0.0,0.0,0.0,0.0,0.0,0.0,0.0,0.0,35.0,799.0
2.0,0.0,0.0,2.0,3.0,6.0,0.0,1.0,0.0,1.0,0.0,0.0,0.0,0.0,0.0,0.0,0.0,0.0,0.0,0.0,0.0,0.0,0.0,0.0,0.0,0.0,0.0,0.0,0.0,0.0,0.0,0.0,0.0,0.0,2.0,23.0
0.0,0.0,0.0,0.0,0.0,0.0,0.0,0.0,0.0,0.0,0.0,0.0,0.0,0.0,0.0,0.0,0.0,0.0,0.0,0.0,0.0,0.0,0.0,0.0,0.0,0.0,0.0,0.0,0.0,0.0,0.0,0.0,0.0,0.0,0.0,0.0
12.0,2.0,1.0,6.0,12.0,15.0,2.0,4.0,5.0,0.0,0.0,5.0,6.0,0.0,0.0,0.0,0.0,0.0,0.0,0.0,0.0,0.0,0.0,0.0,0.0,0.0,0.0,0.0,0.0,0.0,0.0,0.0,0.0,0.0,8.0,114.0
71.0,6.0,6.0,110.0,114.0,161.0,24.0,7.0,10.0,8.0,0.0,34.0,26.0,1.0,2.0,2.0,5.0,0.0,0.0,0.0,0.0,0.0,0.0,0.0,0.0,0.0,1.0,0.0,0.0,0.0,0.0,0.0,0.0,0.0,50.0,996.0
47.0,2.0,6.0,89.0,117.0,97.0,18.0,10.0,11.0,3.0,1.0,26.0,35.0,3.0,2.0,4.0,9.0,0.0,0.0,1.0,2.0,3.0,0.0,0.0,0.0,0.0,1.0,0.0,0.0,0.0,0.0,0.0,0.0,0.0,42.0,843.0
22.0,0.0,4.0,23.0,25.0,47.0,6.0,9.0,11.0,1.0,2.0,2.0,3.0,0.0,0.0,2.0,1.0,0.0,0.0,0.0,0.0,0.0,0.0,0.0,0.0,0.0,0.0,0.0,0.0,0.0,0.0,0.0,0.0,0.0,17.0,272.0
0.0,0.0,0.0,0.0,0.0,0.0,0.0,0.0,0.0,0.0,0.0,0.0,0.0,0.0,0.0,0.0,0.0,0.0,0.0,0.0,0.0,0.0,0.0,0.0,0.0,0.0,0.0,0.0,0.0,0.0,0.0,0.0,0.0,0.0,0.0,0.0
48.0,5.0,4.0,72.0,121.0,126.0,13.0,12.0,10.0,5.0,0.0,46.0,35.0,10.0,1.0,2.0,3.0,0.0,0.0,0.0,0.0,1.0,0.0,0.0,0.0,0.0,2.0,0.0,0.0,0.0,1.0,0.0,0.0,0.0,52.0,1060.0
59.0,3.0,9.0,66.0,101.0,78.0,21.0,15.0,7.0,3.0,0.0,14.0,18.0,5.0,0.0,1.0,1.0,0.0,0.0,0.0,0.0,0.0,0.0,0.0,0.0,0.0,0.0,0.0,0.0,0.0,0.0,0.0,0.0,0.0,32.0,657.0
0.0,0.0,0.0,0.0,0.0,0.0,0.0,0.0,0.0,0.0,0.0,0.0,0.0,0.0,0.0,0.0,0.0,0.0,0.0,0.0,0.0,0.0,0.0,0.0,0.0,0.0,0.0,0.0,0.0,0.0,0.0,0.0,0.0,0.0,0.0,0.0
27.0,2.0,3.0,35.0,107.0,71.0,10.0,11.0,12.0,8.0,2.0,16.0,15.0,1.0,1.0,0.0,4.0,0.0,0.0,0.0,0.0,0.0,0.0,0.0,0.0,0.0,0.0,0.0,0.0,0.0,0.0,0.0,0.0,0.0,21.0,550.0
0.0,0.0,0.0,0.0,0.0,0.0,0.0,0.0,0.0,0.0,0.0,0.0,0.0,0.0,0.0,0.0,0.0,0.0,0.0,0.0,0.0,0.0,0.0,0.0,0.0,0.0,0.0,0.0,0.0,0.0,0.0,0.0,0.0,0.0,0.0,0.0
63.0,2.0,5.0,47.0,141.0,98.0,38.0,11.0,21.0,12.0,3.0,21.0,13.0,0.0,0.0,0.0,0.0,0.0,1.0,0.0,0.0,0.0,0.0,0.0,0.0,0.0,0.0,0.0,0.0,0.0,0.0,0.0,0.0,0.0,24.0,787.0
27.0,4.0,2.0,32.0,59.0,52.0,14.0,5.0,16.0,3.0,2.0,11.0,16.0,2.0,0.0,0.0,0.0,0.0,0.0,0.0,0.0,0.0,0.0,0.0,0.0,0.0,0.0,0.0,0.0,0.0,0.0,0.0,0.0,0.0,14.0,421.0
35.0,1.0,2.0,44.0,80.0,115.0,26.0,16.0,15.0,4.0,0.0,15.0,10.0,2.0,1.0,0.0,2.0,0.0,0.0,0.0,0.0,0.0,0.0,0.0,0.0,0.0,0.0,0.0,0.0,0.0,0.0,0.0,0.0,0.0,27.0,615.0
37.0,0.0,10.0,56.0,61.0,111.0,21.0,14.0,9.0,13.0,0.0,11.0,17.0,3.0,1.0,4.0,11.0,0.0,0.0,0.0,0.0,0.0,0.0,0.0,0.0,0.0,1.0,0.0,0.0,0.0,0.0,1.0,0.0,0.0,44.0,740.0
13.0,0.0,3.0,16.0,33.0,36.0,3.0,11.0,5.0,4.0,4.0,0.0,0.0,0.0,0.0,1.0,0.0,0.0,0.0,0.0,0.0,0.0,0.0,0.0,0.0,0.0,0.0,0.0,0.0,0.0,0.0,0.0,0.0,0.0,13.0,225.0
33.0,2.0,2.0,24.0,45.0,49.0,13.0,4.0,26.0,0.0,3.0,0.0,2.0,0.0,0.0,2.0,11.0,0.0,0.0,0.0,0.0,0.0,0.0,0.0,0.0,0.0,0.0,0.0,0.0,0.0,0.0,0.0,0.0,0.0,16.0,338.0
0.0,0.0,0.0,0.0,0.0,0.0,0.0,0.0,0.0,0.0,0.0,0.0,0.0,0.0,0.0,0.0,0.0,0.0,0.0,0.0,0.0,0.0,0.0,0.0,0.0,0.0,0.0,0.0,0.0,0.0,0.0,0.0,0.0,0.0,0.0,0.0
28.0,5.0,5.0,43.0,69.0,78.0,7.0,10.0,9.0,7.0,0.0,13.0,14.0,3.0,0.0,0.0,1.0,0.0,0.0,0.0,0.0,0.0,0.0,0.0,0.0,0.0,0.0,0.0,0.0,0.0,0.0,0.0,0.0,0.0,26.0,497.0
80.0,26.0,9.0,163.0,231.0,273.0,57.0,22.0,20.0,19.0,2.0,84.0,71.0,15.0,8.0,2.0,6.0,0.0,0.0,0.0,3.0,1.0,0.0,0.0,0.0,0.0,0.0,0.0,0.0,0.0,2.0,0.0,0.0,0.0,101.0,2173.0
41.0,4.0,4.0,50.0,126.0,107.0,22.0,19.0,17.0,5.0,0.0,19.0,17.0,1.0,0.0,1.0,0.0,0.0,0.0,0.0,0.0,0.0,0.0,0.0,0.0,0.0,0.0,0.0,0.0,0.0,0.0,0.0,0.0,0.0,35.0,772.0
39.0,4.0,2.0,32.0,81.0,73.0,13.0,14.0,5.0,8.0,5.0,16.0,16.0,5.0,0.0,1.0,4.0,0.0,0.0,0.0,0.0,0.0,0.0,0.0,0.0,0.0,0.0,0.0,0.0,0.0,0.0,0.0,0.0,0.0,23.0,551.0
41.0,0.0,2.0,72.0,140.0,147.0,33.0,17.0,20.0,7.0,4.0,30.0,17.0,2.0,1.0,2.0,2.0,0.0,0.0,0.0,0.0,0.0,0.0,0.0,0.0,0.0,0.0,0.0,0.0,0.0,0.0,0.0,0.0,0.0,28.0,988.0
1.0,3.0,3.0,0.0,15.0,6.0,0.0,0.0,0.0,0.0,2.0,0.0,0.0,0.0,0.0,0.0,0.0,0.0,0.0,0.0,0.0,0.0,0.0,0.0,0.0,0.0,0.0,0.0,0.0,0.0,0.0,0.0,0.0,0.0,6.0,45.0
0.0,0.0,0.0,0.0,0.0,0.0,0.0,0.0,0.0,0.0,0.0,0.0,0.0,0.0,0.0,0.0,0.0,0.0,0.0,0.0,0.0,0.0,0.0,0.0,0.0,0.0,0.0,0.0,0.0,0.0,0.0,0.0,0.0,0.0,0.0,0.0
52.0,7.0,4.0,100.0,109.0,172.0,24.0,16.0,17.0,9.0,3.0,39.0,23.0,2.0,2.0,0.0,1.0,0.0,0.0,0.0,0.0,1.0,0.0,0.0,0.0,0.0,0.0,0.0,0.0,0.0,0.0,0.0,0.0,0.0,32.0,970.0
39.0,2.0,6.0,80.0,166.0,147.0,26.0,12.0,24.0,5.0,4.0,23.0,20.0,5.0,1.0,0.0,1.0,0.0,0.0,0.0,0.0,0.0,0.0,0.0,0.0,0.0,0.0,0.0,0.0,0.0,0.0,0.0,0.0,0.0,35.0,931.0
0.0,0.0,0.0,0.0,0.0,0.0,0.0,0.0,0.0,0.0,0.0,0.0,0.0,0.0,0.0,0.0,0.0,0.0,0.0,0.0,0.0,0.0,0.0,0.0,0.0,0.0,0.0,0.0,0.0,0.0,0.0,0.0,0.0,0.0,0.0,0.0
56.0,2.0,2.0,43.0,98.0,90.0,21.0,13.0,17.0,4.0,1.0,25.0,16.0,7.0,0.0,0.0,0.0,0.0,0.0,0.0,0.0,0.0,0.0,0.0,0.0,0.0,0.0,0.0,0.0,0.0,0.0,0.0,0.0,0.0,25.0,687.0
34.0,1.0,5.0,70.0,116.0,120.0,14.0,16.0,4.0,11.0,1.0,8.0,14.0,0.0,0.0,4.0,5.0,0.0,0.0,0.0,2.0,0.0,0.0,0.0,0.0,0.0,0.0,0.0,0.0,0.0,0.0,0.0,0.0,0.0,34.0,733.0
39.0,1.0,0.0,62.0,71.0,97.0,10.0,22.0,14.0,3.0,0.0,26.0,12.0,8.0,1.0,0.0,3.0,0.0,0.0,0.0,0.0,0.0,0.0,0.0,0.0,0.0,0.0,0.0,0.0,0.0,0.0,0.0,0.0,0.0,21.0,659.0
0.0,0.0,0.0,0.0,0.0,0.0,0.0,0.0,0.0,0.0,0.0,0.0,0.0,0.0,0.0,0.0,0.0,0.0,0.0,0.0,0.0,0.0,0.0,0.0,0.0,0.0,0.0,0.0,0.0,0.0,0.0,0.0,0.0,0.0,0.0,0.0
53.0,7.0,13.0,85.0,104.0,103.0,14.0,18.0,14.0,7.0,4.0,19.0,28.0,1.0,1.0,3.0,7.0,0.0,1.0,0.0,1.0,0.0,0.0,0.0,0.0,0.0,0.0,0.0,0.0,0.0,0.0,0.0,0.0,0.0,43.0,818.0
36.0,1.0,2.0,58.0,100.0,109.0,15.0,24.0,16.0,4.0,0.0,19.0,22.0,4.0,1.0,1.0,4.0,0.0,0.0,0.0,2.0,0.0,0.0,0.0,0.0,0.0,1.0,0.0,0.0,0.0,0.0,0.0,0.0,0.0,38.0,769.0
38.0,1.0,6.0,39.0,75.0,73.0,12.0,9.0,18.0,4.0,1.0,20.0,7.0,4.0,0.0,0.0,1.0,0.0,0.0,0.0,0.0,0.0,0.0,0.0,0.0,0.0,0.0,0.0,0.0,0.0,0.0,0.0,0.0,0.0,17.0,523.0
45.0,4.0,4.0,65.0,91.0,112.0,12.0,18.0,9.0,7.0,5.0,20.0,17.0,3.0,2.0,3.0,6.0,0.0,0.0,0.0,2.0,0.0,1.0,0.0,0.0,0.0,0.0,0.0,0.0,0.0,0.0,0.0,0.0,0.0,36.0,761.0
0.0,0.0,0.0,0.0,0.0,0.0,0.0,0.0,0.0,0.0,0.0,0.0,0.0,0.0,0.0,0.0,0.0,0.0,0.0,0.0,0.0,0.0,0.0,0.0,0.0,0.0,0.0,0.0,0.0,0.0,0.0,0.0,0.0,0.0,0.0,0.0
25.0,0.0,6.0,50.0,62.0,73.0,10.0,1.0,24.0,5.0,4.0,5.0,7.0,0.0,0.0,2.0,1.0,0.0,0.0,0.0,0.0,0.0,0.0,0.0,0.0,0.0,0.0,0.0,0.0,0.0,0.0,0.0,0.0,0.0,25.0,483.0
13.0,1.0,8.0,14.0,40.0,47.0,1.0,10.0,8.0,1.0,2.0,0.0,1.0,0.0,0.0,1.0,0.0,0.0,0.0,0.0,0.0,0.0,0.0,0.0,0.0,0.0,0.0,0.0,0.0,0.0,0.0,0.0,0.0,0.0,19.0,253.0
0.0,0.0,0.0,0.0,0.0,0.0,0.0,0.0,0.0,0.0,0.0,0.0,0.0,0.0,0.0,0.0,0.0,0.0,0.0,0.0,0.0,0.0,0.0,0.0,0.0,0.0,0.0,0.0,0.0,0.0,0.0,0.0,0.0,0.0,0.0,0.0
79.0,22.0,11.0,102.0,117.0,201.0,30.0,36.0,32.0,5.0,4.0,55.0,46.0,9.0,9.0,0.0,1.0,0.0,1.0,0.0,1.0,4.0,0.0,0.0,0.0,0.0,5.0,0.0,0.0,0.0,0.0,0.0,0.0,0.0,94.0,1587.0
10.0,0.0,2.0,18.0,34.0,28.0,0.0,3.0,13.0,3.0,1.0,0.0,0.0,0.0,0.0,0.0,0.0,0.0,0.0,0.0,0.0,0.0,0.0,0.0,0.0,0.0,0.0,0.0,0.0,0.0,0.0,0.0,0.0,0.0,13.0,175.0
41.0,1.0,6.0,61.0,68.0,114.0,15.0,15.0,22.0,8.0,2.0,19.0,24.0,4.0,0.0,1.0,2.0,0.0,0.0,0.0,0.0,0.0,0.0,0.0,0.0,0.0,0.0,0.0,0.0,0.0,0.0,0.0,0.0,0.0,24.0,665.0
36.0,1.0,5.0,35.0,122.0,71.0,16.0,9.0,21.0,7.0,3.0,16.0,7.0,6.0,0.0,1.0,2.0,0.0,0.0,0.0,0.0,0.0,0.0,0.0,0.0,0.0,0.0,0.0,0.0,0.0,0.0,0.0,0.0,0.0,20.0,587.0
51.0,3.0,4.0,66.0,80.0,120.0,18.0,15.0,16.0,8.0,2.0,20.0,16.0,2.0,5.0,1.0,0.0,0.0,1.0,0.0,0.0,1.0,0.0,0.0,0.0,0.0,0.0,0.0,0.0,0.0,0.0,0.0,0.0,0.0,27.0,743.0
5.0,2.0,0.0,8.0,19.0,14.0,4.0,6.0,0.0,0.0,0.0,0.0,0.0,0.0,0.0,0.0,2.0,0.0,0.0,0.0,2.0,0.0,0.0,0.0,0.0,0.0,0.0,0.0,0.0,0.0,0.0,0.0,0.0,0.0,6.0,98.0
117.0,10.0,5.0,140.0,164.0,254.0,25.0,34.0,11.0,17.0,0.0,52.0,28.0,1.0,1.0,3.0,5.0,0.0,0.0,0.0,0.0,0.0,0.0,0.0,0.0,0.0,0.0,0.0,0.0,0.0,0.0,0.0,0.0,0.0,66.0,1565.0
44.0,3.0,6.0,61.0,102.0,143.0,12.0,23.0,29.0,4.0,1.0,15.0,19.0,3.0,0.0,4.0,3.0,0.0,0.0,0.0,1.0,0.0,0.0,0.0,0.0,0.0,0.0,0.0,0.0,0.0,0.0,0.0,0.0,0.0,50.0,821.0
30.0,0.0,1.0,44.0,76.0,101.0,15.0,12.0,23.0,7.0,4.0,11.0,10.0,2.0,0.0,1.0,4.0,0.0,0.0,0.0,1.0,0.0,0.0,0.0,0.0,0.0,0.0,0.0,0.0,0.0,0.0,0.0,0.0,0.0,20.0,592.0
46.0,2.0,6.0,55.0,147.0,92.0,16.0,14.0,23.0,4.0,2.0,20.0,23.0,2.0,0.0,0.0,2.0,0.0,0.0,0.0,0.0,0.0,0.0,0.0,0.0,0.0,0.0,0.0,0.0,0.0,0.0,0.0,0.0,0.0,27.0,778.0
0.0,0.0,0.0,0.0,0.0,0.0,0.0,0.0,0.0,0.0,0.0,0.0,0.0,0.0,0.0,0.0,0.0,0.0,0.0,0.0,0.0,0.0,0.0,0.0,0.0,0.0,0.0,0.0,0.0,0.0,0.0,0.0,0.0,0.0,0.0,0.0
62.0,16.0,5.0,62.0,27.0,83.0,10.0,16.0,6.0,4.0,8.0,24.0,18.0,1.0,1.0,0.0,8.0,0.0,1.0,0.0,5.0,0.0,0.0,1.0,0.0,0.0,2.0,0.0,0.0,0.0,0.0,0.0,0.0,0.0,40.0,647.0
0.0,0.0,0.0,0.0,0.0,0.0,0.0,0.0,0.0,0.0,0.0,0.0,0.0,0.0,0.0,0.0,0.0,0.0,0.0,0.0,0.0,0.0,0.0,0.0,0.0,0.0,0.0,0.0,0.0,0.0,0.0,0.0,0.0,0.0,0.0,0.0
27.0,0.0,7.0,25.0,70.0,45.0,6.0,8.0,22.0,3.0,1.0,3.0,2.0,0.0,0.0,1.0,2.0,0.0,0.0,0.0,0.0,0.0,0.0,0.0,0.0,0.0,0.0,0.0,0.0,0.0,0.0,0.0,0.0,0.0,22.0,359.0
28.0,2.0,3.0,37.0,69.0,93.0,5.0,10.0,2.0,3.0,1.0,23.0,15.0,2.0,3.0,2.0,3.0,0.0,0.0,0.0,1.0,0.0,0.0,0.0,0.0,0.0,0.0,0.0,0.0,0.0,0.0,0.0,0.0,0.0,35.0,573.0
44.0,3.0,0.0,29.0,71.0,53.0,11.0,7.0,20.0,2.0,1.0,7.0,8.0,0.0,0.0,1.0,1.0,0.0,0.0,0.0,0.0,0.0,0.0,0.0,0.0,0.0,0.0,0.0,0.0,0.0,0.0,0.0,0.0,0.0,14.0,440.0
29.0,3.0,2.0,40.0,96.0,67.0,19.0,8.0,14.0,5.0,4.0,29.0,8.0,0.0,1.0,1.0,2.0,0.0,0.0,0.0,3.0,0.0,0.0,0.0,0.0,0.0,0.0,0.0,0.0,0.0,0.0,0.0,0.0,0.0,17.0,576.0
0.0,0.0,0.0,0.0,0.0,0.0,0.0,0.0,0.0,0.0,0.0,0.0,0.0,0.0,0.0,0.0,0.0,0.0,0.0,0.0,0.0,0.0,0.0,0.0,0.0,0.0,0.0,0.0,0.0,0.0,0.0,0.0,0.0,0.0,0.0,0.0
3.0,0.0,0.0,7.0,6.0,17.0,2.0,2.0,0.0,0.0,0.0,0.0,0.0,0.0,0.0,0.0,0.0,0.0,0.0,0.0,0.0,0.0,0.0,0.0,0.0,0.0,0.0,0.0,0.0,0.0,0.0,0.0,0.0,0.0,6.0,62.0
77.0,5.0,10.0,69.0,185.0,142.0,15.0,22.0,40.0,14.0,5.0,26.0,18.0,5.0,0.0,1.0,1.0,0.0,0.0,0.0,0.0,0.0,0.0,0.0,0.0,0.0,0.0,0.0,0.0,0.0,0.0,0.0,0.0,0.0,34.0,1091.0
48.0,4.0,3.0,55.0,131.0,118.0,35.0,8.0,26.0,7.0,0.0,18.0,14.0,6.0,1.0,1.0,1.0,0.0,0.0,0.0,0.0,0.0,0.0,0.0,0.0,0.0,0.0,0.0,0.0,0.0,0.0,0.0,0.0,0.0,25.0,783.0
4.0,2.0,3.0,2.0,20.0,30.0,0.0,6.0,4.0,1.0,4.0,0.0,0.0,0.0,0.0,0.0,0.0,0.0,0.0,0.0,0.0,0.0,0.0,0.0,0.0,0.0,0.0,0.0,0.0,0.0,0.0,0.0,0.0,0.0,16.0,130.0
41.0,13.0,8.0,96.0,144.0,147.0,25.0,17.0,18.0,9.0,1.0,24.0,26.0,2.0,0.0,0.0,5.0,1.0,0.0,0.0,1.0,0.0,0.0,0.0,0.0,0.0,0.0,0.0,0.0,0.0,0.0,0.0,0.0,0.0,57.0,1094.0
41.0,2.0,4.0,46.0,157.0,109.0,18.0,18.0,25.0,11.0,4.0,34.0,13.0,8.0,1.0,3.0,1.0,0.0,1.0,0.0,0.0,2.0,0.0,0.0,0.0,0.0,0.0,0.0,0.0,0.0,0.0,0.0,0.0,0.0,29.0,879.0
0.0,0.0,0.0,0.0,0.0,0.0,0.0,0.0,0.0,0.0,0.0,0.0,0.0,0.0,0.0,0.0,0.0,0.0,0.0,0.0,0.0,0.0,0.0,0.0,0.0,0.0,0.0,0.0,0.0,0.0,0.0,0.0,0.0,0.0,0.0,0.0
67.0,4.0,7.0,63.0,45.0,130.0,10.0,17.0,4.0,6.0,0.0,41.0,25.0,0.0,6.0,0.0,5.0,0.0,0.0,0.0,0.0,0.0,0.0,0.0,0.0,0.0,1.0,0.0,0.0,0.0,0.0,0.0,0.0,0.0,37.0,778.0
53.0,10.0,7.0,44.0,48.0,82.0,12.0,8.0,20.0,4.0,4.0,21.0,11.0,2.0,1.0,0.0,3.0,0.0,0.0,0.0,1.0,1.0,0.0,0.0,0.0,0.0,0.0,0.0,0.0,0.0,0.0,0.0,0.0,0.0,28.0,563.0
32.0,0.0,9.0,20.0,49.0,46.0,13.0,8.0,16.0,0.0,0.0,3.0,0.0,0.0,0.0,0.0,5.0,0.0,0.0,0.0,0.0,0.0,0.0,0.0,0.0,0.0,0.0,0.0,0.0,0.0,0.0,0.0,0.0,0.0,15.0,291.0
44.0,7.0,1.0,55.0,62.0,81.0,13.0,5.0,9.0,5.0,0.0,16.0,11.0,0.0,1.0,0.0,4.0,0.0,0.0,0.0,0.0,0.0,0.0,0.0,0.0,0.0,0.0,0.0,0.0,0.0,0.0,0.0,0.0,0.0,26.0,545.0
51.0,5.0,3.0,68.0,79.0,92.0,27.0,11.0,15.0,6.0,2.0,24.0,17.0,5.0,1.0,1.0,3.0,0.0,0.0,0.0,0.0,0.0,0.0,0.0,0.0,0.0,0.0,0.0,0.0,0.0,0.0,0.0,0.0,0.0,23.0,701.0
93.0,6.0,11.0,150.0,203.0,238.0,28.0,28.0,16.0,14.0,3.0,34.0,32.0,7.0,1.0,3.0,5.0,0.0,0.0,0.0,3.0,0.0,0.0,0.0,0.0,0.0,0.0,0.0,0.0,0.0,0.0,0.0,0.0,0.0,67.0,1495.0
39.0,1.0,4.0,40.0,89.0,68.0,18.0,9.0,16.0,4.0,5.0,12.0,13.0,4.0,0.0,0.0,5.0,0.0,0.0,0.0,1.0,0.0,0.0,0.0,0.0,0.0,0.0,0.0,0.0,0.0,0.0,0.0,0.0,0.0,17.0,591.0
80.0,11.0,9.0,94.0,92.0,129.0,15.0,20.0,16.0,7.0,0.0,21.0,26.0,0.0,1.0,0.0,9.0,0.0,0.0,0.0,1.0,0.0,0.0,0.0,0.0,0.0,0.0,0.0,0.0,0.0,0.0,0.0,0.0,0.0,52.0,942.0
171.0,27.0,11.0,217.0,214.0,362.0,39.0,39.0,55.0,24.0,11.0,31.0,61.0,2.0,3.0,3.0,14.0,0.0,0.0,0.0,1.0,0.0,0.0,0.0,1.0,0.0,0.0,0.0,0.0,0.0,0.0,0.0,0.0,0.0,125.0,2165.0
59.0,4.0,5.0,61.0,62.0,71.0,25.0,20.0,7.0,5.0,2.0,21.0,14.0,3.0,0.0,1.0,0.0,0.0,0.0,0.0,0.0,0.0,0.0,0.0,0.0,0.0,1.0,0.0,0.0,0.0,0.0,0.0,0.0,0.0,30.0,669.0
27.0,0.0,7.0,35.0,68.0,76.0,12.0,12.0,18.0,1.0,1.0,5.0,7.0,0.0,0.0,2.0,4.0,0.0,0.0,0.0,0.0,0.0,0.0,0.0,0.0,0.0,0.0,0.0,0.0,0.0,0.0,0.0,0.0,0.0,22.0,447.0
51.0,1.0,6.0,51.0,126.0,98.0,20.0,19.0,20.0,6.0,6.0,12.0,13.0,5.0,2.0,2.0,0.0,0.0,0.0,0.0,0.0,0.0,0.0,0.0,0.0,0.0,0.0,0.0,0.0,0.0,0.0,0.0,0.0,0.0,24.0,763.0
95.0,8.0,6.0,156.0,134.0,216.0,37.0,30.0,35.0,8.0,4.0,30.0,22.0,2.0,4.0,3.0,3.0,0.0,1.0,0.0,1.0,0.0,0.0,0.0,0.0,0.0,1.0,0.0,0.0,0.0,0.0,0.0,0.0,0.0,42.0,1390.0
68.0,7.0,10.0,113.0,71.0,155.0,21.0,25.0,3.0,4.0,0.0,21.0,29.0,3.0,4.0,1.0,3.0,0.0,0.0,0.0,1.0,1.0,0.0,0.0,0.0,0.0,3.0,0.0,0.0,0.0,0.0,0.0,0.0,0.0,34.0,947.0
68.0,1.0,12.0,122.0,157.0,202.0,26.0,29.0,28.0,9.0,2.0,26.0,30.0,3.0,1.0,2.0,8.0,0.0,0.0,0.0,2.0,0.0,1.0,0.0,0.0,0.0,0.0,0.0,0.0,0.0,0.0,0.0,0.0,0.0,62.0,1199.0
21.0,3.0,5.0,27.0,96.0,96.0,20.0,12.0,7.0,12.0,1.0,22.0,14.0,4.0,2.0,3.0,2.0,0.0,0.0,0.0,0.0,0.0,0.0,0.0,0.0,0.0,0.0,0.0,0.0,0.0,0.0,0.0,0.0,0.0,26.0,624.0
23.0,1.0,8.0,20.0,28.0,42.0,3.0,10.0,13.0,1.0,2.0,5.0,6.0,0.0,0.0,4.0,0.0,0.0,0.0,0.0,0.0,0.0,0.0,0.0,0.0,0.0,0.0,0.0,0.0,0.0,0.0,0.0,0.0,0.0,19.0,267.0
38.0,2.0,4.0,50.0,131.0,70.0,15.0,17.0,26.0,3.0,2.0,17.0,21.0,3.0,1.0,0.0,4.0,0.0,0.0,0.0,0.0,0.0,0.0,0.0,0.0,0.0,0.0,0.0,0.0,0.0,0.0,0.0,0.0,0.0,23.0,682.0
30.0,4.0,5.0,39.0,110.0,101.0,26.0,10.0,13.0,4.0,2.0,23.0,12.0,2.0,1.0,1.0,6.0,0.0,0.0,0.0,0.0,0.0,0.0,0.0,0.0,0.0,0.0,0.0,0.0,0.0,0.0,0.0,0.0,0.0,18.0,669.0
46.0,12.0,8.0,82.0,72.0,145.0,18.0,19.0,11.0,10.0,0.0,18.0,29.0,5.0,2.0,0.0,1.0,0.0,0.0,0.0,0.0,1.0,0.0,0.0,0.0,0.0,0.0,0.0,0.0,0.0,1.0,0.0,0.0,0.0,43.0,892.0
31.0,0.0,2.0,22.0,59.0,48.0,17.0,18.0,15.0,0.0,1.0,4.0,7.0,1.0,0.0,2.0,1.0,0.0,0.0,0.0,0.0,0.0,0.0,0.0,0.0,0.0,0.0,0.0,0.0,0.0,0.0,0.0,0.0,0.0,18.0,393.0
29.0,1.0,2.0,36.0,123.0,90.0,10.0,11.0,24.0,0.0,2.0,17.0,11.0,4.0,1.0,0.0,4.0,0.0,0.0,0.0,1.0,1.0,0.0,0.0,0.0,0.0,0.0,0.0,0.0,0.0,0.0,0.0,0.0,0.0,24.0,607.0
11.0,2.0,0.0,15.0,31.0,10.0,0.0,7.0,3.0,1.0,3.0,0.0,0.0,0.0,0.0,3.0,0.0,0.0,0.0,0.0,0.0,0.0,0.0,0.0,0.0,0.0,0.0,0.0,0.0,0.0,0.0,0.0,0.0,0.0,9.0,147.0
56.0,11.0,3.0,92.0,135.0,167.0,27.0,27.0,15.0,13.0,5.0,27.0,43.0,1.0,5.0,0.0,1.0,0.0,0.0,0.0,3.0,0.0,0.0,0.0,0.0,0.0,5.0,0.0,0.0,0.0,0.0,0.0,0.0,0.0,84.0,1295.0
28.0,3.0,5.0,49.0,101.0,88.0,7.0,16.0,8.0,12.0,3.0,23.0,14.0,3.0,0.0,0.0,2.0,0.0,1.0,0.0,0.0,0.0,0.0,0.0,0.0,0.0,0.0,0.0,0.0,0.0,0.0,0.0,0.0,0.0,34.0,656.0
57.0,6.0,9.0,141.0,169.0,253.0,25.0,29.0,8.0,21.0,3.0,38.0,50.0,2.0,5.0,5.0,6.0,0.0,0.0,0.0,0.0,0.0,0.0,0.0,0.0,0.0,1.0,0.0,0.0,0.0,0.0,0.0,0.0,0.0,58.0,1418.0
47.0,6.0,3.0,56.0,87.0,86.0,23.0,15.0,25.0,7.0,0.0,20.0,15.0,1.0,0.0,3.0,3.0,0.0,0.0,0.0,1.0,0.0,0.0,0.0,0.0,0.0,0.0,0.0,0.0,0.0,0.0,0.0,0.0,0.0,27.0,688.0
62.0,3.0,7.0,50.0,136.0,105.0,27.0,16.0,23.0,4.0,5.0,49.0,26.0,6.0,0.0,2.0,0.0,0.0,0.0,0.0,1.0,0.0,0.0,0.0,0.0,0.0,0.0,0.0,0.0,0.0,0.0,0.0,0.0,0.0,30.0,926.0
28.0,2.0,0.0,58.0,87.0,82.0,7.0,13.0,15.0,8.0,1.0,13.0,12.0,2.0,0.0,3.0,4.0,0.0,0.0,0.0,0.0,0.0,0.0,0.0,0.0,0.0,1.0,0.0,0.0,0.0,0.0,0.0,0.0,0.0,26.0,584.0
57.0,8.0,8.0,68.0,72.0,92.0,22.0,19.0,5.0,14.0,0.0,35.0,29.0,3.0,1.0,0.0,2.0,0.0,0.0,0.0,2.0,0.0,0.0,0.0,0.0,0.0,0.0,0.0,0.0,0.0,0.0,0.0,0.0,0.0,34.0,797.0
18.0,0.0,3.0,9.0,26.0,29.0,5.0,10.0,5.0,1.0,4.0,1.0,0.0,0.0,0.0,0.0,1.0,0.0,0.0,0.0,0.0,0.0,0.0,0.0,0.0,0.0,0.0,0.0,0.0,0.0,0.0,0.0,0.0,0.0,13.0,196.0
19.0,1.0,6.0,29.0,84.0,68.0,19.0,12.0,15.0,5.0,2.0,15.0,9.0,0.0,0.0,3.0,1.0,0.0,0.0,0.0,2.0,0.0,0.0,0.0,0.0,0.0,0.0,0.0,0.0,0.0,0.0,0.0,0.0,0.0,13.0,506.0
31.0,2.0,4.0,23.0,42.0,24.0,6.0,8.0,10.0,0.0,4.0,3.0,2.0,1.0,0.0,0.0,0.0,0.0,0.0,0.0,0.0,0.0,0.0,0.0,0.0,0.0,0.0,0.0,0.0,0.0,0.0,0.0,0.0,0.0,16.0,273.0
23.0,1.0,3.0,44.0,62.0,65.0,15.0,9.0,0.0,4.0,0.0,10.0,10.0,0.0,1.0,0.0,2.0,0.0,0.0,0.0,0.0,0.0,0.0,0.0,0.0,0.0,0.0,0.0,0.0,0.0,0.0,0.0,0.0,0.0,14.0,414.0
33.0,2.0,7.0,23.0,88.0,80.0,19.0,15.0,10.0,2.0,0.0,25.0,7.0,5.0,2.0,2.0,0.0,0.0,0.0,0.0,0.0,0.0,0.0,0.0,0.0,0.0,0.0,0.0,0.0,0.0,0.0,0.0,0.0,0.0,20.0,584.0
70.0,11.0,5.0,58.0,126.0,94.0,13.0,20.0,7.0,12.0,0.0,43.0,26.0,3.0,0.0,0.0,2.0,0.0,0.0,0.0,0.0,0.0,0.0,0.0,0.0,0.0,0.0,0.0,0.0,0.0,0.0,0.0,0.0,0.0,41.0,942.0
28.0,1.0,3.0,22.0,58.0,42.0,9.0,5.0,9.0,5.0,2.0,9.0,4.0,1.0,0.0,0.0,0.0,0.0,0.0,0.0,0.0,0.0,0.0,0.0,0.0,0.0,0.0,0.0,0.0,0.0,0.0,0.0,0.0,0.0,13.0,320.0
0.0,0.0,0.0,0.0,0.0,0.0,0.0,0.0,0.0,0.0,0.0,0.0,0.0,0.0,0.0,0.0,0.0,0.0,0.0,0.0,0.0,0.0,0.0,0.0,0.0,0.0,0.0,0.0,0.0,0.0,0.0,0.0,0.0,0.0,0.0,0.0
0.0,0.0,0.0,0.0,0.0,0.0,0.0,0.0,0.0,0.0,0.0,0.0,0.0,0.0,0.0,0.0,0.0,0.0,0.0,0.0,0.0,0.0,0.0,0.0,0.0,0.0,0.0,0.0,0.0,0.0,0.0,0.0,0.0,0.0,0.0,0.0
99.0,23.0,8.0,78.0,109.0,176.0,58.0,26.0,7.0,19.0,8.0,71.0,34.0,11.0,0.0,0.0,4.0,2.0,0.0,0.0,5.0,0.0,0.0,0.0,0.0,0.0,0.0,0.0,0.0,0.0,0.0,0.0,0.0,0.0,96.0,1490.0
58.0,3.0,7.0,56.0,148.0,101.0,28.0,13.0,20.0,5.0,7.0,36.0,14.0,1.0,1.0,1.0,3.0,0.0,0.0,0.0,2.0,0.0,0.0,0.0,0.0,0.0,0.0,0.0,0.0,0.0,0.0,0.0,0.0,0.0,26.0,843.0
38.0,6.0,7.0,43.0,73.0,116.0,24.0,30.0,11.0,10.0,2.0,26.0,17.0,9.0,2.0,0.0,5.0,0.0,1.0,0.0,2.0,0.0,0.0,0.0,0.0,0.0,0.0,0.0,0.0,0.0,0.0,0.0,0.0,0.0,40.0,821.0
50.0,1.0,1.0,61.0,61.0,103.0,18.0,16.0,6.0,11.0,1.0,9.0,10.0,1.0,1.0,1.0,1.0,0.0,0.0,0.0,1.0,0.0,0.0,0.0,0.0,0.0,0.0,0.0,0.0,0.0,0.0,0.0,0.0,0.0,25.0,624.0
62.0,3.0,2.0,47.0,46.0,72.0,13.0,8.0,8.0,5.0,0.0,23.0,12.0,2.0,0.0,0.0,0.0,0.0,0.0,0.0,2.0,1.0,0.0,0.0,0.0,0.0,0.0,0.0,0.0,0.0,0.0,0.0,0.0,0.0,18.0,515.0
66.0,2.0,6.0,72.0,94.0,113.0,23.0,21.0,8.0,17.0,0.0,30.0,42.0,1.0,3.0,0.0,8.0,0.0,0.0,0.0,1.0,0.0,0.0,0.0,0.0,0.0,0.0,0.0,0.0,0.0,0.0,0.0,0.0,0.0,38.0,894.0
0.0,0.0,0.0,0.0,0.0,0.0,0.0,0.0,0.0,0.0,0.0,0.0,0.0,0.0,0.0,0.0,0.0,0.0,0.0,0.0,0.0,0.0,0.0,0.0,0.0,0.0,0.0,0.0,0.0,0.0,0.0,0.0,0.0,0.0,0.0,0.0
74.0,23.0,3.0,118.0,153.0,183.0,29.0,19.0,27.0,11.0,3.0,58.0,43.0,11.0,2.0,1.0,5.0,0.0,1.0,0.0,2.0,0.0,0.0,0.0,0.0,0.0,0.0,0.0,0.0,0.0,0.0,0.0,0.0,0.0,78.0,1572.0
41.0,0.0,4.0,71.0,101.0,102.0,17.0,13.0,9.0,12.0,0.0,20.0,33.0,2.0,0.0,1.0,2.0,0.0,0.0,0.0,0.0,0.0,0.0,0.0,0.0,0.0,0.0,0.0,0.0,0.0,0.0,0.0,0.0,0.0,30.0,773.0
35.0,1.0,3.0,36.0,88.0,73.0,25.0,14.0,16.0,5.0,1.0,20.0,10.0,1.0,0.0,2.0,3.0,0.0,2.0,0.0,0.0,1.0,0.0,0.0,0.0,0.0,0.0,0.0,0.0,0.0,0.0,0.0,0.0,0.0,17.0,543.0
39.0,3.0,5.0,41.0,99.0,98.0,16.0,15.0,12.0,4.0,2.0,13.0,12.0,1.0,2.0,4.0,6.0,0.0,1.0,0.0,1.0,0.0,0.0,0.0,0.0,0.0,0.0,0.0,0.0,0.0,0.0,0.0,0.0,0.0,25.0,613.0
110.0,7.0,11.0,143.0,236.0,220.0,35.0,29.0,30.0,13.0,2.0,51.0,45.0,3.0,0.0,3.0,6.0,0.0,0.0,0.0,2.0,0.0,0.0,0.0,0.0,0.0,0.0,0.0,0.0,0.0,0.0,0.0,0.0,0.0,54.0,1612.0
34.0,2.0,4.0,26.0,72.0,59.0,15.0,7.0,24.0,1.0,1.0,17.0,7.0,5.0,0.0,1.0,3.0,0.0,0.0,0.0,2.0,0.0,0.0,0.0,0.0,0.0,0.0,0.0,0.0,0.0,0.0,0.0,0.0,0.0,14.0,448.0
59.0,1.0,5.0,81.0,73.0,135.0,18.0,25.0,13.0,13.0,1.0,23.0,45.0,7.0,3.0,5.0,5.0,0.0,0.0,0.0,0.0,1.0,0.0,1.0,0.0,0.0,2.0,0.0,0.0,0.0,0.0,0.0,0.0,0.0,45.0,971.0
37.0,0.0,0.0,41.0,133.0,78.0,25.0,4.0,20.0,5.0,4.0,18.0,17.0,1.0,2.0,0.0,2.0,0.0,0.0,0.0,0.0,0.0,0.0,0.0,0.0,0.0,0.0,0.0,0.0,0.0,0.0,0.0,0.0,0.0,22.0,659.0
31.0,0.0,3.0,24.0,44.0,45.0,13.0,12.0,13.0,2.0,0.0,0.0,0.0,0.0,0.0,0.0,2.0,0.0,0.0,0.0,1.0,0.0,0.0,0.0,0.0,0.0,0.0,0.0,0.0,0.0,0.0,0.0,0.0,0.0,16.0,288.0
15.0,1.0,2.0,19.0,47.0,32.0,5.0,7.0,10.0,0.0,0.0,8.0,0.0,4.0,0.0,1.0,0.0,0.0,0.0,0.0,0.0,0.0,0.0,0.0,0.0,0.0,0.0,0.0,0.0,0.0,0.0,0.0,0.0,0.0,12.0,247.0
0.0,0.0,0.0,0.0,0.0,0.0,0.0,0.0,0.0,0.0,0.0,0.0,0.0,0.0,0.0,0.0,0.0,0.0,0.0,0.0,0.0,0.0,0.0,0.0,0.0,0.0,0.0,0.0,0.0,0.0,0.0,0.0,0.0,0.0,0.0,0.0
0.0,0.0,0.0,0.0,0.0,0.0,0.0,0.0,0.0,0.0,0.0,0.0,0.0,0.0,0.0,0.0,0.0,0.0,0.0,0.0,0.0,0.0,0.0,0.0,0.0,0.0,0.0,0.0,0.0,0.0,0.0,0.0,0.0,0.0,0.0,0.0
14.0,0.0,7.0,20.0,45.0,54.0,1.0,10.0,7.0,2.0,1.0,1.0,0.0,0.0,0.0,0.0,0.0,0.0,0.0,0.0,0.0,0.0,0.0,0.0,0.0,0.0,0.0,0.0,0.0,0.0,0.0,0.0,0.0,0.0,19.0,293.0
30.0,2.0,5.0,26.0,111.0,94.0,19.0,14.0,13.0,7.0,4.0,21.0,11.0,1.0,1.0,5.0,1.0,1.0,0.0,0.0,0.0,0.0,0.0,0.0,0.0,0.0,0.0,0.0,0.0,0.0,0.0,0.0,0.0,0.0,18.0,636.0
32.0,2.0,3.0,53.0,102.0,80.0,25.0,14.0,22.0,10.0,1.0,25.0,13.0,4.0,1.0,1.0,1.0,0.0,0.0,0.0,0.0,0.0,0.0,0.0,0.0,0.0,0.0,0.0,0.0,0.0,0.0,0.0,0.0,0.0,25.0,678.0
64.0,2.0,5.0,58.0,104.0,90.0,13.0,12.0,28.0,3.0,1.0,23.0,11.0,3.0,2.0,0.0,2.0,0.0,0.0,0.0,1.0,0.0,0.0,0.0,0.0,0.0,0.0,0.0,0.0,0.0,0.0,0.0,0.0,0.0,26.0,727.0
9.0,0.0,5.0,13.0,41.0,42.0,3.0,9.0,6.0,2.0,2.0,4.0,0.0,0.0,0.0,0.0,0.0,0.0,0.0,0.0,0.0,0.0,0.0,0.0,0.0,0.0,0.0,0.0,0.0,0.0,0.0,0.0,0.0,0.0,15.0,250.0
33.0,0.0,1.0,20.0,58.0,51.0,12.0,5.0,13.0,1.0,1.0,0.0,2.0,0.0,0.0,0.0,0.0,0.0,0.0,0.0,0.0,0.0,0.0,0.0,0.0,0.0,0.0,0.0,0.0,0.0,0.0,0.0,0.0,0.0,18.0,337.0
2.0,0.0,0.0,5.0,7.0,11.0,0.0,1.0,0.0,1.0,0.0,0.0,0.0,0.0,0.0,0.0,0.0,0.0,0.0,0.0,0.0,0.0,0.0,0.0,0.0,0.0,0.0,0.0,0.0,0.0,0.0,0.0,0.0,0.0,3.0,43.0
0.0,0.0,0.0,0.0,0.0,0.0,0.0,0.0,0.0,0.0,0.0,0.0,0.0,0.0,0.0,0.0,0.0,0.0,0.0,0.0,0.0,0.0,0.0,0.0,0.0,0.0,0.0,0.0,0.0,0.0,0.0,0.0,0.0,0.0,0.0,0.0
103.0,13.0,3.0,97.0,153.0,207.0,33.0,13.0,20.0,12.0,2.0,51.0,29.0,1.0,3.0,1.0,13.0,0.0,3.0,0.0,2.0,1.0,0.0,0.0,0.0,0.0,0.0,0.0,0.0,0.0,0.0,0.0,1.0,0.0,55.0,1330.0
28.0,4.0,2.0,48.0,101.0,85.0,17.0,11.0,16.0,9.0,9.0,12.0,14.0,2.0,1.0,2.0,0.0,0.0,0.0,0.0,0.0,0.0,0.0,0.0,0.0,0.0,0.0,0.0,0.0,0.0,0.0,0.0,0.0,0.0,23.0,628.0
30.0,0.0,7.0,45.0,130.0,86.0,16.0,11.0,19.0,8.0,5.0,26.0,14.0,6.0,0.0,0.0,1.0,0.0,0.0,0.0,0.0,0.0,0.0,0.0,0.0,0.0,0.0,0.0,0.0,0.0,0.0,0.0,0.0,0.0,20.0,708.0
73.0,20.0,3.0,124.0,139.0,172.0,17.0,22.0,13.0,5.0,0.0,47.0,36.0,15.0,1.0,0.0,10.0,1.0,0.0,0.0,0.0,0.0,0.0,0.0,0.0,0.0,1.0,0.0,0.0,0.0,0.0,0.0,0.0,0.0,66.0,1391.0
25.0,0.0,4.0,53.0,80.0,115.0,15.0,17.0,11.0,7.0,0.0,13.0,14.0,1.0,0.0,0.0,5.0,0.0,0.0,0.0,2.0,0.0,0.0,0.0,0.0,0.0,0.0,0.0,0.0,0.0,0.0,0.0,0.0,0.0,30.0,675.0
66.0,1.0,0.0,65.0,43.0,71.0,17.0,13.0,12.0,3.0,0.0,16.0,10.0,0.0,0.0,1.0,2.0,0.0,0.0,0.0,0.0,0.0,0.0,0.0,0.0,0.0,0.0,0.0,0.0,0.0,0.0,0.0,0.0,0.0,18.0,530.0
36.0,9.0,5.0,61.0,134.0,119.0,19.0,13.0,21.0,8.0,20.0,36.0,18.0,6.0,0.0,1.0,0.0,0.0,0.0,0.0,0.0,0.0,0.0,0.0,0.0,0.0,0.0,0.0,0.0,0.0,0.0,0.0,0.0,0.0,26.0,919.0
51.0,2.0,2.0,29.0,86.0,64.0,22.0,7.0,16.0,1.0,4.0,9.0,3.0,7.0,2.0,0.0,4.0,1.0,0.0,0.0,2.0,1.0,0.0,0.0,0.0,0.0,0.0,0.0,0.0,0.0,0.0,0.0,0.0,0.0,22.0,501.0
42.0,2.0,6.0,44.0,80.0,99.0,22.0,8.0,22.0,8.0,3.0,17.0,16.0,1.0,1.0,2.0,4.0,0.0,0.0,0.0,1.0,0.0,0.0,1.0,0.0,0.0,0.0,0.0,0.0,0.0,0.0,0.0,0.0,0.0,21.0,644.0
0.0,0.0,0.0,0.0,0.0,0.0,0.0,0.0,0.0,0.0,0.0,0.0,0.0,0.0,0.0,0.0,0.0,0.0,0.0,0.0,0.0,0.0,0.0,0.0,0.0,0.0,0.0,0.0,0.0,0.0,0.0,0.0,0.0,0.0,0.0,0.0
40.0,3.0,3.0,55.0,70.0,95.0,18.0,10.0,17.0,3.0,1.0,21.0,7.0,3.0,1.0,0.0,4.0,0.0,0.0,0.0,0.0,0.0,0.0,0.0,0.0,0.0,1.0,0.0,0.0,0.0,0.0,0.0,0.0,0.0,25.0,627.0
81.0,1.0,6.0,86.0,89.0,97.0,28.0,11.0,9.0,13.0,2.0,11.0,26.0,0.0,2.0,0.0,4.0,0.0,0.0,0.0,1.0,0.0,0.0,0.0,0.0,0.0,0.0,0.0,0.0,0.0,0.0,0.0,0.0,0.0,26.0,751.0
2.0,0.0,2.0,2.0,28.0,12.0,2.0,6.0,0.0,2.0,0.0,2.0,0.0,0.0,0.0,0.0,0.0,0.0,0.0,0.0,0.0,0.0,0.0,0.0,0.0,0.0,0.0,0.0,0.0,0.0,0.0,0.0,0.0,0.0,6.0,90.0
0.0,0.0,0.0,0.0,0.0,0.0,0.0,0.0,0.0,0.0,0.0,0.0,0.0,0.0,0.0,0.0,0.0,0.0,0.0,0.0,0.0,0.0,0.0,0.0,0.0,0.0,0.0,0.0,0.0,0.0,0.0,0.0,0.0,0.0,0.0,0.0
23.0,0.0,10.0,36.0,100.0,72.0,17.0,21.0,19.0,2.0,5.0,4.0,0.0,2.0,0.0,1.0,2.0,0.0,0.0,0.0,0.0,0.0,0.0,0.0,0.0,0.0,0.0,0.0,0.0,0.0,0.0,0.0,0.0,0.0,27.0,542.0
0.0,0.0,0.0,0.0,0.0,0.0,0.0,0.0,0.0,0.0,0.0,0.0,0.0,0.0,0.0,0.0,0.0,0.0,0.0,0.0,0.0,0.0,0.0,0.0,0.0,0.0,0.0,0.0,0.0,0.0,0.0,0.0,0.0,0.0,0.0,0.0
30.0,2.0,7.0,33.0,84.0,79.0,13.0,13.0,19.0,1.0,8.0,19.0,17.0,5.0,0.0,1.0,4.0,0.0,0.0,0.0,0.0,0.0,0.0,0.0,0.0,0.0,0.0,0.0,0.0,0.0,0.0,0.0,0.0,0.0,20.0,562.0
0.0,0.0,0.0,0.0,0.0,0.0,0.0,0.0,0.0,0.0,0.0,0.0,0.0,0.0,0.0,0.0,0.0,0.0,0.0,0.0,0.0,0.0,0.0,0.0,0.0,0.0,0.0,0.0,0.0,0.0,0.0,0.0,0.0,0.0,0.0,0.0
71.0,20.0,8.0,113.0,172.0,205.0,25.0,40.0,27.0,9.0,0.0,45.0,37.0,12.0,1.0,5.0,10.0,0.0,0.0,0.0,0.0,1.0,0.0,0.0,0.0,0.0,1.0,1.0,0.0,0.0,0.0,0.0,0.0,0.0,70.0,1505.0
34.0,2.0,3.0,39.0,125.0,95.0,35.0,13.0,22.0,7.0,2.0,15.0,11.0,3.0,0.0,0.0,5.0,0.0,0.0,0.0,0.0,0.0,0.0,0.0,0.0,0.0,1.0,1.0,0.0,0.0,0.0,0.0,0.0,0.0,20.0,704.0
29.0,2.0,2.0,36.0,69.0,56.0,10.0,4.0,14.0,3.0,1.0,24.0,7.0,3.0,0.0,0.0,5.0,0.0,0.0,0.0,0.0,0.0,0.0,0.0,0.0,0.0,0.0,0.0,0.0,0.0,0.0,0.0,0.0,0.0,,
48.0,6.0,3.0,60.0,99.0,88.0,22.0,19.0,20.0,5.0,7.0,23.0,15.0,2.0,0.0,1.0,6.0,0.0,0.0,0.0,0.0,0.0,0.0,0.0,0.0,0.0,0.0,0.0,0.0,0.0,0.0,0.0,0.0,0.0,17.0,440.0
25.0,0.0,2.0,35.0,48.0,68.0,7.0,17.0,5.0,1.0,0.0,4.0,11.0,0.0,0.0,0.0,1.0,0.0,0.0,0.0,0.0,0.0,0.0,0.0,0.0,0.0,0.0,0.0,0.0,0.0,0.0,0.0,0.0,0.0,22.0,740.0
33.0,0.0,5.0,22.0,36.0,33.0,14.0,9.0,15.0,1.0,0.0,1.0,3.0,0.0,0.0,0.0,6.0,0.0,0.0,0.0,0.0,0.0,0.0,0.0,0.0,0.0,0.0,0.0,0.0,0.0,0.0,0.0,0.0,0.0,16.0,364.0
20.0,3.0,5.0,18.0,49.0,65.0,4.0,6.0,13.0,2.0,2.0,4.0,3.0,1.0,0.0,0.0,0.0,0.0,0.0,0.0,0.0,0.0,0.0,0.0,0.0,0.0,0.0,0.0,0.0,0.0,0.0,0.0,0.0,0.0,14.0,260.0
111.0,6.0,5.0,138.0,93.0,229.0,23.0,32.0,11.0,18.0,3.0,12.0,24.0,1.0,0.0,1.0,6.0,0.0,0.0,0.0,0.0,0.0,0.0,0.0,0.0,0.0,0.0,0.0,0.0,0.0,0.0,0.0,0.0,0.0,20.0,336.0
28.0,2.0,3.0,32.0,79.0,77.0,8.0,13.0,7.0,2.0,10.0,25.0,14.0,4.0,0.0,2.0,3.0,0.0,0.0,0.0,0.0,0.0,0.0,0.0,0.0,0.0,0.0,0.0,0.0,0.0,0.0,0.0,0.0,0.0,49.0,1216.0
39.0,2.0,5.0,43.0,101.0,73.0,28.0,8.0,27.0,7.0,3.0,25.0,16.0,11.0,0.0,0.0,3.0,0.0,0.0,0.0,0.0,0.0,0.0,0.0,0.0,0.0,0.0,0.0,0.0,0.0,0.0,0.0,0.0,0.0,25.0,571.0
1.0,0.0,0.0,4.0,6.0,9.0,0.0,2.0,0.0,0.0,0.0,0.0,0.0,0.0,0.0,0.0,0.0,0.0,0.0,0.0,0.0,0.0,0.0,0.0,0.0,0.0,0.0,0.0,0.0,0.0,0.0,0.0,0.0,0.0,19.0,644.0
33.0,6.0,9.0,59.0,126.0,96.0,16.0,13.0,22.0,2.0,6.0,20.0,25.0,2.0,0.0,2.0,4.0,0.0,0.0,0.0,2.0,1.0,0.0,0.0,0.0,0.0,0.0,0.0,0.0,0.0,0.0,0.0,0.0,0.0,4.0,33.0
62.0,6.0,5.0,77.0,135.0,146.0,25.0,13.0,25.0,4.0,2.0,27.0,18.0,4.0,0.0,2.0,6.0,0.0,0.0,0.0,0.0,0.0,0.0,0.0,0.0,0.0,0.0,0.0,0.0,0.0,0.0,0.0,0.0,0.0,20.0,718.0
0.0,0.0,0.0,8.0,12.0,18.0,0.0,1.0,0.0,3.0,0.0,0.0,0.0,0.0,0.0,0.0,0.0,0.0,0.0,0.0,0.0,0.0,0.0,0.0,0.0,0.0,0.0,0.0,0.0,0.0,0.0,0.0,0.0,0.0,27.0,918.0
21.0,0.0,2.0,17.0,43.0,37.0,9.0,4.0,14.0,0.0,0.0,4.0,1.0,0.0,0.0,0.0,1.0,0.0,0.0,0.0,0.0,0.0,0.0,0.0,0.0,0.0,0.0,0.0,0.0,0.0,0.0,0.0,0.0,0.0,6.0,62.0
59.0,5.0,5.0,43.0,115.0,87.0,27.0,14.0,24.0,3.0,1.0,13.0,6.0,6.0,0.0,3.0,0.0,0.0,0.0,0.0,0.0,0.0,0.0,0.0,0.0,0.0,0.0,0.0,0.0,0.0,0.0,0.0,0.0,0.0,10.0,251.0
107.0,24.0,11.0,107.0,115.0,239.0,44.0,12.0,14.0,7.0,3.0,72.0,46.0,6.0,6.0,5.0,9.0,0.0,0.0,0.0,1.0,0.0,0.0,0.0,0.0,0.0,1.0,0.0,1.0,0.0,0.0,0.0,1.0,0.0,21.0,693.0
0.0,0.0,0.0,0.0,0.0,0.0,0.0,0.0,0.0,0.0,0.0,0.0,0.0,0.0,0.0,0.0,0.0,0.0,0.0,0.0,0.0,0.0,0.0,0.0,0.0,0.0,0.0,0.0,0.0,0.0,0.0,0.0,0.0,0.0,83.0,1536.0
20.0,2.0,1.0,19.0,85.0,59.0,9.0,10.0,15.0,0.0,0.0,4.0,6.0,0.0,0.0,0.0,0.0,0.0,0.0,0.0,1.0,0.0,0.0,0.0,0.0,0.0,0.0,0.0,0.0,0.0,0.0,0.0,0.0,0.0,0.0,0.0
21.0,1.0,4.0,60.0,51.0,83.0,27.0,7.0,16.0,3.0,0.0,12.0,8.0,2.0,0.0,0.0,2.0,0.0,0.0,0.0,0.0,0.0,0.0,0.0,0.0,0.0,0.0,0.0,0.0,0.0,0.0,0.0,0.0,0.0,14.0,368.0
4.0,0.0,0.0,8.0,10.0,7.0,4.0,0.0,0.0,2.0,1.0,1.0,0.0,0.0,2.0,0.0,0.0,0.0,0.0,0.0,0.0,0.0,0.0,0.0,0.0,0.0,0.0,0.0,0.0,0.0,0.0,0.0,0.0,0.0,17.0,513.0
40.0,2.0,1.0,25.0,64.0,61.0,13.0,13.0,12.0,4.0,1.0,7.0,6.0,0.0,0.0,0.0,9.0,0.0,0.0,0.0,5.0,1.0,0.0,0.0,0.0,0.0,0.0,0.0,0.0,0.0,0.0,0.0,0.0,0.0,1.0,58.0
4.0,0.0,0.0,8.0,25.0,11.0,0.0,6.0,0.0,0.0,0.0,0.0,0.0,0.0,0.0,2.0,2.0,0.0,0.0,0.0,0.0,0.0,0.0,0.0,0.0,0.0,0.0,0.0,0.0,0.0,0.0,0.0,0.0,0.0,27.0,440.0
46.0,3.0,4.0,80.0,126.0,154.0,41.0,19.0,26.0,3.0,2.0,32.0,27.0,1.0,0.0,0.0,6.0,0.0,0.0,0.0,1.0,0.0,0.0,0.0,0.0,0.0,0.0,0.0,0.0,0.0,0.0,0.0,0.0,0.0,7.0,94.0
35.0,6.0,7.0,83.0,134.0,168.0,28.0,22.0,4.0,5.0,4.0,27.0,20.0,0.0,3.0,0.0,2.0,1.0,0.0,1.0,0.0,0.0,0.0,0.0,0.0,0.0,0.0,0.0,0.0,0.0,0.0,0.0,0.0,0.0,32.0,979.0
48.0,5.0,2.0,71.0,155.0,150.0,28.0,16.0,39.0,12.0,3.0,37.0,19.0,4.0,2.0,1.0,4.0,0.0,0.0,0.0,0.0,1.0,0.0,0.0,0.0,0.0,1.0,0.0,0.0,0.0,0.0,0.0,0.0,0.0,42.0,987.0
1.0,1.0,0.0,2.0,8.0,9.0,0.0,0.0,0.0,0.0,1.0,0.0,0.0,0.0,0.0,0.0,0.0,0.0,0.0,0.0,0.0,0.0,0.0,0.0,0.0,0.0,0.0,0.0,0.0,0.0,0.0,0.0,0.0,0.0,39.0,1085.0
9.0,0.0,1.0,15.0,31.0,29.0,2.0,8.0,6.0,2.0,1.0,5.0,1.0,1.0,0.0,0.0,3.0,0.0,0.0,0.0,1.0,0.0,0.0,0.0,0.0,0.0,0.0,0.0,0.0,0.0,0.0,0.0,0.0,0.0,4.0,34.0
94.0,1.0,12.0,96.0,119.0,179.0,42.0,29.0,24.0,13.0,3.0,46.0,25.0,5.0,1.0,1.0,5.0,0.0,1.0,0.0,0.0,2.0,0.0,0.0,0.0,0.0,0.0,0.0,0.0,0.0,0.0,0.0,0.0,0.0,10.0,197.0
28.0,3.0,6.0,31.0,113.0,87.0,15.0,17.0,15.0,3.0,1.0,20.0,10.0,4.0,1.0,0.0,0.0,0.0,0.0,0.0,0.0,0.0,0.0,0.0,0.0,0.0,1.0,0.0,0.0,0.0,0.0,0.0,0.0,0.0,68.0,1233.0
0.0,0.0,0.0,0.0,0.0,0.0,0.0,0.0,0.0,0.0,0.0,0.0,0.0,0.0,0.0,0.0,0.0,0.0,0.0,0.0,0.0,0.0,0.0,0.0,0.0,0.0,0.0,0.0,0.0,0.0,0.0,0.0,0.0,0.0,18.0,606.0
6.0,0.0,1.0,6.0,9.0,8.0,3.0,3.0,1.0,1.0,0.0,0.0,0.0,0.0,0.0,0.0,1.0,0.0,0.0,0.0,0.0,0.0,0.0,0.0,0.0,0.0,0.0,0.0,0.0,0.0,0.0,0.0,0.0,0.0,0.0,0.0
36.0,0.0,0.0,25.0,85.0,81.0,14.0,16.0,15.0,9.0,0.0,0.0,0.0,0.0,0.0,0.0,10.0,0.0,0.0,0.0,0.0,0.0,0.0,0.0,0.0,0.0,0.0,0.0,0.0,0.0,0.0,0.0,0.0,0.0,4.0,60.0
4.0,0.0,1.0,7.0,25.0,14.0,8.0,2.0,2.0,1.0,0.0,4.0,1.0,0.0,0.0,0.0,0.0,0.0,0.0,0.0,0.0,0.0,0.0,0.0,0.0,0.0,0.0,0.0,0.0,0.0,0.0,0.0,0.0,0.0,30.0,447.0
58.0,7.0,7.0,82.0,93.0,129.0,15.0,24.0,10.0,11.0,2.0,20.0,29.0,1.0,1.0,0.0,4.0,0.0,1.0,1.0,0.0,0.0,0.0,0.0,0.0,0.0,1.0,0.0,0.0,0.0,0.0,0.0,0.0,0.0,4.0,115.0
61.0,1.0,4.0,75.0,144.0,126.0,37.0,37.0,24.0,5.0,3.0,41.0,28.0,6.0,4.0,3.0,3.0,0.0,0.0,0.0,2.0,0.0,0.0,0.0,0.0,0.0,0.0,0.0,0.0,0.0,0.0,0.0,0.0,0.0,49.0,932.0
0.0,0.0,0.0,0.0,0.0,0.0,0.0,0.0,0.0,0.0,0.0,0.0,0.0,0.0,0.0,0.0,0.0,0.0,0.0,0.0,0.0,0.0,0.0,0.0,0.0,0.0,0.0,0.0,0.0,0.0,0.0,0.0,0.0,0.0,36.0,1068.0
47.0,2.0,14.0,41.0,116.0,113.0,14.0,31.0,24.0,3.0,0.0,13.0,6.0,1.0,0.0,5.0,4.0,0.0,0.0,0.0,0.0,0.0,0.0,0.0,0.0,0.0,0.0,0.0,0.0,0.0,0.0,0.0,0.0,0.0,0.0,0.0
92.0,2.0,3.0,93.0,165.0,155.0,32.0,10.0,31.0,7.0,2.0,42.0,20.0,3.0,1.0,2.0,10.0,2.0,0.0,0.0,0.0,0.0,0.0,0.0,0.0,0.0,0.0,0.0,0.0,0.0,0.0,0.0,0.0,0.0,34.0,733.0
0.0,0.0,0.0,0.0,0.0,0.0,0.0,0.0,0.0,0.0,0.0,0.0,0.0,0.0,0.0,0.0,0.0,0.0,0.0,0.0,0.0,0.0,0.0,0.0,0.0,0.0,0.0,0.0,0.0,0.0,0.0,0.0,0.0,0.0,32.0,1141.0
31.0,1.0,4.0,21.0,28.0,44.0,6.0,5.0,9.0,0.0,0.0,7.0,4.0,1.0,0.0,1.0,0.0,0.0,0.0,0.0,0.0,0.0,0.0,0.0,0.0,0.0,0.0,0.0,0.0,0.0,0.0,0.0,0.0,0.0,0.0,0.0
79.0,2.0,6.0,92.0,137.0,123.0,23.0,17.0,25.0,4.0,2.0,32.0,27.0,4.0,0.0,0.0,9.0,0.0,0.0,0.0,0.0,0.0,0.0,0.0,0.0,0.0,1.0,0.0,0.0,0.0,0.0,0.0,0.0,0.0,16.0,271.0
78.0,6.0,7.0,86.0,127.0,141.0,17.0,31.0,29.0,16.0,4.0,41.0,26.0,3.0,2.0,0.0,3.0,0.0,0.0,0.0,1.0,1.0,0.0,0.0,0.0,0.0,0.0,0.0,0.0,0.0,0.0,0.0,0.0,0.0,29.0,961.0
41.0,5.0,2.0,61.0,84.0,116.0,27.0,17.0,4.0,6.0,2.0,28.0,17.0,1.0,0.0,0.0,3.0,0.0,0.0,0.0,1.0,0.0,0.0,0.0,0.0,0.0,0.0,0.0,0.0,0.0,0.0,0.0,0.0,0.0,28.0,1091.0
53.0,6.0,2.0,71.0,63.0,123.0,19.0,10.0,10.0,6.0,0.0,23.0,9.0,4.0,3.0,1.0,3.0,0.0,0.0,0.0,0.0,0.0,0.0,0.0,0.0,0.0,0.0,0.0,0.0,0.0,0.0,0.0,0.0,0.0,36.0,752.0
14.0,0.0,2.0,5.0,7.0,14.0,3.0,3.0,6.0,0.0,0.0,1.0,0.0,0.0,0.0,0.0,0.0,0.0,0.0,0.0,0.0,0.0,0.0,0.0,0.0,0.0,0.0,0.0,0.0,0.0,0.0,0.0,0.0,0.0,26.0,728.0
21.0,0.0,3.0,19.0,31.0,29.0,3.0,9.0,10.0,0.0,0.0,2.0,2.0,0.0,0.0,0.0,6.0,0.0,0.0,0.0,0.0,0.0,0.0,0.0,0.0,0.0,0.0,0.0,0.0,0.0,0.0,0.0,0.0,0.0,6.0,100.0
55.0,1.0,9.0,74.0,147.0,114.0,33.0,24.0,30.0,2.0,7.0,23.0,17.0,6.0,1.0,3.0,4.0,0.0,0.0,0.0,2.0,0.0,0.0,0.0,0.0,0.0,0.0,0.0,0.0,0.0,0.0,0.0,0.0,0.0,7.0,215.0
1.0,0.0,0.0,1.0,3.0,3.0,0.0,0.0,0.0,0.0,0.0,0.0,0.0,0.0,0.0,0.0,0.0,0.0,0.0,0.0,0.0,0.0,0.0,0.0,0.0,0.0,0.0,0.0,0.0,0.0,0.0,0.0,0.0,0.0,30.0,963.0
75.0,9.0,7.0,55.0,83.0,85.0,19.0,10.0,20.0,3.0,1.0,23.0,18.0,0.0,0.0,2.0,0.0,1.0,0.0,0.0,2.0,1.0,0.0,0.0,0.0,0.0,1.0,0.0,0.0,0.0,0.0,0.0,0.0,0.0,0.0,11.0
27.0,2.0,5.0,45.0,84.0,66.0,18.0,10.0,6.0,16.0,2.0,15.0,19.0,0.0,1.0,1.0,8.0,0.0,0.0,0.0,1.0,0.0,0.0,0.0,0.0,0.0,0.0,0.0,0.0,0.0,0.0,0.0,0.0,0.0,28.0,728.0
14.0,0.0,0.0,9.0,47.0,36.0,2.0,3.0,10.0,2.0,0.0,0.0,1.0,0.0,0.0,0.0,0.0,0.0,0.0,0.0,0.0,0.0,0.0,0.0,0.0,0.0,0.0,0.0,0.0,0.0,0.0,0.0,0.0,0.0,22.0,544.0
26.0,0.0,0.0,14.0,64.0,33.0,4.0,14.0,8.0,0.0,0.0,5.0,3.0,1.0,0.0,0.0,0.0,0.0,0.0,0.0,0.0,0.0,0.0,0.0,0.0,0.0,0.0,0.0,0.0,0.0,0.0,0.0,0.0,0.0,11.0,206.0
34.0,0.0,6.0,56.0,86.0,78.0,19.0,10.0,17.0,9.0,2.0,20.0,13.0,1.0,0.0,0.0,4.0,0.0,0.0,0.0,1.0,1.0,0.0,0.0,0.0,0.0,0.0,0.0,0.0,0.0,0.0,0.0,0.0,0.0,16.0,296.0
78.0,5.0,6.0,117.0,151.0,165.0,19.0,20.0,28.0,3.0,3.0,43.0,27.0,3.0,2.0,2.0,9.0,0.0,0.0,0.0,1.0,0.0,0.0,0.0,0.0,0.0,0.0,0.0,0.0,0.0,0.0,0.0,0.0,0.0,21.0,589.0
73.0,5.0,10.0,90.0,185.0,173.0,32.0,15.0,40.0,9.0,6.0,40.0,20.0,8.0,2.0,0.0,7.0,0.0,0.0,0.0,0.0,0.0,0.0,0.0,0.0,0.0,0.0,0.0,0.0,0.0,0.0,0.0,0.0,0.0,33.0,1192.0
51.0,9.0,5.0,57.0,43.0,125.0,23.0,16.0,7.0,8.0,3.0,14.0,17.0,0.0,0.0,0.0,4.0,0.0,0.0,0.0,2.0,1.0,0.0,0.0,0.0,0.0,0.0,0.0,0.0,0.0,0.0,0.0,0.0,0.0,41.0,1239.0
18.0,5.0,2.0,9.0,25.0,39.0,3.0,3.0,6.0,0.0,0.0,1.0,2.0,0.0,0.0,0.0,0.0,0.0,0.0,0.0,0.0,0.0,0.0,0.0,0.0,0.0,0.0,0.0,0.0,0.0,0.0,0.0,0.0,0.0,34.0,648.0
29.0,4.0,6.0,28.0,22.0,40.0,7.0,5.0,5.0,6.0,1.0,10.0,5.0,2.0,0.0,1.0,0.0,0.0,0.0,0.0,0.0,0.0,0.0,0.0,0.0,0.0,1.0,0.0,0.0,0.0,0.0,0.0,0.0,0.0,16.0,178.0
4.0,0.0,0.0,3.0,13.0,5.0,3.0,0.0,1.0,0.0,0.0,0.0,1.0,0.0,0.0,0.0,0.0,0.0,0.0,0.0,0.0,0.0,0.0,0.0,0.0,0.0,0.0,0.0,0.0,0.0,0.0,0.0,0.0,0.0,12.0,311.0
90.0,6.0,7.0,97.0,257.0,181.0,32.0,17.0,37.0,8.0,4.0,36.0,20.0,9.0,4.0,2.0,7.0,0.0,0.0,0.0,0.0,0.0,0.0,0.0,0.0,0.0,0.0,0.0,0.0,0.0,0.0,0.0,0.0,0.0,2.0,50.0
30.0,5.0,1.0,54.0,90.0,96.0,17.0,12.0,6.0,3.0,1.0,13.0,16.0,0.0,0.0,1.0,2.0,0.0,0.0,0.0,0.0,0.0,0.0,0.0,0.0,0.0,0.0,0.0,0.0,0.0,0.0,0.0,0.0,0.0,46.0,1367.0
6.0,5.0,0.0,4.0,66.0,41.0,0.0,9.0,10.0,0.0,9.0,0.0,0.0,0.0,0.0,5.0,5.0,0.0,0.0,0.0,0.0,0.0,0.0,0.0,0.0,0.0,0.0,0.0,0.0,0.0,0.0,0.0,0.0,0.0,22.0,628.0
28.0,1.0,3.0,49.0,65.0,95.0,12.0,11.0,18.0,4.0,1.0,13.0,13.0,4.0,0.0,2.0,2.0,0.0,0.0,0.0,2.0,1.0,0.0,0.0,0.0,0.0,1.0,0.0,0.0,0.0,0.0,0.0,0.0,0.0,15.0,257.0
62.0,8.0,3.0,65.0,190.0,142.0,37.0,17.0,39.0,11.0,2.0,30.0,17.0,2.0,0.0,0.0,6.0,0.0,1.0,0.0,1.0,0.0,0.0,0.0,0.0,0.0,0.0,0.0,0.0,0.0,0.0,0.0,0.0,0.0,23.0,536.0
6.0,0.0,6.0,9.0,51.0,21.0,3.0,10.0,5.0,0.0,0.0,0.0,3.0,0.0,0.0,0.0,3.0,0.0,0.0,0.0,0.0,0.0,0.0,0.0,0.0,0.0,0.0,0.0,0.0,0.0,0.0,0.0,0.0,0.0,35.0,1063.0
13.0,0.0,1.0,8.0,18.0,16.0,2.0,6.0,0.0,2.0,0.0,2.0,2.0,0.0,0.0,0.0,0.0,0.0,0.0,0.0,0.0,0.0,0.0,0.0,0.0,0.0,0.0,0.0,0.0,0.0,0.0,0.0,0.0,0.0,12.0,183.0
16.0,3.0,0.0,9.0,27.0,24.0,3.0,9.0,0.0,0.0,2.0,3.0,3.0,0.0,0.0,0.0,0.0,0.0,0.0,0.0,0.0,0.0,0.0,0.0,0.0,0.0,0.0,0.0,0.0,0.0,0.0,0.0,0.0,0.0,8.0,132.0
22.0,1.0,0.0,5.0,33.0,18.0,4.0,3.0,8.0,0.0,1.0,3.0,2.0,1.0,0.0,0.0,0.0,0.0,0.0,0.0,1.0,0.0,0.0,0.0,0.0,0.0,0.0,0.0,0.0,0.0,0.0,0.0,0.0,0.0,12.0,186.0
37.0,0.0,6.0,51.0,46.0,78.0,16.0,7.0,11.0,5.0,0.0,17.0,9.0,0.0,1.0,0.0,2.0,0.0,0.0,0.0,0.0,0.0,0.0,0.0,0.0,0.0,0.0,0.0,0.0,0.0,0.0,0.0,0.0,0.0,10.0,176.0
97.0,3.0,3.0,118.0,126.0,190.0,31.0,18.0,36.0,14.0,5.0,45.0,29.0,2.0,1.0,0.0,10.0,0.0,0.0,0.0,0.0,0.0,0.0,0.0,0.0,0.0,0.0,0.0,0.0,0.0,0.0,0.0,0.0,0.0,14.0,476.0
35.0,0.0,4.0,60.0,87.0,93.0,25.0,16.0,10.0,12.0,0.0,15.0,21.0,1.0,1.0,0.0,1.0,0.0,0.0,0.0,0.0,0.0,0.0,0.0,0.0,0.0,0.0,0.0,0.0,0.0,0.0,0.0,0.0,0.0,43.0,1242.0
1.0,0.0,0.0,5.0,8.0,9.0,0.0,2.0,1.0,0.0,0.0,0.0,0.0,0.0,0.0,0.0,0.0,0.0,0.0,0.0,0.0,0.0,0.0,0.0,0.0,0.0,0.0,0.0,0.0,0.0,0.0,0.0,0.0,0.0,30.0,667.0
50.0,4.0,5.0,81.0,98.0,120.0,7.0,17.0,7.0,2.0,0.0,26.0,20.0,5.0,0.0,0.0,1.0,0.0,0.0,0.0,1.0,0.0,0.0,0.0,0.0,0.0,0.0,0.0,0.0,0.0,0.0,0.0,0.0,0.0,4.0,39.0
41.0,16.0,10.0,42.0,67.0,82.0,12.0,5.0,0.0,4.0,0.0,41.0,28.0,3.0,2.0,1.0,5.0,0.0,0.0,0.0,0.0,0.0,0.0,0.0,0.0,0.0,0.0,0.0,1.0,0.0,0.0,0.0,0.0,0.0,40.0,805.0
32.0,6.0,5.0,36.0,70.0,74.0,19.0,9.0,10.0,8.0,3.0,12.0,13.0,6.0,2.0,1.0,3.0,0.0,0.0,0.0,1.0,2.0,0.0,0.0,0.0,0.0,0.0,0.0,0.0,0.0,0.0,0.0,0.0,0.0,35.0,713.0
32.0,7.0,3.0,30.0,94.0,56.0,14.0,11.0,19.0,5.0,3.0,17.0,6.0,3.0,1.0,1.0,4.0,0.0,0.0,0.0,0.0,0.0,0.0,0.0,0.0,0.0,0.0,0.0,0.0,0.0,0.0,0.0,0.0,0.0,12.0,533.0
5.0,0.0,3.0,19.0,21.0,43.0,0.0,7.0,1.0,0.0,0.0,0.0,0.0,0.0,0.0,0.0,3.0,0.0,0.0,0.0,0.0,0.0,0.0,0.0,0.0,0.0,0.0,0.0,0.0,0.0,0.0,0.0,0.0,0.0,21.0,551.0
28.0,1.0,2.0,9.0,33.0,45.0,3.0,10.0,9.0,1.0,1.0,0.0,2.0,0.0,0.0,1.0,0.0,0.0,0.0,0.0,0.0,0.0,0.0,0.0,0.0,0.0,0.0,0.0,0.0,0.0,0.0,0.0,0.0,0.0,15.0,181.0
67.0,3.0,7.0,26.0,78.0,77.0,26.0,12.0,20.0,3.0,1.0,4.0,7.0,0.0,0.0,1.0,5.0,0.0,0.0,0.0,0.0,0.0,0.0,0.0,0.0,0.0,0.0,0.0,0.0,0.0,0.0,0.0,0.0,0.0,14.0,243.0
58.0,3.0,4.0,94.0,96.0,127.0,18.0,8.0,16.0,10.0,1.0,37.0,22.0,1.0,1.0,0.0,5.0,0.0,0.0,0.0,1.0,0.0,0.0,0.0,0.0,0.0,0.0,0.0,0.0,0.0,0.0,0.0,0.0,0.0,25.0,553.0
57.0,6.0,2.0,56.0,32.0,97.0,14.0,22.0,4.0,1.0,4.0,16.0,11.0,4.0,0.0,1.0,2.0,0.0,0.0,0.0,1.0,1.0,0.0,0.0,0.0,0.0,0.0,0.0,0.0,0.0,1.0,0.0,0.0,0.0,26.0,844.0
6.0,0.0,1.0,7.0,10.0,8.0,0.0,2.0,2.0,0.0,0.0,1.0,1.0,0.0,0.0,0.0,0.0,0.0,0.0,0.0,0.0,0.0,0.0,0.0,0.0,0.0,0.0,0.0,0.0,0.0,0.0,0.0,0.0,0.0,29.0,674.0
29.0,3.0,10.0,62.0,85.0,111.0,17.0,11.0,22.0,2.0,1.0,25.0,24.0,4.0,6.0,2.0,3.0,0.0,0.0,1.0,1.0,1.0,0.0,0.0,0.0,0.0,0.0,0.0,0.0,0.0,0.0,0.0,0.0,0.0,3.0,58.0
61.0,2.0,5.0,68.0,71.0,115.0,12.0,11.0,13.0,3.0,2.0,9.0,12.0,0.0,1.0,3.0,3.0,0.0,0.0,0.0,0.0,0.0,0.0,0.0,0.0,0.0,0.0,0.0,0.0,0.0,0.0,0.0,0.0,0.0,36.0,763.0
48.0,2.0,5.0,61.0,146.0,119.0,16.0,14.0,22.0,6.0,3.0,26.0,17.0,2.0,0.0,3.0,1.0,0.0,1.0,0.0,0.0,0.0,0.0,0.0,0.0,0.0,0.0,0.0,0.0,0.0,0.0,0.0,0.0,0.0,18.0,648.0
6.0,2.0,0.0,8.0,18.0,16.0,0.0,0.0,0.0,2.0,0.0,0.0,0.0,0.0,0.0,0.0,0.0,0.0,0.0,0.0,0.0,0.0,0.0,0.0,0.0,0.0,0.0,0.0,0.0,0.0,0.0,0.0,0.0,0.0,25.0,866.0
18.0,0.0,9.0,36.0,81.0,52.0,12.0,6.0,22.0,5.0,0.0,15.0,2.0,6.0,0.0,0.0,1.0,0.0,0.0,0.0,0.0,0.0,0.0,0.0,0.0,0.0,0.0,0.0,0.0,0.0,0.0,0.0,0.0,0.0,8.0,70.0
47.0,6.0,3.0,57.0,89.0,108.0,12.0,21.0,3.0,8.0,0.0,21.0,16.0,3.0,3.0,0.0,6.0,0.0,1.0,0.0,1.0,0.0,0.0,0.0,0.0,0.0,0.0,0.0,0.0,0.0,0.0,0.0,0.0,0.0,24.0,366.0
19.0,0.0,1.0,22.0,42.0,43.0,7.0,7.0,11.0,4.0,1.0,11.0,6.0,1.0,0.0,0.0,0.0,0.0,0.0,0.0,0.0,0.0,0.0,0.0,0.0,0.0,0.0,0.0,0.0,0.0,0.0,0.0,0.0,0.0,36.0,696.0
68.0,1.0,8.0,71.0,133.0,137.0,24.0,22.0,28.0,12.0,4.0,47.0,26.0,2.0,2.0,3.0,0.0,0.0,0.0,0.0,0.0,0.0,0.0,0.0,0.0,0.0,0.0,0.0,0.0,0.0,0.0,0.0,0.0,0.0,10.0,298.0
49.0,5.0,6.0,79.0,30.0,113.0,12.0,17.0,5.0,9.0,0.0,15.0,25.0,1.0,0.0,2.0,3.0,0.0,0.0,0.0,2.0,1.0,1.0,0.0,0.0,0.0,0.0,0.0,0.0,0.0,0.0,0.0,0.0,0.0,30.0,1006.0
54.0,10.0,0.0,47.0,65.0,102.0,10.0,21.0,13.0,3.0,2.0,28.0,14.0,5.0,0.0,0.0,3.0,1.0,0.0,0.0,0.0,1.0,0.0,0.0,0.0,0.0,0.0,0.0,0.0,0.0,0.0,0.0,0.0,0.0,30.0,665.0
46.0,4.0,9.0,49.0,132.0,84.0,22.0,12.0,22.0,7.0,4.0,20.0,16.0,3.0,2.0,3.0,1.0,0.0,0.0,0.0,0.0,2.0,0.0,0.0,0.0,0.0,0.0,0.0,0.0,0.0,0.0,0.0,0.0,0.0,27.0,737.0
0.0,0.0,0.0,4.0,11.0,9.0,0.0,2.0,0.0,0.0,0.0,0.0,0.0,0.0,0.0,0.0,0.0,0.0,0.0,0.0,0.0,0.0,0.0,0.0,0.0,0.0,0.0,0.0,0.0,0.0,0.0,0.0,0.0,0.0,27.0,729.0
39.0,6.0,8.0,72.0,49.0,107.0,21.0,15.0,6.0,8.0,0.0,16.0,28.0,3.0,1.0,1.0,1.0,0.0,0.0,0.0,2.0,0.0,0.0,0.0,0.0,0.0,0.0,0.0,0.0,0.0,0.0,0.0,0.0,0.0,2.0,42.0
35.0,0.0,5.0,30.0,78.0,57.0,11.0,17.0,15.0,0.0,1.0,10.0,6.0,1.0,0.0,2.0,3.0,0.0,0.0,0.0,1.0,0.0,0.0,0.0,0.0,0.0,0.0,0.0,0.0,0.0,0.0,0.0,0.0,0.0,33.0,693.0
0.0,0.0,0.0,0.0,0.0,0.0,0.0,0.0,0.0,0.0,0.0,0.0,0.0,0.0,0.0,0.0,0.0,0.0,0.0,0.0,0.0,0.0,0.0,0.0,0.0,0.0,0.0,0.0,0.0,0.0,0.0,0.0,0.0,0.0,21.0,455.0
57.0,3.0,6.0,52.0,136.0,90.0,15.0,10.0,25.0,9.0,17.0,23.0,26.0,0.0,0.0,1.0,10.0,0.0,0.0,0.0,2.0,0.0,0.0,0.0,0.0,0.0,0.0,0.0,0.0,0.0,0.0,0.0,0.0,0.0,0.0,0.0
27.0,2.0,2.0,44.0,64.0,65.0,7.0,13.0,13.0,2.0,4.0,15.0,10.0,2.0,1.0,0.0,3.0,0.0,0.0,0.0,0.0,0.0,0.0,0.0,0.0,0.0,0.0,0.0,0.0,0.0,0.0,0.0,0.0,0.0,29.0,788.0
66.0,3.0,5.0,85.0,106.0,150.0,19.0,14.0,18.0,6.0,2.0,27.0,21.0,1.0,2.0,0.0,10.0,0.0,0.0,0.0,0.0,1.0,0.0,0.0,0.0,0.0,0.0,0.0,0.0,0.0,0.0,0.0,0.0,0.0,18.0,494.0
4.0,1.0,0.0,9.0,38.0,26.0,0.0,3.0,1.0,2.0,3.0,2.0,0.0,0.0,0.0,0.0,0.0,0.0,0.0,0.0,1.0,0.0,0.0,0.0,0.0,0.0,0.0,0.0,0.0,0.0,0.0,0.0,0.0,0.0,32.0,896.0
5.0,2.0,6.0,6.0,33.0,16.0,0.0,0.0,3.0,1.0,0.0,3.0,0.0,0.0,0.0,0.0,0.0,0.0,0.0,0.0,0.0,0.0,0.0,0.0,0.0,0.0,0.0,0.0,0.0,0.0,0.0,0.0,0.0,0.0,7.0,135.0
43.0,5.0,3.0,42.0,58.0,82.0,8.0,9.0,3.0,3.0,1.0,26.0,20.0,0.0,0.0,2.0,1.0,0.0,0.0,0.0,0.0,0.0,0.0,0.0,0.0,0.0,0.0,0.0,0.0,0.0,0.0,0.0,0.0,0.0,9.0,112.0
48.0,4.0,6.0,82.0,82.0,101.0,14.0,16.0,13.0,8.0,2.0,25.0,25.0,3.0,0.0,0.0,5.0,0.0,1.0,0.0,1.0,1.0,0.0,0.0,0.0,0.0,0.0,0.0,0.0,0.0,0.0,0.0,0.0,0.0,26.0,565.0
66.0,3.0,4.0,102.0,151.0,164.0,34.0,27.0,34.0,8.0,5.0,32.0,32.0,3.0,3.0,3.0,3.0,0.0,1.0,0.0,1.0,0.0,0.0,0.0,0.0,0.0,1.0,0.0,0.0,0.0,0.0,0.0,0.0,0.0,36.0,795.0
0.0,0.0,0.0,0.0,0.0,0.0,0.0,0.0,0.0,0.0,0.0,0.0,0.0,0.0,0.0,0.0,0.0,0.0,0.0,0.0,0.0,0.0,0.0,0.0,0.0,0.0,0.0,0.0,0.0,0.0,0.0,0.0,0.0,0.0,40.0,1213.0
0.0,0.0,0.0,0.0,0.0,0.0,0.0,0.0,0.0,0.0,0.0,0.0,0.0,0.0,0.0,0.0,0.0,0.0,0.0,0.0,0.0,0.0,0.0,0.0,0.0,0.0,0.0,0.0,0.0,0.0,0.0,0.0,0.0,0.0,0.0,0.0
38.0,3.0,1.0,45.0,39.0,54.0,11.0,6.0,6.0,2.0,2.0,18.0,3.0,4.0,1.0,1.0,0.0,0.0,0.0,0.0,0.0,0.0,0.0,0.0,1.0,0.0,0.0,0.0,0.0,0.0,0.0,0.0,0.0,0.0,0.0,0.0
67.0,7.0,5.0,79.0,49.0,111.0,16.0,16.0,2.0,6.0,0.0,31.0,25.0,0.0,2.0,1.0,3.0,0.0,0.0,0.0,1.0,0.0,0.0,0.0,0.0,0.0,0.0,0.0,0.0,0.0,0.0,0.0,0.0,0.0,12.0,414.0
53.0,2.0,7.0,78.0,141.0,145.0,29.0,35.0,3.0,6.0,0.0,9.0,23.0,0.0,0.0,4.0,6.0,1.0,0.0,0.0,0.0,0.0,0.0,0.0,0.0,0.0,0.0,0.0,0.0,0.0,0.0,1.0,0.0,0.0,30.0,745.0
52.0,4.0,7.0,55.0,47.0,124.0,28.0,14.0,3.0,10.0,0.0,14.0,21.0,0.0,2.0,2.0,2.0,0.0,0.0,1.0,0.0,3.0,0.0,0.0,0.0,0.0,0.0,0.0,0.0,0.0,0.0,0.0,0.0,0.0,50.0,963.0
87.0,26.0,14.0,193.0,163.0,289.0,60.0,31.0,15.0,19.0,14.0,67.0,74.0,6.0,1.0,4.0,11.0,0.0,0.0,0.0,2.0,0.0,1.0,0.0,0.0,0.0,1.0,0.0,0.0,0.0,0.0,0.0,0.0,0.0,46.0,737.0
123.0,24.0,19.0,159.0,156.0,245.0,50.0,54.0,31.0,19.0,13.0,87.0,65.0,23.0,5.0,3.0,12.0,0.0,1.0,0.0,6.0,4.0,0.0,0.0,0.0,0.0,1.0,0.0,0.0,0.0,0.0,0.0,0.0,0.0,93.0,2039.0
40.0,5.0,7.0,46.0,113.0,90.0,10.0,10.0,10.0,13.0,5.0,27.0,28.0,0.0,2.0,0.0,1.0,0.0,1.0,0.0,0.0,0.0,0.0,0.0,0.0,0.0,0.0,0.0,0.0,0.0,0.0,0.0,0.0,0.0,130.0,2146.0
37.0,3.0,7.0,42.0,88.0,90.0,17.0,10.0,14.0,6.0,6.0,19.0,12.0,1.0,0.0,3.0,1.0,0.0,0.0,0.0,0.0,0.0,0.0,0.0,0.0,0.0,0.0,0.0,0.0,0.0,0.0,0.0,0.0,0.0,38.0,734.0
27.0,2.0,7.0,40.0,90.0,115.0,17.0,14.0,3.0,10.0,2.0,14.0,16.0,0.0,0.0,0.0,4.0,0.0,0.0,0.0,0.0,0.0,0.0,0.0,0.0,0.0,0.0,0.0,0.0,0.0,0.0,0.0,0.0,0.0,18.0,631.0
0.0,0.0,0.0,0.0,0.0,0.0,0.0,0.0,0.0,0.0,0.0,0.0,0.0,0.0,0.0,0.0,0.0,0.0,0.0,0.0,0.0,0.0,0.0,0.0,0.0,0.0,0.0,0.0,0.0,0.0,0.0,0.0,0.0,0.0,32.0,642.0
69.0,2.0,10.0,77.0,167.0,128.0,37.0,23.0,30.0,2.0,5.0,34.0,25.0,7.0,0.0,0.0,3.0,0.0,0.0,0.0,1.0,1.0,0.0,0.0,0.0,0.0,0.0,0.0,0.0,0.0,0.0,0.0,0.0,0.0,0.0,0.0
0.0,0.0,0.0,0.0,0.0,0.0,0.0,0.0,0.0,0.0,0.0,0.0,0.0,0.0,0.0,0.0,0.0,0.0,0.0,0.0,0.0,0.0,0.0,0.0,0.0,0.0,0.0,0.0,0.0,0.0,0.0,0.0,0.0,0.0,39.0,1080.0
0.0,0.0,0.0,0.0,0.0,0.0,0.0,0.0,0.0,0.0,0.0,0.0,0.0,0.0,0.0,0.0,0.0,0.0,0.0,0.0,0.0,0.0,0.0,0.0,0.0,0.0,0.0,0.0,0.0,0.0,0.0,0.0,0.0,0.0,0.0,0.0
5.0,0.0,0.0,5.0,20.0,22.0,0.0,4.0,1.0,1.0,0.0,0.0,0.0,0.0,0.0,0.0,0.0,0.0,0.0,0.0,0.0,0.0,0.0,0.0,0.0,0.0,0.0,0.0,0.0,0.0,0.0,0.0,0.0,0.0,0.0,0.0
22.0,0.0,0.0,16.0,38.0,38.0,5.0,10.0,11.0,1.0,3.0,0.0,5.0,0.0,0.0,2.0,1.0,0.0,0.0,0.0,0.0,0.0,0.0,0.0,0.0,0.0,0.0,0.0,0.0,0.0,0.0,0.0,0.0,0.0,10.0,90.0
33.0,2.0,2.0,41.0,95.0,95.0,10.0,17.0,8.0,8.0,2.0,20.0,20.0,6.0,1.0,0.0,3.0,0.0,0.0,0.0,0.0,1.0,0.0,0.0,0.0,0.0,0.0,0.0,0.0,1.0,0.0,0.0,0.0,0.0,11.0,257.0
49.0,5.0,10.0,45.0,55.0,121.0,25.0,10.0,11.0,11.0,2.0,20.0,34.0,3.0,0.0,2.0,0.0,0.0,0.0,0.0,1.0,2.0,0.0,0.0,0.0,0.0,1.0,0.0,0.0,0.0,0.0,0.0,0.0,0.0,38.0,673.0
37.0,3.0,12.0,52.0,93.0,107.0,24.0,6.0,21.0,4.0,6.0,19.0,17.0,4.0,1.0,2.0,4.0,0.0,0.0,0.0,1.0,0.0,0.0,0.0,0.0,1.0,0.0,0.0,0.0,0.0,0.0,0.0,0.0,0.0,36.0,746.0
50.0,1.0,3.0,67.0,55.0,95.0,17.0,13.0,8.0,6.0,5.0,25.0,29.0,11.0,2.0,2.0,6.0,0.0,0.0,0.0,2.0,0.0,0.0,0.0,0.0,0.0,0.0,0.0,0.0,0.0,0.0,0.0,0.0,0.0,20.0,710.0
42.0,1.0,8.0,35.0,71.0,92.0,17.0,17.0,16.0,4.0,2.0,20.0,24.0,1.0,1.0,0.0,5.0,0.0,0.0,0.0,0.0,0.0,0.0,0.0,0.0,0.0,0.0,0.0,1.0,0.0,0.0,0.0,0.0,0.0,39.0,705.0
82.0,12.0,9.0,79.0,200.0,180.0,35.0,21.0,40.0,7.0,8.0,41.0,21.0,11.0,2.0,6.0,1.0,0.0,1.0,0.0,2.0,1.0,0.0,0.0,0.0,0.0,0.0,0.0,0.0,0.0,0.0,0.0,0.0,0.0,29.0,680.0
12.0,0.0,1.0,20.0,39.0,42.0,9.0,5.0,11.0,1.0,3.0,3.0,5.0,1.0,0.0,0.0,0.0,0.0,0.0,0.0,0.0,0.0,0.0,0.0,0.0,0.0,0.0,0.0,0.0,0.0,0.0,0.0,0.0,0.0,37.0,1343.0
46.0,10.0,2.0,91.0,104.0,131.0,19.0,11.0,12.0,11.0,0.0,40.0,42.0,3.0,1.0,2.0,0.0,0.0,0.0,0.0,1.0,1.0,0.0,0.0,0.0,0.0,0.0,0.0,0.0,0.0,0.0,0.0,0.0,0.0,12.0,272.0
34.0,0.0,8.0,53.0,120.0,126.0,30.0,18.0,20.0,5.0,2.0,18.0,15.0,2.0,0.0,3.0,3.0,0.0,0.0,0.0,0.0,0.0,0.0,0.0,0.0,0.0,1.0,0.0,0.0,0.0,0.0,0.0,0.0,0.0,46.0,989.0
46.0,4.0,6.0,73.0,108.0,109.0,14.0,17.0,8.0,6.0,11.0,28.0,17.0,8.0,1.0,1.0,6.0,0.0,0.0,0.0,0.0,0.0,0.0,0.0,0.0,0.0,0.0,0.0,0.0,0.0,0.0,0.0,0.0,0.0,24.0,796.0
9.0,0.0,4.0,3.0,21.0,19.0,4.0,7.0,2.0,1.0,0.0,0.0,2.0,0.0,0.0,8.0,0.0,0.0,0.0,0.0,0.0,0.0,0.0,0.0,0.0,0.0,0.0,0.0,0.0,0.0,0.0,0.0,0.0,0.0,29.0,791.0
6.0,0.0,2.0,0.0,18.0,18.0,4.0,8.0,2.0,0.0,0.0,0.0,2.0,0.0,0.0,8.0,0.0,0.0,0.0,0.0,0.0,0.0,0.0,0.0,0.0,0.0,0.0,0.0,0.0,0.0,0.0,0.0,0.0,0.0,10.0,130.0
7.0,2.0,0.0,10.0,30.0,22.0,4.0,4.0,4.0,0.0,3.0,0.0,4.0,0.0,0.0,2.0,0.0,0.0,0.0,0.0,0.0,0.0,0.0,0.0,0.0,0.0,0.0,0.0,0.0,0.0,0.0,0.0,0.0,0.0,12.0,116.0
12.0,1.0,0.0,13.0,27.0,40.0,9.0,4.0,8.0,1.0,4.0,0.0,4.0,0.0,0.0,4.0,0.0,0.0,0.0,0.0,0.0,0.0,0.0,0.0,0.0,0.0,0.0,0.0,0.0,0.0,0.0,0.0,0.0,0.0,8.0,140.0
13.0,1.0,0.0,8.0,22.0,26.0,6.0,2.0,4.0,0.0,0.0,0.0,0.0,0.0,0.0,0.0,0.0,0.0,0.0,0.0,0.0,0.0,0.0,0.0,0.0,0.0,0.0,0.0,0.0,0.0,0.0,0.0,0.0,0.0,16.0,220.0
17.0,1.0,2.0,18.0,20.0,18.0,8.0,7.0,7.0,0.0,1.0,5.0,1.0,0.0,0.0,0.0,0.0,0.0,0.0,0.0,0.0,0.0,0.0,0.0,0.0,0.0,0.0,0.0,0.0,0.0,0.0,0.0,0.0,0.0,8.0,132.0
50.0,1.0,5.0,53.0,57.0,100.0,15.0,8.0,9.0,8.0,0.0,21.0,21.0,4.0,1.0,1.0,2.0,0.0,0.0,1.0,1.0,0.0,0.0,0.0,0.0,0.0,0.0,0.0,0.0,0.0,0.0,0.0,0.0,0.0,6.0,180.0
36.0,5.0,1.0,61.0,65.0,75.0,16.0,12.0,18.0,4.0,1.0,23.0,21.0,0.0,1.0,0.0,3.0,0.0,0.0,0.0,0.0,0.0,0.0,0.0,0.0,0.0,0.0,0.0,0.0,0.0,0.0,0.0,0.0,0.0,30.0,667.0
34.0,2.0,3.0,35.0,92.0,86.0,25.0,11.0,17.0,5.0,3.0,28.0,10.0,5.0,1.0,1.0,1.0,0.0,0.0,1.0,0.0,0.0,0.0,0.0,0.0,0.0,0.0,0.0,0.0,0.0,0.0,0.0,0.0,0.0,19.0,582.0
40.0,8.0,2.0,83.0,40.0,99.0,20.0,11.0,2.0,11.0,1.0,17.0,32.0,1.0,1.0,0.0,1.0,1.0,0.0,0.0,0.0,0.0,0.0,0.0,0.0,0.0,2.0,0.0,0.0,0.0,0.0,0.0,0.0,0.0,18.0,632.0
11.0,1.0,1.0,32.0,41.0,58.0,8.0,4.0,4.0,6.0,0.0,15.0,11.0,1.0,1.0,0.0,0.0,0.0,0.0,0.0,0.0,0.0,0.0,0.0,0.0,0.0,0.0,0.0,0.0,0.0,0.0,0.0,0.0,0.0,36.0,706.0
19.0,0.0,4.0,11.0,42.0,34.0,3.0,6.0,13.0,0.0,0.0,2.0,0.0,0.0,0.0,0.0,0.0,0.0,0.0,0.0,1.0,1.0,0.0,0.0,0.0,0.0,0.0,0.0,0.0,0.0,0.0,0.0,0.0,0.0,10.0,325.0
23.0,3.0,1.0,11.0,42.0,22.0,3.0,7.0,6.0,0.0,0.0,0.0,0.0,0.0,0.0,4.0,1.0,0.0,0.0,0.0,0.0,0.0,0.0,0.0,0.0,0.0,0.0,0.0,0.0,0.0,0.0,0.0,0.0,0.0,7.0,214.0
1.0,0.0,2.0,6.0,22.0,15.0,0.0,2.0,0.0,1.0,0.0,0.0,0.0,0.0,0.0,0.0,0.0,0.0,0.0,0.0,0.0,0.0,0.0,0.0,0.0,0.0,0.0,0.0,0.0,0.0,0.0,0.0,0.0,0.0,15.0,191.0
39.0,11.0,2.0,55.0,56.0,100.0,13.0,10.0,9.0,4.0,0.0,33.0,23.0,1.0,2.0,0.0,5.0,0.0,1.0,0.0,3.0,0.0,0.0,0.0,0.0,0.0,2.0,0.0,0.0,0.0,0.0,0.0,0.0,0.0,6.0,65.0
25.0,1.0,7.0,28.0,73.0,54.0,11.0,1.0,12.0,3.0,3.0,12.0,9.0,0.0,0.0,0.0,2.0,0.0,0.0,0.0,0.0,1.0,0.0,0.0,0.0,0.0,0.0,0.0,0.0,0.0,0.0,0.0,0.0,0.0,31.0,699.0
27.0,0.0,3.0,40.0,108.0,88.0,20.0,8.0,10.0,7.0,1.0,21.0,5.0,0.0,1.0,1.0,1.0,0.0,0.0,0.0,0.0,0.0,0.0,0.0,0.0,0.0,0.0,0.0,0.0,0.0,0.0,0.0,0.0,0.0,11.0,401.0
0.0,0.0,0.0,0.0,0.0,0.0,0.0,0.0,0.0,0.0,0.0,0.0,0.0,0.0,0.0,0.0,0.0,0.0,0.0,0.0,0.0,0.0,0.0,0.0,0.0,0.0,0.0,0.0,0.0,0.0,0.0,0.0,0.0,0.0,15.0,580.0
32.0,5.0,7.0,50.0,124.0,107.0,15.0,2.0,8.0,20.0,1.0,24.0,10.0,0.0,0.0,0.0,0.0,0.0,0.0,0.0,0.0,0.0,0.0,0.0,0.0,0.0,0.0,0.0,0.0,0.0,0.0,0.0,0.0,0.0,0.0,0.0
49.0,3.0,9.0,56.0,127.0,101.0,22.0,12.0,21.0,8.0,4.0,32.0,12.0,4.0,0.0,2.0,1.0,0.0,0.0,0.0,0.0,0.0,0.0,0.0,0.0,0.0,0.0,0.0,0.0,0.0,0.0,0.0,0.0,0.0,28.0,677.0
37.0,3.0,5.0,52.0,53.0,102.0,26.0,12.0,4.0,5.0,2.0,22.0,17.0,3.0,0.0,0.0,0.0,0.0,1.0,0.0,0.0,0.0,0.0,0.0,0.0,0.0,1.0,0.0,0.0,0.0,0.0,0.0,0.0,0.0,25.0,831.0
21.0,0.0,6.0,9.0,39.0,30.0,6.0,6.0,3.0,0.0,0.0,0.0,9.0,0.0,0.0,0.0,0.0,0.0,0.0,0.0,0.0,0.0,0.0,0.0,0.0,0.0,0.0,0.0,0.0,0.0,0.0,0.0,0.0,0.0,24.0,620.0
3.0,0.0,0.0,3.0,4.0,6.0,1.0,3.0,0.0,0.0,1.0,0.0,0.0,0.0,0.0,0.0,0.0,0.0,0.0,0.0,0.0,0.0,0.0,0.0,0.0,0.0,0.0,0.0,0.0,0.0,0.0,0.0,0.0,0.0,15.0,202.0
13.0,1.0,3.0,9.0,15.0,17.0,3.0,7.0,0.0,1.0,3.0,0.0,0.0,0.0,0.0,0.0,0.0,0.0,0.0,0.0,0.0,0.0,0.0,0.0,0.0,0.0,0.0,0.0,0.0,0.0,0.0,0.0,0.0,0.0,3.0,38.0
56.0,3.0,2.0,39.0,71.0,83.0,25.0,16.0,8.0,4.0,3.0,11.0,14.0,1.0,1.0,1.0,5.0,0.0,0.0,1.0,1.0,0.0,0.0,0.0,0.0,0.0,3.0,0.0,0.0,0.0,0.0,0.0,0.0,0.0,8.0,120.0
19.0,1.0,2.0,33.0,74.0,58.0,5.0,7.0,2.0,3.0,1.0,13.0,5.0,0.0,1.0,0.0,3.0,0.0,0.0,0.0,0.0,0.0,0.0,0.0,0.0,0.0,0.0,0.0,0.0,0.0,0.0,0.0,0.0,0.0,30.0,607.0
46.0,3.0,4.0,48.0,141.0,82.0,13.0,3.0,24.0,6.0,2.0,21.0,8.0,2.0,1.0,1.0,4.0,0.0,1.0,0.0,0.0,0.0,0.0,0.0,0.0,0.0,0.0,0.0,2.0,0.0,0.0,0.0,0.0,0.0,11.0,373.0
72.0,4.0,4.0,83.0,195.0,147.0,33.0,21.0,36.0,4.0,4.0,39.0,21.0,9.0,2.0,0.0,2.0,0.0,0.0,1.0,0.0,0.0,0.0,0.0,0.0,0.0,0.0,0.0,0.0,0.0,0.0,0.0,0.0,0.0,32.0,719.0
0.0,0.0,0.0,0.0,0.0,0.0,0.0,0.0,0.0,0.0,0.0,0.0,0.0,0.0,0.0,0.0,0.0,0.0,0.0,0.0,0.0,0.0,0.0,0.0,0.0,0.0,0.0,0.0,0.0,0.0,0.0,0.0,0.0,0.0,43.0,1116.0
19.0,1.0,0.0,12.0,33.0,40.0,10.0,3.0,6.0,2.0,0.0,2.0,0.0,0.0,0.0,0.0,0.0,0.0,0.0,0.0,0.0,0.0,0.0,0.0,0.0,0.0,0.0,0.0,0.0,0.0,0.0,0.0,0.0,0.0,0.0,0.0
11.0,0.0,1.0,9.0,30.0,21.0,4.0,3.0,9.0,0.0,1.0,3.0,0.0,0.0,0.0,0.0,2.0,0.0,0.0,0.0,0.0,0.0,0.0,0.0,0.0,0.0,0.0,0.0,0.0,0.0,0.0,0.0,0.0,0.0,12.0,201.0
9.0,0.0,0.0,9.0,62.0,20.0,3.0,4.0,10.0,3.0,0.0,10.0,3.0,2.0,0.0,0.0,0.0,0.0,0.0,0.0,0.0,0.0,0.0,0.0,0.0,0.0,0.0,0.0,0.0,0.0,0.0,0.0,0.0,0.0,7.0,158.0
36.0,0.0,2.0,47.0,38.0,70.0,17.0,9.0,7.0,0.0,0.0,21.0,10.0,0.0,0.0,0.0,0.0,0.0,0.0,0.0,0.0,0.0,0.0,0.0,0.0,0.0,0.0,0.0,0.0,0.0,0.0,0.0,0.0,0.0,12.0,207.0
17.0,2.0,6.0,65.0,87.0,127.0,11.0,18.0,3.0,12.0,4.0,22.0,36.0,2.0,1.0,2.0,3.0,0.0,0.0,0.0,0.0,1.0,0.0,0.0,0.0,0.0,0.0,0.0,1.0,0.0,0.0,0.0,0.0,0.0,11.0,419.0
102.0,26.0,7.0,94.0,94.0,212.0,48.0,18.0,11.0,10.0,1.0,66.0,38.0,2.0,1.0,0.0,6.0,0.0,0.0,0.0,1.0,0.0,0.0,0.0,0.0,0.0,4.0,0.0,0.0,0.0,0.0,0.0,0.0,0.0,46.0,790.0
37.0,0.0,4.0,43.0,101.0,98.0,15.0,20.0,15.0,8.0,1.0,34.0,19.0,5.0,1.0,1.0,2.0,1.0,0.0,0.0,3.0,0.0,0.0,0.0,0.0,0.0,0.0,0.0,0.0,0.0,0.0,0.0,0.0,0.0,68.0,1525.0
32.0,0.0,3.0,32.0,28.0,52.0,4.0,11.0,11.0,0.0,0.0,4.0,7.0,0.0,0.0,1.0,6.0,0.0,0.0,0.0,0.0,0.0,0.0,0.0,0.0,0.0,0.0,0.0,0.0,0.0,0.0,0.0,0.0,0.0,24.0,711.0
106.0,4.0,12.0,106.0,188.0,172.0,23.0,30.0,43.0,11.0,9.0,46.0,26.0,5.0,5.0,4.0,5.0,0.0,0.0,0.0,2.0,3.0,0.0,0.0,0.0,0.0,1.0,0.0,0.0,0.0,0.0,0.0,0.0,0.0,13.0,314.0
50.0,1.0,3.0,64.0,63.0,106.0,20.0,12.0,12.0,9.0,1.0,19.0,11.0,0.0,1.0,1.0,2.0,0.0,0.0,0.0,0.0,0.0,0.0,0.0,0.0,0.0,0.0,0.0,0.0,0.0,0.0,0.0,0.0,0.0,52.0,1515.0
22.0,1.0,4.0,6.0,40.0,30.0,5.0,7.0,10.0,0.0,4.0,0.0,1.0,0.0,0.0,1.0,0.0,0.0,0.0,0.0,0.0,0.0,0.0,0.0,0.0,0.0,0.0,0.0,0.0,0.0,0.0,0.0,0.0,0.0,15.0,606.0
33.0,1.0,6.0,74.0,120.0,114.0,26.0,16.0,18.0,8.0,1.0,29.0,12.0,1.0,1.0,0.0,4.0,0.0,0.0,0.0,2.0,0.0,0.0,0.0,0.0,0.0,0.0,0.0,0.0,0.0,0.0,0.0,0.0,0.0,13.0,206.0
99.0,20.0,11.0,153.0,198.0,269.0,37.0,45.0,15.0,23.0,8.0,100.0,61.0,12.0,3.0,2.0,10.0,1.0,0.0,0.0,5.0,0.0,0.0,0.0,0.0,0.0,2.0,0.0,0.0,0.0,0.0,0.0,0.0,0.0,29.0,796.0
44.0,0.0,5.0,59.0,122.0,87.0,18.0,13.0,21.0,6.0,4.0,29.0,13.0,9.0,1.0,2.0,1.0,0.0,0.0,0.0,0.0,1.0,0.0,0.0,0.0,0.0,0.0,0.0,0.0,0.0,0.0,0.0,0.0,0.0,127.0,2101.0
43.0,9.0,4.0,65.0,47.0,87.0,11.0,13.0,8.0,6.0,0.0,15.0,25.0,1.0,0.0,0.0,1.0,0.0,0.0,0.0,0.0,0.0,0.0,0.0,1.0,0.0,1.0,0.0,0.0,0.0,0.0,0.0,0.0,0.0,24.0,719.0
88.0,8.0,3.0,107.0,169.0,162.0,36.0,15.0,31.0,16.0,4.0,42.0,30.0,3.0,1.0,0.0,4.0,1.0,0.0,0.0,0.0,0.0,0.0,0.0,0.0,0.0,0.0,0.0,0.0,0.0,0.0,0.0,0.0,0.0,31.0,571.0
56.0,4.0,6.0,84.0,70.0,109.0,19.0,23.0,6.0,14.0,1.0,19.0,30.0,0.0,0.0,1.0,5.0,0.0,0.0,0.0,0.0,0.0,0.0,0.0,0.0,0.0,0.0,0.0,0.0,0.0,0.0,0.0,0.0,0.0,33.0,1162.0
44.0,2.0,3.0,57.0,41.0,102.0,10.0,11.0,4.0,9.0,1.0,21.0,19.0,3.0,1.0,0.0,5.0,0.0,1.0,0.0,2.0,1.0,0.0,0.0,0.0,0.0,0.0,0.0,0.0,0.0,0.0,1.0,0.0,1.0,39.0,848.0
69.0,3.0,5.0,51.0,151.0,82.0,26.0,13.0,13.0,7.0,2.0,30.0,20.0,2.0,6.0,3.0,4.0,0.0,0.0,0.0,0.0,0.0,0.0,0.0,0.0,0.0,0.0,0.0,0.0,0.0,0.0,0.0,0.0,0.0,31.0,625.0
25.0,3.0,3.0,31.0,76.0,77.0,11.0,20.0,12.0,7.0,1.0,25.0,21.0,3.0,0.0,1.0,1.0,0.0,0.0,0.0,0.0,0.0,0.0,0.0,0.0,0.0,0.0,0.0,0.0,1.0,0.0,0.0,0.0,0.0,26.0,843.0
81.0,12.0,11.0,84.0,211.0,136.0,27.0,14.0,31.0,12.0,1.0,42.0,35.0,5.0,0.0,2.0,16.0,0.0,0.0,0.0,1.0,0.0,0.0,0.0,0.0,0.0,0.0,0.0,0.0,0.0,0.0,0.0,0.0,0.0,29.0,576.0
68.0,3.0,14.0,78.0,184.0,147.0,28.0,16.0,29.0,11.0,4.0,34.0,24.0,3.0,0.0,1.0,1.0,0.0,0.0,0.0,1.0,0.0,0.0,0.0,0.0,0.0,1.0,0.0,0.0,0.0,0.0,0.0,0.0,0.0,37.0,1171.0
19.0,2.0,2.0,37.0,54.0,73.0,6.0,7.0,11.0,11.0,0.0,11.0,6.0,1.0,0.0,0.0,0.0,0.0,0.0,0.0,0.0,0.0,0.0,0.0,0.0,0.0,0.0,0.0,0.0,0.0,0.0,0.0,0.0,0.0,29.0,1132.0
61.0,3.0,6.0,67.0,132.0,126.0,26.0,15.0,26.0,10.0,2.0,30.0,26.0,3.0,2.0,2.0,14.0,0.0,0.0,0.0,0.0,0.0,0.0,0.0,0.0,0.0,0.0,0.0,0.0,0.0,0.0,0.0,0.0,0.0,15.0,432.0
38.0,0.0,4.0,48.0,107.0,71.0,16.0,8.0,15.0,7.0,11.0,24.0,8.0,4.0,0.0,3.0,4.0,0.0,0.0,0.0,2.0,2.0,0.0,0.0,0.0,0.0,0.0,0.0,0.0,0.0,0.0,0.0,0.0,0.0,29.0,966.0
42.0,3.0,5.0,58.0,106.0,95.0,12.0,13.0,19.0,4.0,0.0,28.0,16.0,1.0,0.0,1.0,4.0,0.0,0.0,0.0,2.0,0.0,0.0,0.0,0.0,0.0,0.0,0.0,0.0,0.0,0.0,0.0,0.0,0.0,21.0,630.0
40.0,2.0,7.0,40.0,81.0,101.0,28.0,16.0,13.0,10.0,0.0,9.0,18.0,1.0,0.0,0.0,4.0,0.0,0.0,0.0,1.0,0.0,0.0,0.0,0.0,0.0,0.0,0.0,0.0,0.0,0.0,0.0,0.0,0.0,26.0,698.0
13.0,1.0,1.0,9.0,29.0,18.0,2.0,6.0,5.0,1.0,3.0,0.0,1.0,0.0,0.0,1.0,0.0,0.0,0.0,0.0,0.0,0.0,0.0,0.0,0.0,0.0,0.0,0.0,0.0,0.0,0.0,0.0,0.0,0.0,31.0,649.0
30.0,0.0,2.0,37.0,60.0,52.0,13.0,12.0,14.0,0.0,3.0,7.0,6.0,5.0,0.0,0.0,4.0,0.0,0.0,0.0,1.0,0.0,0.0,0.0,0.0,0.0,0.0,0.0,0.0,0.0,0.0,0.0,0.0,0.0,10.0,149.0
0.0,0.0,0.0,0.0,0.0,0.0,0.0,0.0,0.0,0.0,0.0,0.0,0.0,0.0,0.0,0.0,0.0,0.0,0.0,0.0,0.0,0.0,0.0,0.0,0.0,0.0,0.0,0.0,0.0,0.0,0.0,0.0,0.0,0.0,18.0,448.0
9.0,0.0,1.0,28.0,64.0,49.0,7.0,4.0,9.0,1.0,0.0,12.0,3.0,0.0,0.0,0.0,1.0,0.0,0.0,0.0,0.0,0.0,0.0,0.0,0.0,0.0,0.0,0.0,0.0,0.0,0.0,0.0,0.0,0.0,0.0,0.0
0.0,0.0,0.0,0.0,0.0,0.0,0.0,0.0,0.0,0.0,0.0,0.0,0.0,0.0,0.0,0.0,0.0,0.0,0.0,0.0,0.0,0.0,0.0,0.0,0.0,0.0,0.0,0.0,0.0,0.0,0.0,0.0,0.0,0.0,12.0,318.0
45.0,4.0,6.0,59.0,72.0,114.0,20.0,20.0,10.0,7.0,0.0,24.0,26.0,2.0,2.0,3.0,2.0,0.0,0.0,0.0,1.0,0.0,0.0,0.0,0.0,0.0,0.0,0.0,0.0,0.0,0.0,0.0,0.0,0.0,0.0,0.0
22.0,5.0,0.0,44.0,42.0,50.0,8.0,2.0,5.0,3.0,0.0,8.0,4.0,0.0,1.0,0.0,3.0,0.0,0.0,0.0,0.0,0.0,0.0,0.0,0.0,0.0,0.0,0.0,0.0,0.0,0.0,0.0,0.0,0.0,28.0,771.0
98.0,0.0,14.0,146.0,333.0,268.0,48.0,50.0,43.0,15.0,11.0,41.0,61.0,4.0,1.0,2.0,4.0,0.0,1.0,0.0,0.0,0.0,0.0,0.0,1.0,0.0,0.0,0.0,0.0,0.0,0.0,0.0,0.0,0.0,10.0,338.0
12.0,0.0,4.0,13.0,20.0,22.0,4.0,4.0,6.0,1.0,0.0,2.0,2.0,0.0,0.0,0.0,0.0,0.0,0.0,0.0,0.0,0.0,0.0,0.0,0.0,0.0,0.0,0.0,0.0,0.0,0.0,0.0,0.0,0.0,71.0,1947.0
72.0,2.0,7.0,62.0,134.0,143.0,27.0,29.0,38.0,4.0,10.0,8.0,12.0,1.0,0.0,2.0,7.0,0.0,0.0,0.0,2.0,0.0,0.0,0.0,0.0,0.0,0.0,0.0,0.0,0.0,0.0,0.0,0.0,0.0,8.0,130.0
14.0,1.0,0.0,8.0,43.0,23.0,0.0,8.0,5.0,1.0,5.0,0.0,1.0,0.0,0.0,1.0,0.0,0.0,0.0,0.0,0.0,0.0,0.0,0.0,0.0,0.0,0.0,0.0,0.0,0.0,0.0,0.0,0.0,0.0,35.0,920.0
25.0,1.0,1.0,32.0,71.0,80.0,12.0,13.0,14.0,5.0,1.0,23.0,12.0,3.0,0.0,1.0,1.0,0.0,0.0,0.0,0.0,0.0,0.0,0.0,0.0,0.0,0.0,0.0,1.0,0.0,0.0,0.0,0.0,0.0,12.0,182.0
81.0,18.0,14.0,100.0,83.0,201.0,27.0,30.0,17.0,11.0,3.0,33.0,34.0,8.0,11.0,1.0,9.0,0.0,0.0,0.0,0.0,0.0,0.0,0.0,0.0,0.0,1.0,0.0,0.0,0.0,1.0,0.0,0.0,0.0,25.0,544.0
54.0,0.0,1.0,84.0,170.0,172.0,28.0,20.0,43.0,2.0,5.0,42.0,22.0,3.0,0.0,2.0,6.0,0.0,0.0,0.0,1.0,1.0,0.0,0.0,0.0,0.0,0.0,0.0,0.0,0.0,0.0,0.0,0.0,0.0,59.0,1298.0
0.0,0.0,0.0,0.0,0.0,0.0,0.0,0.0,0.0,0.0,0.0,0.0,0.0,0.0,0.0,0.0,0.0,0.0,0.0,0.0,0.0,0.0,0.0,0.0,0.0,0.0,0.0,0.0,0.0,0.0,0.0,0.0,0.0,0.0,35.0,1110.0
14.0,0.0,1.0,14.0,67.0,32.0,8.0,3.0,14.0,0.0,1.0,0.0,4.0,1.0,1.0,1.0,4.0,0.0,0.0,0.0,0.0,0.0,0.0,0.0,0.0,0.0,0.0,0.0,0.0,0.0,0.0,0.0,0.0,0.0,0.0,0.0
14.0,1.0,0.0,6.0,43.0,27.0,1.0,9.0,5.0,0.0,6.0,0.0,1.0,0.0,0.0,1.0,0.0,0.0,0.0,0.0,0.0,0.0,0.0,0.0,0.0,0.0,0.0,0.0,0.0,0.0,0.0,0.0,0.0,0.0,11.0,249.0
26.0,2.0,4.0,23.0,64.0,44.0,2.0,7.0,15.0,1.0,0.0,2.0,1.0,0.0,0.0,0.0,3.0,0.0,0.0,0.0,0.0,0.0,0.0,0.0,0.0,0.0,0.0,0.0,0.0,0.0,0.0,0.0,0.0,0.0,13.0,186.0
57.0,5.0,2.0,71.0,87.0,103.0,22.0,11.0,5.0,11.0,0.0,17.0,18.0,1.0,1.0,0.0,1.0,0.0,0.0,0.0,0.0,0.0,0.0,0.0,0.0,0.0,0.0,0.0,0.0,0.0,0.0,0.0,0.0,0.0,14.0,316.0
32.0,0.0,4.0,52.0,75.0,85.0,11.0,10.0,3.0,13.0,3.0,20.0,12.0,1.0,0.0,0.0,1.0,0.0,0.0,0.0,0.0,0.0,0.0,0.0,0.0,0.0,0.0,0.0,0.0,0.0,0.0,0.0,0.0,0.0,33.0,680.0
99.0,4.0,14.0,114.0,200.0,199.0,28.0,18.0,47.0,16.0,5.0,49.0,28.0,3.0,3.0,3.0,16.0,0.0,1.0,0.0,2.0,1.0,0.0,0.0,0.0,0.0,0.0,0.0,0.0,0.0,0.0,0.0,0.0,0.0,25.0,551.0
56.0,3.0,6.0,76.0,120.0,124.0,17.0,7.0,21.0,12.0,4.0,27.0,14.0,0.0,1.0,0.0,3.0,0.0,0.0,0.0,1.0,0.0,0.0,0.0,0.0,0.0,0.0,0.0,0.0,0.0,0.0,0.0,0.0,0.0,48.0,1458.0
78.0,16.0,10.0,134.0,194.0,224.0,24.0,21.0,9.0,21.0,4.0,50.0,49.0,7.0,3.0,2.0,5.0,0.0,0.0,0.0,1.0,2.0,0.0,0.0,0.0,0.0,1.0,0.0,0.0,0.0,0.0,0.0,0.0,0.0,33.0,811.0
45.0,4.0,2.0,54.0,36.0,52.0,13.0,9.0,9.0,2.0,0.0,4.0,12.0,1.0,1.0,1.0,1.0,0.0,0.0,0.0,1.0,0.0,0.0,0.0,0.0,0.0,0.0,0.0,0.0,0.0,0.0,0.0,0.0,0.0,91.0,1637.0
102.0,5.0,21.0,159.0,277.0,249.0,39.0,57.0,66.0,11.0,19.0,32.0,48.0,2.0,0.0,1.0,11.0,0.0,0.0,0.0,1.0,0.0,0.0,0.0,0.0,0.0,0.0,0.0,0.0,0.0,0.0,0.0,0.0,0.0,19.0,423.0
29.0,1.0,3.0,25.0,44.0,50.0,8.0,13.0,11.0,0.0,3.0,5.0,4.0,1.0,0.0,1.0,2.0,0.0,0.0,0.0,0.0,0.0,0.0,0.0,0.0,0.0,0.0,0.0,0.0,0.0,0.0,0.0,0.0,0.0,85.0,1952.0
32.0,5.0,1.0,59.0,71.0,95.0,13.0,9.0,16.0,11.0,0.0,17.0,21.0,2.0,0.0,0.0,1.0,0.0,0.0,0.0,0.0,0.0,0.0,0.0,0.0,0.0,0.0,0.0,0.0,0.0,0.0,0.0,0.0,0.0,19.0,343.0
46.0,5.0,5.0,60.0,133.0,128.0,17.0,18.0,21.0,16.0,1.0,14.0,21.0,0.0,0.0,0.0,1.0,0.0,0.0,0.0,3.0,0.0,0.0,0.0,0.0,0.0,0.0,0.0,0.0,0.0,1.0,0.0,0.0,0.0,23.0,590.0
83.0,4.0,8.0,68.0,196.0,121.0,37.0,22.0,25.0,8.0,6.0,32.0,18.0,4.0,2.0,0.0,3.0,0.0,0.0,0.0,0.0,0.0,0.0,0.0,0.0,0.0,1.0,0.0,0.0,0.0,0.0,0.0,0.0,0.0,24.0,851.0
34.0,1.0,6.0,52.0,67.0,86.0,10.0,5.0,13.0,9.0,5.0,23.0,16.0,3.0,0.0,0.0,4.0,0.0,0.0,0.0,0.0,2.0,0.0,0.0,0.0,0.0,0.0,0.0,0.0,0.0,0.0,0.0,0.0,0.0,29.0,1063.0
117.0,5.0,12.0,191.0,284.0,281.0,43.0,46.0,44.0,14.0,13.0,34.0,56.0,0.0,4.0,2.0,7.0,0.0,0.0,0.0,2.0,0.0,0.0,0.0,0.0,0.0,0.0,0.0,0.0,0.0,0.0,0.0,0.0,0.0,26.0,637.0
29.0,5.0,0.0,54.0,33.0,76.0,12.0,17.0,6.0,5.0,0.0,13.0,15.0,0.0,1.0,0.0,0.0,0.0,0.0,0.0,0.0,0.0,0.0,0.0,0.0,0.0,0.0,0.0,0.0,0.0,0.0,0.0,0.0,0.0,84.0,1968.0
34.0,4.0,2.0,44.0,90.0,112.0,16.0,12.0,9.0,9.0,5.0,8.0,16.0,2.0,0.0,1.0,4.0,0.0,1.0,0.0,0.0,0.0,0.0,0.0,0.0,0.0,0.0,0.0,0.0,0.0,0.0,0.0,0.0,0.0,16.0,465.0
29.0,3.0,6.0,44.0,92.0,117.0,9.0,27.0,23.0,4.0,3.0,21.0,27.0,6.0,0.0,1.0,2.0,0.0,1.0,0.0,2.0,1.0,0.0,0.0,0.0,0.0,0.0,0.0,0.0,0.0,0.0,0.0,0.0,0.0,35.0,699.0
51.0,3.0,4.0,69.0,120.0,120.0,21.0,23.0,21.0,3.0,2.0,15.0,13.0,2.0,0.0,0.0,6.0,0.0,0.0,0.0,0.0,1.0,0.0,0.0,0.0,0.0,0.0,0.0,0.0,0.0,0.0,0.0,0.0,0.0,44.0,784.0
55.0,7.0,12.0,77.0,81.0,133.0,36.0,17.0,10.0,19.0,0.0,25.0,28.0,2.0,4.0,0.0,4.0,0.0,0.0,0.0,0.0,1.0,0.0,0.0,0.0,0.0,0.0,0.0,0.0,0.0,0.0,0.0,0.0,0.0,24.0,782.0
159.0,20.0,12.0,140.0,91.0,253.0,44.0,42.0,7.0,11.0,3.0,71.0,40.0,9.0,7.0,4.0,3.0,0.0,0.0,0.0,2.0,2.0,0.0,0.0,0.0,0.0,0.0,0.0,0.0,0.0,0.0,0.0,0.0,0.0,38.0,938.0
21.0,2.0,4.0,41.0,94.0,67.0,13.0,9.0,12.0,6.0,3.0,14.0,18.0,1.0,0.0,1.0,3.0,0.0,0.0,0.0,1.0,1.0,0.0,0.0,0.0,0.0,0.0,0.0,0.0,0.0,0.0,0.0,0.0,0.0,86.0,1676.0
38.0,0.0,5.0,66.0,81.0,85.0,22.0,17.0,4.0,7.0,0.0,16.0,31.0,1.0,1.0,0.0,1.0,0.0,0.0,0.0,1.0,0.0,0.0,0.0,0.0,0.0,0.0,0.0,0.0,0.0,0.0,0.0,0.0,0.0,24.0,560.0
75.0,7.0,7.0,82.0,193.0,182.0,21.0,31.0,39.0,13.0,4.0,27.0,14.0,7.0,1.0,1.0,6.0,1.0,0.0,0.0,2.0,0.0,0.0,0.0,0.0,0.0,0.0,0.0,1.0,0.0,0.0,0.0,0.0,0.0,28.0,672.0
66.0,3.0,8.0,58.0,135.0,137.0,27.0,15.0,20.0,5.0,1.0,26.0,15.0,4.0,0.0,0.0,1.0,0.0,0.0,0.0,0.0,0.0,0.0,0.0,0.0,0.0,0.0,0.0,0.0,0.0,0.0,0.0,0.0,0.0,47.0,1227.0
