NNS,VBP,NNP,VBD,NN,JJ,VBN,IN,NNPS,VBG,VBZ,VB,MD,CD,RB,DT,JJR,RBR,JJS,CC,FW,PRP,PDT,RP,WDT,WP$,WRB,UH,sentence_count,word_count
10.0,2.0,42.0,3.0,19.0,6.0,6.0,5.0,1.0,2.0,1.0,0.0,0.0,0.0,0.0,0.0,0.0,0.0,0.0,0.0,0.0,0.0,0.0,0.0,0.0,0.0,0.0,0.0,15,154
17.0,1.0,56.0,13.0,47.0,22.0,4.0,3.0,1.0,5.0,3.0,3.0,2.0,2.0,2.0,0.0,0.0,0.0,0.0,0.0,0.0,0.0,0.0,0.0,0.0,0.0,0.0,0.0,12,313
93.0,6.0,54.0,18.0,181.0,128.0,19.0,5.0,0.0,34.0,13.0,20.0,0.0,4.0,21.0,2.0,3.0,1.0,1.0,0.0,0.0,0.0,0.0,0.0,0.0,0.0,0.0,0.0,33,1000
2.0,0.0,21.0,0.0,10.0,9.0,2.0,0.0,1.0,0.0,1.0,1.0,0.0,0.0,2.0,0.0,0.0,0.0,0.0,0.0,0.0,0.0,0.0,0.0,0.0,0.0,0.0,0.0,4,76
21.0,2.0,24.0,7.0,42.0,20.0,5.0,2.0,0.0,4.0,1.0,1.0,0.0,1.0,2.0,0.0,0.0,0.0,2.0,0.0,0.0,0.0,0.0,0.0,0.0,0.0,0.0,0.0,8,222
79.0,3.0,186.0,38.0,214.0,89.0,41.0,11.0,1.0,39.0,5.0,24.0,4.0,12.0,22.0,3.0,1.0,0.0,3.0,0.0,0.0,0.0,0.0,0.0,0.0,0.0,0.0,0.0,60,1305
34.0,1.0,36.0,19.0,83.0,38.0,5.0,1.0,1.0,11.0,4.0,8.0,2.0,4.0,8.0,1.0,0.0,0.0,0.0,0.0,0.0,0.0,0.0,0.0,0.0,0.0,0.0,0.0,18,432
17.0,0.0,32.0,9.0,33.0,16.0,10.0,0.0,1.0,11.0,2.0,8.0,0.0,0.0,0.0,0.0,0.0,0.0,4.0,0.0,0.0,0.0,0.0,0.0,0.0,0.0,0.0,0.0,12,245
9.0,1.0,36.0,2.0,18.0,6.0,2.0,0.0,3.0,0.0,0.0,2.0,0.0,0.0,0.0,0.0,0.0,0.0,2.0,0.0,0.0,0.0,0.0,0.0,0.0,0.0,0.0,0.0,5,131
69.0,8.0,96.0,19.0,109.0,77.0,15.0,7.0,0.0,17.0,4.0,13.0,1.0,7.0,28.0,0.0,1.0,2.0,0.0,0.0,0.0,0.0,0.0,0.0,0.0,0.0,0.0,0.0,43,880
79.0,7.0,80.0,21.0,165.0,96.0,15.0,3.0,2.0,23.0,11.0,40.0,1.0,1.0,20.0,1.0,4.0,0.0,1.0,0.0,0.0,0.0,0.0,0.0,0.0,0.0,0.0,0.0,29,963
3.0,1.0,7.0,0.0,5.0,2.0,1.0,1.0,1.0,1.0,0.0,1.0,0.0,0.0,0.0,0.0,0.0,0.0,0.0,0.0,0.0,0.0,0.0,0.0,0.0,0.0,0.0,0.0,3,35
5.0,1.0,6.0,0.0,8.0,2.0,1.0,0.0,0.0,1.0,0.0,0.0,0.0,0.0,0.0,0.0,0.0,0.0,0.0,0.0,0.0,0.0,0.0,0.0,0.0,0.0,0.0,0.0,3,38
22.0,5.0,59.0,9.0,76.0,36.0,11.0,5.0,0.0,11.0,6.0,4.0,0.0,1.0,11.0,0.0,0.0,0.0,0.0,0.0,0.0,0.0,0.0,0.0,0.0,0.0,0.0,0.0,21,441
35.0,2.0,126.0,18.0,120.0,40.0,15.0,1.0,2.0,17.0,5.0,29.0,3.0,2.0,14.0,0.0,1.0,0.0,0.0,1.0,0.0,0.0,0.0,0.0,0.0,0.0,0.0,0.0,30,770
3.0,0.0,6.0,0.0,15.0,3.0,3.0,0.0,0.0,0.0,3.0,0.0,0.0,0.0,0.0,0.0,0.0,0.0,0.0,0.0,0.0,0.0,0.0,0.0,0.0,0.0,0.0,0.0,6,55
9.0,3.0,81.0,3.0,12.0,1.0,0.0,0.0,3.0,3.0,3.0,3.0,0.0,0.0,0.0,0.0,0.0,0.0,0.0,0.0,0.0,0.0,0.0,0.0,0.0,0.0,0.0,0.0,9,163
61.0,10.0,177.0,3.0,210.0,128.0,18.0,12.0,0.0,31.0,29.0,31.0,3.0,5.0,16.0,0.0,3.0,0.0,3.0,0.0,1.0,0.0,0.0,0.0,0.0,0.0,0.0,0.0,72,1277
10.0,1.0,25.0,2.0,18.0,16.0,1.0,1.0,1.0,6.0,0.0,2.0,0.0,2.0,1.0,0.0,0.0,0.0,0.0,0.0,0.0,0.0,0.0,0.0,0.0,0.0,0.0,0.0,6,137
39.0,1.0,47.0,10.0,38.0,18.0,13.0,3.0,10.0,7.0,3.0,3.0,0.0,0.0,1.0,0.0,0.0,0.0,2.0,0.0,0.0,0.0,0.0,0.0,0.0,0.0,0.0,0.0,14,335
2.0,0.0,22.0,6.0,32.0,8.0,4.0,0.0,0.0,0.0,2.0,0.0,0.0,0.0,2.0,0.0,0.0,0.0,0.0,0.0,0.0,0.0,0.0,0.0,0.0,0.0,0.0,0.0,8,116
0.0,0.0,0.0,0.0,0.0,0.0,0.0,0.0,0.0,0.0,0.0,0.0,0.0,0.0,0.0,0.0,0.0,0.0,0.0,0.0,0.0,0.0,0.0,0.0,0.0,0.0,0.0,0.0,0,0
0.0,0.0,0.0,0.0,0.0,0.0,0.0,0.0,0.0,0.0,0.0,0.0,0.0,0.0,0.0,0.0,0.0,0.0,0.0,0.0,0.0,0.0,0.0,0.0,0.0,0.0,0.0,0.0,0,0
75.0,3.0,63.0,5.0,121.0,77.0,22.0,6.0,1.0,21.0,17.0,14.0,2.0,3.0,25.0,2.0,1.0,2.0,3.0,0.0,1.0,1.0,0.0,0.0,0.0,0.0,0.0,0.0,37,820
4.0,1.0,28.0,0.0,16.0,6.0,4.0,0.0,0.0,2.0,1.0,2.0,0.0,0.0,2.0,0.0,0.0,0.0,0.0,0.0,0.0,0.0,0.0,0.0,0.0,0.0,0.0,0.0,6,107
0.0,0.0,0.0,0.0,0.0,0.0,0.0,0.0,0.0,0.0,0.0,0.0,0.0,0.0,0.0,0.0,0.0,0.0,0.0,0.0,0.0,0.0,0.0,0.0,0.0,0.0,0.0,0.0,0,0
7.0,3.0,39.0,0.0,9.0,12.0,3.0,0.0,2.0,0.0,3.0,0.0,0.0,0.0,0.0,0.0,0.0,0.0,3.0,0.0,0.0,0.0,0.0,0.0,0.0,0.0,0.0,0.0,9,117
36.0,1.0,87.0,18.0,90.0,31.0,7.0,5.0,4.0,10.0,3.0,3.0,0.0,1.0,4.0,0.0,1.0,0.0,2.0,0.0,0.0,0.0,1.0,1.0,0.0,0.0,0.0,0.0,26,487
22.0,1.0,72.0,18.0,50.0,14.0,5.0,5.0,1.0,3.0,1.0,0.0,0.0,0.0,2.0,0.0,0.0,0.0,0.0,0.0,0.0,0.0,0.0,0.0,0.0,0.0,0.0,0.0,13,313
15.0,0.0,30.0,9.0,36.0,9.0,3.0,3.0,0.0,6.0,0.0,0.0,0.0,0.0,0.0,0.0,0.0,0.0,0.0,0.0,0.0,0.0,0.0,0.0,0.0,0.0,0.0,0.0,15,174
110.0,15.0,170.0,3.0,180.0,137.0,28.0,13.0,3.0,27.0,13.0,42.0,2.0,12.0,52.0,0.0,0.0,0.0,2.0,0.0,0.0,0.0,0.0,1.0,0.0,0.0,0.0,0.0,74,1451
0.0,0.0,0.0,0.0,0.0,0.0,0.0,0.0,0.0,0.0,0.0,0.0,0.0,0.0,0.0,0.0,0.0,0.0,0.0,0.0,0.0,0.0,0.0,0.0,0.0,0.0,0.0,0.0,0,0
1.0,0.0,12.0,0.0,14.0,1.0,4.0,0.0,0.0,0.0,3.0,0.0,0.0,0.0,0.0,0.0,0.0,0.0,0.0,0.0,0.0,0.0,0.0,0.0,0.0,0.0,0.0,0.0,6,60
0.0,0.0,5.0,0.0,6.0,1.0,1.0,0.0,0.0,0.0,1.0,0.0,0.0,0.0,0.0,0.0,0.0,0.0,0.0,0.0,0.0,0.0,0.0,0.0,0.0,0.0,0.0,0.0,4,21
35.0,16.0,52.0,39.0,137.0,50.0,12.0,6.0,3.0,20.0,7.0,13.0,2.0,8.0,21.0,2.0,0.0,1.0,1.0,0.0,0.0,1.0,0.0,0.0,0.0,0.0,0.0,0.0,40,819
0.0,0.0,0.0,0.0,0.0,0.0,0.0,0.0,0.0,0.0,0.0,0.0,0.0,0.0,0.0,0.0,0.0,0.0,0.0,0.0,0.0,0.0,0.0,0.0,0.0,0.0,0.0,0.0,0,0
0.0,0.0,0.0,0.0,0.0,0.0,0.0,0.0,0.0,0.0,0.0,0.0,0.0,0.0,0.0,0.0,0.0,0.0,0.0,0.0,0.0,0.0,0.0,0.0,0.0,0.0,0.0,0.0,0,0
59.0,3.0,135.0,24.0,147.0,101.0,9.0,2.0,6.0,24.0,11.0,25.0,5.0,10.0,14.0,0.0,2.0,0.0,0.0,1.0,0.0,0.0,0.0,0.0,0.0,0.0,0.0,0.0,29,930
1.0,0.0,3.0,0.0,4.0,2.0,1.0,0.0,0.0,0.0,0.0,1.0,0.0,0.0,0.0,0.0,0.0,0.0,0.0,0.0,0.0,0.0,0.0,0.0,0.0,0.0,0.0,0.0,1,19
17.0,1.0,48.0,10.0,47.0,22.0,16.0,4.0,0.0,6.0,0.0,2.0,0.0,2.0,4.0,0.0,0.0,0.0,1.0,0.0,0.0,0.0,0.0,0.0,0.0,0.0,0.0,0.0,11,297
1.0,4.0,23.0,0.0,17.0,6.0,0.0,0.0,0.0,0.0,0.0,0.0,0.0,0.0,0.0,0.0,0.0,0.0,0.0,0.0,0.0,0.0,0.0,0.0,0.0,0.0,0.0,0.0,3,66
2.0,2.0,8.0,0.0,8.0,0.0,0.0,0.0,0.0,0.0,0.0,0.0,0.0,0.0,0.0,0.0,0.0,0.0,0.0,0.0,0.0,0.0,0.0,0.0,0.0,0.0,0.0,0.0,1,32
1.0,0.0,6.0,0.0,7.0,2.0,1.0,0.0,0.0,1.0,0.0,0.0,0.0,0.0,0.0,0.0,0.0,0.0,0.0,0.0,0.0,0.0,0.0,0.0,0.0,0.0,0.0,0.0,0,30
59.0,8.0,109.0,15.0,125.0,58.0,16.0,9.0,2.0,23.0,15.0,23.0,0.0,0.0,16.0,1.0,3.0,0.0,0.0,0.0,0.0,1.0,0.0,1.0,0.0,0.0,0.0,0.0,27,859
7.0,1.0,23.0,7.0,26.0,2.0,3.0,3.0,0.0,4.0,1.0,5.0,1.0,1.0,3.0,0.0,0.0,2.0,0.0,0.0,0.0,0.0,0.0,0.0,0.0,0.0,0.0,0.0,6,151
11.0,0.0,50.0,18.0,62.0,20.0,19.0,1.0,4.0,12.0,3.0,0.0,0.0,6.0,1.0,0.0,0.0,0.0,7.0,0.0,0.0,0.0,0.0,0.0,0.0,0.0,0.0,0.0,17,368
12.0,0.0,20.0,9.0,19.0,9.0,3.0,1.0,3.0,2.0,0.0,2.0,0.0,0.0,1.0,0.0,0.0,0.0,2.0,0.0,0.0,0.0,0.0,0.0,0.0,0.0,0.0,0.0,6,141
42.0,0.0,103.0,21.0,98.0,56.0,23.0,9.0,10.0,12.0,4.0,12.0,3.0,4.0,7.0,0.0,0.0,0.0,5.0,0.0,0.0,1.0,0.0,0.0,0.0,0.0,0.0,0.0,23,670
53.0,2.0,125.0,23.0,101.0,57.0,25.0,9.0,9.0,18.0,4.0,19.0,4.0,3.0,15.0,0.0,1.0,0.0,1.0,0.0,0.0,0.0,1.0,1.0,0.0,0.0,0.0,0.0,26,788
69.0,4.0,136.0,21.0,118.0,65.0,23.0,9.0,1.0,25.0,6.0,21.0,2.0,10.0,27.0,1.0,2.0,0.0,0.0,0.0,0.0,0.0,0.0,0.0,0.0,0.0,0.0,0.0,30,928
42.0,2.0,152.0,22.0,118.0,44.0,15.0,2.0,3.0,25.0,8.0,33.0,8.0,2.0,14.0,0.0,0.0,1.0,0.0,0.0,0.0,0.0,0.0,1.0,0.0,0.0,0.0,0.0,28,839
6.0,3.0,15.0,0.0,9.0,9.0,0.0,0.0,0.0,0.0,0.0,0.0,0.0,0.0,3.0,0.0,0.0,0.0,0.0,0.0,0.0,0.0,0.0,0.0,0.0,0.0,0.0,0.0,3,60
1.0,0.0,6.0,0.0,4.0,0.0,0.0,1.0,0.0,0.0,1.0,0.0,0.0,0.0,0.0,0.0,0.0,0.0,0.0,0.0,0.0,0.0,0.0,0.0,0.0,0.0,0.0,0.0,1,22
4.0,1.0,20.0,0.0,10.0,1.0,0.0,0.0,0.0,0.0,1.0,0.0,0.0,0.0,3.0,0.0,0.0,0.0,0.0,0.0,0.0,0.0,0.0,0.0,0.0,0.0,0.0,0.0,3,64
77.0,5.0,162.0,23.0,180.0,86.0,19.0,6.0,0.0,23.0,12.0,10.0,2.0,8.0,16.0,0.0,0.0,1.0,7.0,0.0,0.0,0.0,0.0,0.0,0.0,0.0,0.0,0.0,55,1029
11.0,2.0,93.0,6.0,31.0,10.0,7.0,0.0,0.0,2.0,3.0,8.0,0.0,0.0,0.0,0.0,0.0,0.0,0.0,0.0,0.0,0.0,0.0,0.0,0.0,0.0,0.0,0.0,10,262
56.0,7.0,85.0,10.0,113.0,88.0,8.0,3.0,1.0,14.0,5.0,30.0,4.0,4.0,20.0,1.0,4.0,0.0,4.0,0.0,0.0,0.0,0.0,1.0,0.0,0.0,0.0,0.0,35,801
28.0,2.0,41.0,13.0,70.0,30.0,9.0,3.0,6.0,4.0,2.0,9.0,1.0,7.0,3.0,0.0,0.0,0.0,0.0,0.0,0.0,0.0,0.0,0.0,0.0,0.0,0.0,0.0,16,396
46.0,0.0,93.0,12.0,131.0,48.0,23.0,3.0,0.0,26.0,8.0,14.0,0.0,15.0,11.0,0.0,2.0,0.0,2.0,0.0,0.0,0.0,0.0,0.0,0.0,0.0,0.0,0.0,33,753
0.0,0.0,0.0,0.0,0.0,0.0,0.0,0.0,0.0,0.0,0.0,0.0,0.0,0.0,0.0,0.0,0.0,0.0,0.0,0.0,0.0,0.0,0.0,0.0,0.0,0.0,0.0,0.0,0,0
9.0,0.0,37.0,3.0,40.0,14.0,1.0,2.0,0.0,4.0,2.0,6.0,0.0,1.0,3.0,0.0,0.0,0.0,0.0,0.0,0.0,0.0,0.0,0.0,0.0,0.0,0.0,0.0,7,179
35.0,3.0,65.0,17.0,87.0,49.0,10.0,0.0,2.0,6.0,4.0,15.0,0.0,2.0,14.0,0.0,0.0,0.0,0.0,0.0,0.0,0.0,0.0,0.0,0.0,0.0,0.0,0.0,18,511
65.0,4.0,176.0,30.0,148.0,87.0,16.0,7.0,6.0,20.0,12.0,32.0,2.0,2.0,15.0,0.0,3.0,0.0,0.0,0.0,0.0,0.0,0.0,0.0,0.0,0.0,0.0,0.0,33,1103
56.0,4.0,128.0,17.0,134.0,69.0,21.0,7.0,2.0,20.0,3.0,21.0,0.0,8.0,25.0,0.0,1.0,0.0,2.0,0.0,1.0,0.0,0.0,2.0,0.0,0.0,0.0,0.0,37,953
74.0,7.0,171.0,31.0,178.0,105.0,19.0,10.0,4.0,22.0,19.0,32.0,0.0,4.0,17.0,1.0,2.0,0.0,1.0,0.0,1.0,0.0,0.0,1.0,0.0,0.0,0.0,0.0,37,1162
12.0,1.0,18.0,4.0,29.0,27.0,6.0,0.0,0.0,3.0,5.0,8.0,1.0,0.0,1.0,0.0,0.0,0.0,0.0,0.0,0.0,0.0,1.0,1.0,0.0,0.0,0.0,0.0,8,204
34.0,2.0,123.0,4.0,95.0,55.0,22.0,6.0,0.0,16.0,7.0,29.0,5.0,4.0,29.0,0.0,2.0,0.0,1.0,0.0,0.0,0.0,0.0,0.0,0.0,0.0,0.0,0.0,37,775
56.0,1.0,86.0,18.0,108.0,58.0,20.0,13.0,1.0,20.0,2.0,19.0,0.0,4.0,27.0,0.0,2.0,0.0,1.0,1.0,0.0,0.0,0.0,1.0,1.0,0.0,0.0,0.0,35,793
12.0,1.0,72.0,16.0,54.0,23.0,5.0,3.0,1.0,9.0,6.0,17.0,2.0,3.0,10.0,1.0,0.0,0.0,0.0,0.0,0.0,0.0,0.0,1.0,0.0,0.0,0.0,0.0,12,391
37.0,4.0,68.0,10.0,53.0,29.0,11.0,3.0,1.0,5.0,0.0,18.0,0.0,1.0,8.0,0.0,0.0,1.0,0.0,0.0,0.0,0.0,0.0,0.0,0.0,0.0,0.0,0.0,18,437
41.0,1.0,120.0,18.0,95.0,64.0,8.0,4.0,0.0,15.0,6.0,26.0,2.0,5.0,11.0,0.0,2.0,0.0,0.0,0.0,0.0,0.0,0.0,1.0,0.0,0.0,0.0,0.0,27,711
36.0,2.0,115.0,14.0,93.0,45.0,17.0,5.0,6.0,18.0,8.0,22.0,5.0,4.0,24.0,1.0,1.0,1.0,1.0,1.0,0.0,0.0,0.0,0.0,0.0,1.0,0.0,0.0,43,748
26.0,3.0,30.0,10.0,46.0,25.0,8.0,1.0,1.0,9.0,2.0,20.0,2.0,0.0,4.0,1.0,0.0,0.0,0.0,0.0,0.0,1.0,0.0,0.0,0.0,0.0,0.0,0.0,10,348
56.0,0.0,168.0,20.0,97.0,54.0,11.0,3.0,2.0,22.0,8.0,22.0,1.0,3.0,13.0,0.0,0.0,0.0,0.0,0.0,0.0,0.0,0.0,0.0,0.0,0.0,0.0,0.0,21,784
0.0,0.0,0.0,0.0,0.0,0.0,0.0,0.0,0.0,0.0,0.0,0.0,0.0,0.0,0.0,0.0,0.0,0.0,0.0,0.0,0.0,0.0,0.0,0.0,0.0,0.0,0.0,0.0,0,0
27.0,1.0,39.0,19.0,84.0,26.0,6.0,0.0,0.0,11.0,3.0,13.0,3.0,5.0,11.0,2.0,2.0,0.0,0.0,0.0,0.0,0.0,0.0,0.0,0.0,0.0,0.0,0.0,19,419
60.0,5.0,179.0,8.0,146.0,65.0,16.0,6.0,0.0,18.0,11.0,34.0,2.0,8.0,24.0,1.0,2.0,2.0,1.0,0.0,0.0,0.0,0.0,0.0,0.0,0.0,0.0,0.0,43,990
29.0,5.0,44.0,4.0,48.0,16.0,6.0,1.0,1.0,5.0,1.0,9.0,0.0,0.0,7.0,0.0,2.0,0.0,1.0,0.0,0.0,0.0,0.0,0.0,0.0,0.0,0.0,0.0,13,307
22.0,1.0,66.0,10.0,51.0,36.0,9.0,0.0,1.0,13.0,1.0,11.0,0.0,1.0,6.0,0.0,0.0,0.0,0.0,0.0,0.0,0.0,0.0,0.0,0.0,0.0,0.0,0.0,13,380
6.0,2.0,15.0,0.0,17.0,7.0,3.0,0.0,0.0,0.0,0.0,0.0,0.0,0.0,0.0,0.0,0.0,0.0,0.0,0.0,0.0,0.0,0.0,0.0,0.0,0.0,0.0,0.0,3,91
67.0,4.0,89.0,4.0,144.0,68.0,19.0,4.0,1.0,25.0,12.0,19.0,0.0,4.0,20.0,1.0,0.0,0.0,0.0,0.0,0.0,0.0,0.0,0.0,0.0,0.0,0.0,0.0,33,800
22.0,0.0,145.0,13.0,95.0,38.0,9.0,9.0,2.0,16.0,11.0,28.0,0.0,3.0,12.0,0.0,2.0,0.0,3.0,3.0,0.0,0.0,0.0,0.0,0.0,0.0,0.0,0.0,19,689
93.0,4.0,175.0,44.0,192.0,135.0,34.0,4.0,3.0,33.0,11.0,36.0,7.0,12.0,35.0,0.0,1.0,0.0,0.0,0.0,0.0,0.0,0.0,0.0,0.0,0.0,0.0,0.0,51,1367
14.0,0.0,40.0,0.0,11.0,15.0,7.0,0.0,0.0,0.0,0.0,2.0,0.0,0.0,0.0,0.0,0.0,0.0,0.0,0.0,0.0,0.0,0.0,0.0,0.0,0.0,0.0,0.0,6,141
0.0,0.0,0.0,0.0,0.0,0.0,0.0,0.0,0.0,0.0,0.0,0.0,0.0,0.0,0.0,0.0,0.0,0.0,0.0,0.0,0.0,0.0,0.0,0.0,0.0,0.0,0.0,0.0,0,0
52.0,4.0,110.0,25.0,104.0,68.0,11.0,12.0,4.0,14.0,12.0,10.0,1.0,4.0,19.0,1.0,1.0,0.0,2.0,1.0,0.0,0.0,0.0,0.0,0.0,0.0,0.0,0.0,28,734
5.0,2.0,7.0,0.0,10.0,1.0,1.0,0.0,0.0,0.0,0.0,0.0,0.0,1.0,0.0,0.0,0.0,0.0,1.0,0.0,0.0,0.0,0.0,0.0,0.0,0.0,0.0,0.0,2,48
19.0,2.0,61.0,11.0,60.0,21.0,7.0,0.0,5.0,11.0,3.0,6.0,0.0,2.0,3.0,0.0,0.0,0.0,2.0,0.0,0.0,0.0,0.0,0.0,0.0,0.0,0.0,0.0,13,375
1.0,1.0,13.0,0.0,6.0,2.0,2.0,0.0,0.0,2.0,1.0,0.0,0.0,0.0,0.0,0.0,0.0,0.0,0.0,0.0,0.0,0.0,0.0,0.0,0.0,0.0,0.0,0.0,2,40
42.0,6.0,86.0,9.0,119.0,67.0,9.0,6.0,0.0,20.0,3.0,29.0,2.0,0.0,24.0,0.0,0.0,1.0,0.0,1.0,0.0,0.0,0.0,0.0,0.0,0.0,0.0,0.0,29,767
29.0,2.0,56.0,8.0,48.0,32.0,17.0,0.0,5.0,11.0,3.0,1.0,0.0,3.0,2.0,1.0,0.0,0.0,0.0,0.0,0.0,0.0,0.0,0.0,0.0,0.0,0.0,0.0,12,330
37.0,1.0,87.0,15.0,47.0,28.0,12.0,0.0,6.0,13.0,5.0,2.0,0.0,2.0,1.0,0.0,0.0,0.0,4.0,0.0,0.0,0.0,0.0,0.0,0.0,0.0,0.0,0.0,15,425
56.0,2.0,105.0,20.0,50.0,38.0,18.0,5.0,1.0,8.0,3.0,6.0,0.0,1.0,3.0,0.0,0.0,0.0,1.0,0.0,0.0,0.0,0.0,0.0,0.0,0.0,0.0,0.0,20,470
48.0,0.0,69.0,19.0,54.0,44.0,12.0,2.0,0.0,9.0,1.0,0.0,0.0,5.0,3.0,1.0,0.0,1.0,0.0,0.0,0.0,0.0,0.0,0.0,0.0,0.0,0.0,0.0,14,418
33.0,2.0,50.0,15.0,49.0,26.0,10.0,6.0,1.0,3.0,1.0,2.0,1.0,2.0,3.0,2.0,0.0,0.0,0.0,0.0,0.0,0.0,0.0,0.0,0.0,0.0,0.0,0.0,15,333
0.0,0.0,0.0,0.0,0.0,0.0,0.0,0.0,0.0,0.0,0.0,0.0,0.0,0.0,0.0,0.0,0.0,0.0,0.0,0.0,0.0,0.0,0.0,0.0,0.0,0.0,0.0,0.0,0,0
4.0,0.0,18.0,0.0,11.0,3.0,0.0,0.0,0.0,0.0,0.0,0.0,0.0,0.0,0.0,0.0,0.0,0.0,0.0,0.0,0.0,0.0,0.0,0.0,0.0,0.0,0.0,0.0,3,55
34.0,2.0,150.0,18.0,120.0,33.0,9.0,5.0,5.0,26.0,7.0,15.0,3.0,2.0,13.0,1.0,0.0,0.0,1.0,0.0,0.0,0.0,0.0,0.0,0.0,0.0,0.0,0.0,36,785
0.0,0.0,5.0,0.0,4.0,0.0,1.0,1.0,0.0,0.0,0.0,0.0,0.0,0.0,0.0,0.0,0.0,0.0,0.0,0.0,0.0,0.0,0.0,0.0,0.0,0.0,0.0,0.0,1,17
38.0,2.0,96.0,5.0,138.0,66.0,22.0,8.0,0.0,15.0,10.0,13.0,0.0,3.0,21.0,0.0,2.0,0.0,0.0,0.0,0.0,0.0,0.0,0.0,0.0,0.0,0.0,0.0,36,772
7.0,0.0,28.0,9.0,36.0,13.0,5.0,1.0,0.0,3.0,1.0,1.0,0.0,1.0,1.0,0.0,0.0,0.0,1.0,0.0,0.0,0.0,0.0,0.0,0.0,0.0,0.0,0.0,8,179
61.0,7.0,59.0,15.0,115.0,56.0,21.0,5.0,1.0,10.0,8.0,26.0,5.0,6.0,22.0,2.0,0.0,0.0,3.0,0.0,0.0,0.0,0.0,0.0,0.0,0.0,0.0,0.0,36,790
4.0,4.0,27.0,0.0,8.0,1.0,0.0,0.0,0.0,0.0,0.0,0.0,0.0,0.0,0.0,0.0,0.0,0.0,0.0,0.0,0.0,0.0,0.0,0.0,0.0,0.0,0.0,0.0,4,72
10.0,0.0,28.0,7.0,48.0,15.0,6.0,0.0,0.0,3.0,1.0,3.0,0.0,3.0,3.0,0.0,0.0,0.0,0.0,0.0,0.0,0.0,0.0,0.0,0.0,0.0,0.0,0.0,9,248
8.0,1.0,31.0,8.0,25.0,10.0,2.0,0.0,0.0,1.0,5.0,6.0,1.0,1.0,3.0,1.0,0.0,0.0,0.0,0.0,0.0,0.0,0.0,0.0,0.0,0.0,0.0,0.0,9,189
43.0,4.0,134.0,7.0,112.0,84.0,20.0,7.0,2.0,19.0,13.0,33.0,8.0,8.0,33.0,0.0,4.0,1.0,2.0,2.0,0.0,0.0,0.0,0.0,0.0,1.0,0.0,0.0,59,997
71.0,10.0,172.0,9.0,181.0,85.0,23.0,18.0,0.0,12.0,11.0,50.0,3.0,6.0,36.0,1.0,7.0,1.0,1.0,0.0,0.0,0.0,0.0,0.0,0.0,0.0,1.0,0.0,56,1353
54.0,1.0,94.0,19.0,111.0,51.0,11.0,1.0,3.0,24.0,11.0,22.0,2.0,1.0,12.0,0.0,2.0,0.0,2.0,0.0,0.0,0.0,0.0,0.0,0.0,1.0,0.0,0.0,25,736
34.0,5.0,86.0,16.0,62.0,20.0,11.0,6.0,3.0,3.0,4.0,14.0,0.0,6.0,7.0,0.0,0.0,0.0,0.0,0.0,0.0,2.0,0.0,1.0,0.0,0.0,0.0,0.0,15,439
0.0,0.0,0.0,0.0,0.0,0.0,0.0,0.0,0.0,0.0,0.0,0.0,0.0,0.0,0.0,0.0,0.0,0.0,0.0,0.0,0.0,0.0,0.0,0.0,0.0,0.0,0.0,0.0,0,0
30.0,0.0,50.0,10.0,97.0,46.0,18.0,2.0,0.0,27.0,3.0,13.0,1.0,3.0,8.0,0.0,1.0,0.0,1.0,0.0,0.0,0.0,0.0,0.0,0.0,0.0,0.0,0.0,28,485
1.0,2.0,34.0,0.0,10.0,9.0,3.0,0.0,0.0,0.0,1.0,0.0,0.0,0.0,0.0,0.0,0.0,0.0,0.0,0.0,0.0,0.0,0.0,0.0,0.0,0.0,0.0,0.0,6,79
12.0,1.0,28.0,5.0,16.0,9.0,4.0,1.0,0.0,1.0,0.0,1.0,0.0,2.0,5.0,0.0,0.0,0.0,1.0,0.0,0.0,0.0,0.0,0.0,0.0,0.0,0.0,0.0,5,147
44.0,3.0,58.0,15.0,60.0,33.0,7.0,3.0,0.0,12.0,7.0,15.0,0.0,1.0,9.0,1.0,0.0,0.0,2.0,0.0,0.0,0.0,0.0,0.0,0.0,0.0,0.0,0.0,13,451
44.0,1.0,94.0,20.0,94.0,50.0,8.0,6.0,3.0,16.0,9.0,20.0,4.0,1.0,13.0,3.0,0.0,0.0,0.0,0.0,0.0,0.0,0.0,0.0,0.0,0.0,0.0,0.0,22,656
67.0,7.0,103.0,29.0,111.0,81.0,22.0,12.0,5.0,15.0,12.0,32.0,3.0,0.0,16.0,0.0,0.0,0.0,2.0,0.0,0.0,1.0,0.0,0.0,0.0,0.0,0.0,0.0,32,924
67.0,1.0,115.0,29.0,117.0,70.0,12.0,6.0,1.0,20.0,6.0,32.0,2.0,6.0,14.0,1.0,4.0,0.0,4.0,0.0,0.0,0.0,0.0,0.0,0.0,0.0,0.0,0.0,26,838
80.0,2.0,98.0,27.0,64.0,50.0,14.0,1.0,1.0,12.0,3.0,8.0,0.0,4.0,6.0,1.0,1.0,1.0,1.0,0.0,0.0,0.0,0.0,1.0,0.0,0.0,0.0,0.0,18,620
41.0,4.0,86.0,15.0,116.0,41.0,14.0,3.0,2.0,20.0,8.0,17.0,2.0,3.0,22.0,0.0,0.0,1.0,0.0,0.0,1.0,0.0,0.0,0.0,0.0,0.0,0.0,0.0,28,718
14.0,0.0,35.0,6.0,38.0,20.0,8.0,2.0,2.0,7.0,1.0,4.0,0.0,2.0,4.0,0.0,0.0,1.0,0.0,0.0,0.0,0.0,0.0,0.0,0.0,0.0,0.0,0.0,12,257
1.0,1.0,10.0,0.0,5.0,4.0,0.0,1.0,0.0,0.0,0.0,0.0,0.0,0.0,0.0,0.0,0.0,0.0,0.0,0.0,0.0,0.0,0.0,0.0,0.0,0.0,0.0,0.0,1,31
97.0,3.0,189.0,35.0,163.0,102.0,28.0,12.0,3.0,32.0,16.0,40.0,0.0,5.0,35.0,1.0,2.0,2.0,3.0,0.0,0.0,0.0,0.0,0.0,0.0,0.0,0.0,0.0,39,1314
3.0,0.0,15.0,0.0,19.0,10.0,0.0,0.0,0.0,0.0,1.0,2.0,0.0,0.0,0.0,0.0,0.0,0.0,0.0,0.0,0.0,0.0,0.0,0.0,0.0,0.0,0.0,0.0,3,80
37.0,3.0,66.0,12.0,125.0,71.0,22.0,8.0,0.0,17.0,12.0,22.0,0.0,3.0,19.0,0.0,3.0,0.0,0.0,0.0,0.0,0.0,0.0,0.0,0.0,0.0,0.0,0.0,34,753
10.0,0.0,24.0,1.0,22.0,12.0,4.0,0.0,1.0,2.0,3.0,2.0,0.0,0.0,1.0,0.0,0.0,0.0,0.0,0.0,0.0,0.0,0.0,0.0,0.0,0.0,0.0,0.0,7,129
3.0,0.0,48.0,0.0,15.0,9.0,6.0,0.0,0.0,0.0,0.0,0.0,0.0,0.0,0.0,0.0,0.0,0.0,0.0,0.0,0.0,0.0,0.0,0.0,0.0,0.0,0.0,0.0,6,150
45.0,5.0,58.0,11.0,66.0,43.0,11.0,2.0,6.0,11.0,2.0,15.0,3.0,1.0,11.0,0.0,0.0,0.0,1.0,0.0,0.0,1.0,0.0,0.0,0.0,0.0,0.0,0.0,20,519
93.0,1.0,140.0,27.0,170.0,81.0,20.0,1.0,3.0,35.0,6.0,30.0,2.0,8.0,25.0,1.0,2.0,1.0,5.0,0.0,0.0,0.0,0.0,0.0,1.0,0.0,0.0,0.0,39,1065
59.0,6.0,125.0,9.0,155.0,111.0,19.0,6.0,2.0,17.0,5.0,41.0,5.0,7.0,26.0,1.0,1.0,0.0,1.0,0.0,0.0,0.0,0.0,0.0,0.0,0.0,0.0,1.0,51,1151
56.0,17.0,103.0,25.0,142.0,58.0,15.0,5.0,1.0,22.0,5.0,33.0,6.0,6.0,31.0,0.0,1.0,0.0,4.0,0.0,0.0,1.0,0.0,1.0,2.0,0.0,0.0,0.0,58,1150
55.0,4.0,60.0,10.0,94.0,54.0,14.0,6.0,2.0,14.0,3.0,31.0,6.0,0.0,11.0,0.0,1.0,1.0,2.0,0.0,0.0,0.0,0.0,0.0,0.0,0.0,0.0,0.0,21,655
58.0,4.0,95.0,4.0,177.0,112.0,22.0,6.0,5.0,36.0,2.0,28.0,0.0,8.0,41.0,1.0,2.0,1.0,5.0,0.0,2.0,0.0,0.0,0.0,0.0,0.0,0.0,0.0,48,1163
98.0,22.0,95.0,10.0,266.0,150.0,35.0,21.0,1.0,45.0,14.0,51.0,7.0,9.0,46.0,2.0,3.0,0.0,2.0,0.0,0.0,2.0,0.0,0.0,0.0,0.0,2.0,0.0,88,1840
24.0,2.0,69.0,14.0,79.0,19.0,14.0,1.0,2.0,14.0,1.0,1.0,0.0,8.0,2.0,0.0,0.0,0.0,0.0,0.0,0.0,0.0,0.0,0.0,0.0,0.0,0.0,0.0,16,417
44.0,1.0,78.0,16.0,77.0,42.0,24.0,8.0,10.0,8.0,2.0,4.0,0.0,9.0,3.0,0.0,0.0,0.0,1.0,0.0,0.0,0.0,0.0,0.0,0.0,0.0,0.0,0.0,19,558
4.0,2.0,10.0,0.0,8.0,4.0,0.0,0.0,0.0,0.0,0.0,0.0,0.0,0.0,0.0,0.0,0.0,0.0,0.0,0.0,0.0,0.0,0.0,0.0,0.0,0.0,0.0,0.0,2,42
63.0,10.0,65.0,11.0,116.0,53.0,23.0,7.0,1.0,10.0,10.0,18.0,3.0,4.0,32.0,0.0,0.0,0.0,1.0,1.0,0.0,1.0,0.0,0.0,1.0,0.0,0.0,2.0,32,809
5.0,0.0,42.0,0.0,20.0,12.0,1.0,0.0,0.0,3.0,5.0,0.0,0.0,0.0,0.0,0.0,0.0,0.0,0.0,0.0,0.0,0.0,0.0,0.0,0.0,0.0,0.0,0.0,6,143
48.0,3.0,51.0,24.0,89.0,36.0,7.0,3.0,1.0,11.0,3.0,11.0,5.0,3.0,21.0,1.0,0.0,0.0,2.0,0.0,0.0,1.0,0.0,0.0,0.0,0.0,0.0,0.0,33,561
20.0,2.0,18.0,9.0,47.0,23.0,10.0,3.0,2.0,6.0,3.0,6.0,2.0,0.0,8.0,1.0,0.0,0.0,2.0,0.0,0.0,0.0,0.0,0.0,0.0,0.0,0.0,0.0,12,266
0.0,0.0,0.0,0.0,0.0,0.0,0.0,0.0,0.0,0.0,0.0,0.0,0.0,0.0,0.0,0.0,0.0,0.0,0.0,0.0,0.0,0.0,0.0,0.0,0.0,0.0,0.0,0.0,0,0
92.0,18.0,160.0,10.0,231.0,161.0,37.0,11.0,0.0,29.0,12.0,68.0,18.0,14.0,59.0,1.0,5.0,0.0,2.0,0.0,0.0,1.0,0.0,0.0,0.0,0.0,0.0,0.0,100,1858
10.0,2.0,42.0,3.0,19.0,6.0,6.0,5.0,1.0,2.0,1.0,0.0,0.0,0.0,0.0,0.0,0.0,0.0,0.0,0.0,0.0,0.0,0.0,0.0,0.0,0.0,0.0,0.0,15,154
17.0,1.0,56.0,13.0,47.0,22.0,4.0,3.0,1.0,5.0,3.0,3.0,2.0,2.0,2.0,0.0,0.0,0.0,0.0,0.0,0.0,0.0,0.0,0.0,0.0,0.0,0.0,0.0,12,313
93.0,6.0,54.0,18.0,181.0,128.0,19.0,5.0,0.0,34.0,13.0,20.0,0.0,4.0,21.0,2.0,3.0,1.0,1.0,0.0,0.0,0.0,0.0,0.0,0.0,0.0,0.0,0.0,33,1000
2.0,0.0,21.0,0.0,10.0,9.0,2.0,0.0,1.0,0.0,1.0,1.0,0.0,0.0,2.0,0.0,0.0,0.0,0.0,0.0,0.0,0.0,0.0,0.0,0.0,0.0,0.0,0.0,4,76
21.0,2.0,24.0,7.0,42.0,20.0,5.0,2.0,0.0,4.0,1.0,1.0,0.0,1.0,2.0,0.0,0.0,0.0,2.0,0.0,0.0,0.0,0.0,0.0,0.0,0.0,0.0,0.0,8,222
79.0,3.0,186.0,38.0,214.0,89.0,41.0,11.0,1.0,39.0,5.0,24.0,4.0,12.0,22.0,3.0,1.0,0.0,3.0,0.0,0.0,0.0,0.0,0.0,0.0,0.0,0.0,0.0,60,1305
34.0,1.0,36.0,19.0,83.0,38.0,5.0,1.0,1.0,11.0,4.0,8.0,2.0,4.0,8.0,1.0,0.0,0.0,0.0,0.0,0.0,0.0,0.0,0.0,0.0,0.0,0.0,0.0,18,432
17.0,0.0,32.0,9.0,33.0,16.0,10.0,0.0,1.0,11.0,2.0,8.0,0.0,0.0,0.0,0.0,0.0,0.0,4.0,0.0,0.0,0.0,0.0,0.0,0.0,0.0,0.0,0.0,12,245
9.0,1.0,36.0,2.0,18.0,6.0,2.0,0.0,3.0,0.0,0.0,2.0,0.0,0.0,0.0,0.0,0.0,0.0,2.0,0.0,0.0,0.0,0.0,0.0,0.0,0.0,0.0,0.0,5,131
69.0,8.0,96.0,19.0,109.0,77.0,15.0,7.0,0.0,17.0,4.0,13.0,1.0,7.0,28.0,0.0,1.0,2.0,0.0,0.0,0.0,0.0,0.0,0.0,0.0,0.0,0.0,0.0,43,880
10.0,2.0,42.0,3.0,19.0,6.0,6.0,5.0,1.0,2.0,1.0,0.0,0.0,0.0,0.0,0.0,0.0,0.0,0.0,0.0,0.0,0.0,0.0,0.0,0.0,0.0,0.0,0.0,15,154
17.0,1.0,56.0,13.0,47.0,22.0,4.0,3.0,1.0,5.0,3.0,3.0,2.0,2.0,2.0,0.0,0.0,0.0,0.0,0.0,0.0,0.0,0.0,0.0,0.0,0.0,0.0,0.0,12,313
93.0,6.0,54.0,18.0,181.0,128.0,19.0,5.0,0.0,34.0,13.0,20.0,0.0,4.0,21.0,2.0,3.0,1.0,1.0,0.0,0.0,0.0,0.0,0.0,0.0,0.0,0.0,0.0,33,1000
2.0,0.0,21.0,0.0,10.0,9.0,2.0,0.0,1.0,0.0,1.0,1.0,0.0,0.0,2.0,0.0,0.0,0.0,0.0,0.0,0.0,0.0,0.0,0.0,0.0,0.0,0.0,0.0,4,76
21.0,2.0,24.0,7.0,42.0,20.0,5.0,2.0,0.0,4.0,1.0,1.0,0.0,1.0,2.0,0.0,0.0,0.0,2.0,0.0,0.0,0.0,0.0,0.0,0.0,0.0,0.0,0.0,8,222
79.0,3.0,186.0,38.0,214.0,89.0,41.0,11.0,1.0,39.0,5.0,24.0,4.0,12.0,22.0,3.0,1.0,0.0,3.0,0.0,0.0,0.0,0.0,0.0,0.0,0.0,0.0,0.0,60,1305
34.0,1.0,36.0,19.0,83.0,38.0,5.0,1.0,1.0,11.0,4.0,8.0,2.0,4.0,8.0,1.0,0.0,0.0,0.0,0.0,0.0,0.0,0.0,0.0,0.0,0.0,0.0,0.0,18,432
17.0,0.0,32.0,9.0,33.0,16.0,10.0,0.0,1.0,11.0,2.0,8.0,0.0,0.0,0.0,0.0,0.0,0.0,4.0,0.0,0.0,0.0,0.0,0.0,0.0,0.0,0.0,0.0,12,245
9.0,1.0,36.0,2.0,18.0,6.0,2.0,0.0,3.0,0.0,0.0,2.0,0.0,0.0,0.0,0.0,0.0,0.0,2.0,0.0,0.0,0.0,0.0,0.0,0.0,0.0,0.0,0.0,5,131
69.0,8.0,96.0,19.0,109.0,77.0,15.0,7.0,0.0,17.0,4.0,13.0,1.0,7.0,28.0,0.0,1.0,2.0,0.0,0.0,0.0,0.0,0.0,0.0,0.0,0.0,0.0,0.0,43,880
10.0,2.0,42.0,3.0,19.0,6.0,6.0,5.0,1.0,2.0,1.0,0.0,0.0,0.0,0.0,0.0,0.0,0.0,0.0,0.0,0.0,0.0,0.0,0.0,0.0,0.0,0.0,0.0,15,154
17.0,1.0,56.0,13.0,47.0,22.0,4.0,3.0,1.0,5.0,3.0,3.0,2.0,2.0,2.0,0.0,0.0,0.0,0.0,0.0,0.0,0.0,0.0,0.0,0.0,0.0,0.0,0.0,12,313
93.0,6.0,54.0,18.0,181.0,128.0,19.0,5.0,0.0,34.0,13.0,20.0,0.0,4.0,21.0,2.0,3.0,1.0,1.0,0.0,0.0,0.0,0.0,0.0,0.0,0.0,0.0,0.0,33,1000
2.0,0.0,21.0,0.0,10.0,9.0,2.0,0.0,1.0,0.0,1.0,1.0,0.0,0.0,2.0,0.0,0.0,0.0,0.0,0.0,0.0,0.0,0.0,0.0,0.0,0.0,0.0,0.0,4,76
21.0,2.0,24.0,7.0,42.0,20.0,5.0,2.0,0.0,4.0,1.0,1.0,0.0,1.0,2.0,0.0,0.0,0.0,2.0,0.0,0.0,0.0,0.0,0.0,0.0,0.0,0.0,0.0,8,222
79.0,3.0,186.0,38.0,214.0,89.0,41.0,11.0,1.0,39.0,5.0,24.0,4.0,12.0,22.0,3.0,1.0,0.0,3.0,0.0,0.0,0.0,0.0,0.0,0.0,0.0,0.0,0.0,60,1305
34.0,1.0,36.0,19.0,83.0,38.0,5.0,1.0,1.0,11.0,4.0,8.0,2.0,4.0,8.0,1.0,0.0,0.0,0.0,0.0,0.0,0.0,0.0,0.0,0.0,0.0,0.0,0.0,18,432
17.0,0.0,32.0,9.0,33.0,16.0,10.0,0.0,1.0,11.0,2.0,8.0,0.0,0.0,0.0,0.0,0.0,0.0,4.0,0.0,0.0,0.0,0.0,0.0,0.0,0.0,0.0,0.0,12,245
9.0,1.0,36.0,2.0,18.0,6.0,2.0,0.0,3.0,0.0,0.0,2.0,0.0,0.0,0.0,0.0,0.0,0.0,2.0,0.0,0.0,0.0,0.0,0.0,0.0,0.0,0.0,0.0,5,131
69.0,8.0,96.0,19.0,109.0,77.0,15.0,7.0,0.0,17.0,4.0,13.0,1.0,7.0,28.0,0.0,1.0,2.0,0.0,0.0,0.0,0.0,0.0,0.0,0.0,0.0,0.0,0.0,43,880
10.0,2.0,42.0,3.0,19.0,6.0,6.0,5.0,1.0,2.0,1.0,0.0,0.0,0.0,0.0,0.0,0.0,0.0,0.0,0.0,0.0,0.0,0.0,0.0,0.0,0.0,0.0,0.0,15,154
17.0,1.0,56.0,13.0,47.0,22.0,4.0,3.0,1.0,5.0,3.0,3.0,2.0,2.0,2.0,0.0,0.0,0.0,0.0,0.0,0.0,0.0,0.0,0.0,0.0,0.0,0.0,0.0,12,313
93.0,6.0,54.0,18.0,181.0,128.0,19.0,5.0,0.0,34.0,13.0,20.0,0.0,4.0,21.0,2.0,3.0,1.0,1.0,0.0,0.0,0.0,0.0,0.0,0.0,0.0,0.0,0.0,33,1000
2.0,0.0,21.0,0.0,10.0,9.0,2.0,0.0,1.0,0.0,1.0,1.0,0.0,0.0,2.0,0.0,0.0,0.0,0.0,0.0,0.0,0.0,0.0,0.0,0.0,0.0,0.0,0.0,4,76
21.0,2.0,24.0,7.0,42.0,20.0,5.0,2.0,0.0,4.0,1.0,1.0,0.0,1.0,2.0,0.0,0.0,0.0,2.0,0.0,0.0,0.0,0.0,0.0,0.0,0.0,0.0,0.0,8,222
79.0,3.0,186.0,38.0,214.0,89.0,41.0,11.0,1.0,39.0,5.0,24.0,4.0,12.0,22.0,3.0,1.0,0.0,3.0,0.0,0.0,0.0,0.0,0.0,0.0,0.0,0.0,0.0,60,1305
34.0,1.0,36.0,19.0,83.0,38.0,5.0,1.0,1.0,11.0,4.0,8.0,2.0,4.0,8.0,1.0,0.0,0.0,0.0,0.0,0.0,0.0,0.0,0.0,0.0,0.0,0.0,0.0,18,432
17.0,0.0,32.0,9.0,33.0,16.0,10.0,0.0,1.0,11.0,2.0,8.0,0.0,0.0,0.0,0.0,0.0,0.0,4.0,0.0,0.0,0.0,0.0,0.0,0.0,0.0,0.0,0.0,12,245
9.0,1.0,36.0,2.0,18.0,6.0,2.0,0.0,3.0,0.0,0.0,2.0,0.0,0.0,0.0,0.0,0.0,0.0,2.0,0.0,0.0,0.0,0.0,0.0,0.0,0.0,0.0,0.0,5,131
69.0,8.0,96.0,19.0,109.0,77.0,15.0,7.0,0.0,17.0,4.0,13.0,1.0,7.0,28.0,0.0,1.0,2.0,0.0,0.0,0.0,0.0,0.0,0.0,0.0,0.0,0.0,0.0,43,880
10.0,2.0,42.0,3.0,19.0,6.0,6.0,5.0,1.0,2.0,1.0,0.0,0.0,0.0,0.0,0.0,0.0,0.0,0.0,0.0,0.0,0.0,0.0,0.0,0.0,0.0,0.0,0.0,15,154
17.0,1.0,56.0,13.0,47.0,22.0,4.0,3.0,1.0,5.0,3.0,3.0,2.0,2.0,2.0,0.0,0.0,0.0,0.0,0.0,0.0,0.0,0.0,0.0,0.0,0.0,0.0,0.0,12,313
93.0,6.0,54.0,18.0,181.0,128.0,19.0,5.0,0.0,34.0,13.0,20.0,0.0,4.0,21.0,2.0,3.0,1.0,1.0,0.0,0.0,0.0,0.0,0.0,0.0,0.0,0.0,0.0,33,1000
2.0,0.0,21.0,0.0,10.0,9.0,2.0,0.0,1.0,0.0,1.0,1.0,0.0,0.0,2.0,0.0,0.0,0.0,0.0,0.0,0.0,0.0,0.0,0.0,0.0,0.0,0.0,0.0,4,76
21.0,2.0,24.0,7.0,42.0,20.0,5.0,2.0,0.0,4.0,1.0,1.0,0.0,1.0,2.0,0.0,0.0,0.0,2.0,0.0,0.0,0.0,0.0,0.0,0.0,0.0,0.0,0.0,8,222
79.0,3.0,186.0,38.0,214.0,89.0,41.0,11.0,1.0,39.0,5.0,24.0,4.0,12.0,22.0,3.0,1.0,0.0,3.0,0.0,0.0,0.0,0.0,0.0,0.0,0.0,0.0,0.0,60,1305
34.0,1.0,36.0,19.0,83.0,38.0,5.0,1.0,1.0,11.0,4.0,8.0,2.0,4.0,8.0,1.0,0.0,0.0,0.0,0.0,0.0,0.0,0.0,0.0,0.0,0.0,0.0,0.0,18,432
17.0,0.0,32.0,9.0,33.0,16.0,10.0,0.0,1.0,11.0,2.0,8.0,0.0,0.0,0.0,0.0,0.0,0.0,4.0,0.0,0.0,0.0,0.0,0.0,0.0,0.0,0.0,0.0,12,245
9.0,1.0,36.0,2.0,18.0,6.0,2.0,0.0,3.0,0.0,0.0,2.0,0.0,0.0,0.0,0.0,0.0,0.0,2.0,0.0,0.0,0.0,0.0,0.0,0.0,0.0,0.0,0.0,5,131
69.0,8.0,96.0,19.0,109.0,77.0,15.0,7.0,0.0,17.0,4.0,13.0,1.0,7.0,28.0,0.0,1.0,2.0,0.0,0.0,0.0,0.0,0.0,0.0,0.0,0.0,0.0,0.0,43,880
10.0,2.0,42.0,3.0,19.0,6.0,6.0,5.0,1.0,2.0,1.0,0.0,0.0,0.0,0.0,0.0,0.0,0.0,0.0,0.0,0.0,0.0,0.0,0.0,0.0,0.0,0.0,0.0,15,154
17.0,1.0,56.0,13.0,47.0,22.0,4.0,3.0,1.0,5.0,3.0,3.0,2.0,2.0,2.0,0.0,0.0,0.0,0.0,0.0,0.0,0.0,0.0,0.0,0.0,0.0,0.0,0.0,12,313
93.0,6.0,54.0,18.0,181.0,128.0,19.0,5.0,0.0,34.0,13.0,20.0,0.0,4.0,21.0,2.0,3.0,1.0,1.0,0.0,0.0,0.0,0.0,0.0,0.0,0.0,0.0,0.0,33,1000
2.0,0.0,21.0,0.0,10.0,9.0,2.0,0.0,1.0,0.0,1.0,1.0,0.0,0.0,2.0,0.0,0.0,0.0,0.0,0.0,0.0,0.0,0.0,0.0,0.0,0.0,0.0,0.0,4,76
21.0,2.0,24.0,7.0,42.0,20.0,5.0,2.0,0.0,4.0,1.0,1.0,0.0,1.0,2.0,0.0,0.0,0.0,2.0,0.0,0.0,0.0,0.0,0.0,0.0,0.0,0.0,0.0,8,222
79.0,3.0,186.0,38.0,214.0,89.0,41.0,11.0,1.0,39.0,5.0,24.0,4.0,12.0,22.0,3.0,1.0,0.0,3.0,0.0,0.0,0.0,0.0,0.0,0.0,0.0,0.0,0.0,60,1305
34.0,1.0,36.0,19.0,83.0,38.0,5.0,1.0,1.0,11.0,4.0,8.0,2.0,4.0,8.0,1.0,0.0,0.0,0.0,0.0,0.0,0.0,0.0,0.0,0.0,0.0,0.0,0.0,18,432
17.0,0.0,32.0,9.0,33.0,16.0,10.0,0.0,1.0,11.0,2.0,8.0,0.0,0.0,0.0,0.0,0.0,0.0,4.0,0.0,0.0,0.0,0.0,0.0,0.0,0.0,0.0,0.0,12,245
9.0,1.0,36.0,2.0,18.0,6.0,2.0,0.0,3.0,0.0,0.0,2.0,0.0,0.0,0.0,0.0,0.0,0.0,2.0,0.0,0.0,0.0,0.0,0.0,0.0,0.0,0.0,0.0,5,131
69.0,8.0,96.0,19.0,109.0,77.0,15.0,7.0,0.0,17.0,4.0,13.0,1.0,7.0,28.0,0.0,1.0,2.0,0.0,0.0,0.0,0.0,0.0,0.0,0.0,0.0,0.0,0.0,43,880
10.0,2.0,42.0,3.0,19.0,6.0,6.0,5.0,1.0,2.0,1.0,0.0,0.0,0.0,0.0,0.0,0.0,0.0,0.0,0.0,0.0,0.0,0.0,0.0,0.0,0.0,0.0,0.0,15,154
17.0,1.0,56.0,13.0,47.0,22.0,4.0,3.0,1.0,5.0,3.0,3.0,2.0,2.0,2.0,0.0,0.0,0.0,0.0,0.0,0.0,0.0,0.0,0.0,0.0,0.0,0.0,0.0,12,313
93.0,6.0,54.0,18.0,181.0,128.0,19.0,5.0,0.0,34.0,13.0,20.0,0.0,4.0,21.0,2.0,3.0,1.0,1.0,0.0,0.0,0.0,0.0,0.0,0.0,0.0,0.0,0.0,33,1000
2.0,0.0,21.0,0.0,10.0,9.0,2.0,0.0,1.0,0.0,1.0,1.0,0.0,0.0,2.0,0.0,0.0,0.0,0.0,0.0,0.0,0.0,0.0,0.0,0.0,0.0,0.0,0.0,4,76
21.0,2.0,24.0,7.0,42.0,20.0,5.0,2.0,0.0,4.0,1.0,1.0,0.0,1.0,2.0,0.0,0.0,0.0,2.0,0.0,0.0,0.0,0.0,0.0,0.0,0.0,0.0,0.0,8,222
79.0,3.0,186.0,38.0,214.0,89.0,41.0,11.0,1.0,39.0,5.0,24.0,4.0,12.0,22.0,3.0,1.0,0.0,3.0,0.0,0.0,0.0,0.0,0.0,0.0,0.0,0.0,0.0,60,1305
34.0,1.0,36.0,19.0,83.0,38.0,5.0,1.0,1.0,11.0,4.0,8.0,2.0,4.0,8.0,1.0,0.0,0.0,0.0,0.0,0.0,0.0,0.0,0.0,0.0,0.0,0.0,0.0,18,432
17.0,0.0,32.0,9.0,33.0,16.0,10.0,0.0,1.0,11.0,2.0,8.0,0.0,0.0,0.0,0.0,0.0,0.0,4.0,0.0,0.0,0.0,0.0,0.0,0.0,0.0,0.0,0.0,12,245
9.0,1.0,36.0,2.0,18.0,6.0,2.0,0.0,3.0,0.0,0.0,2.0,0.0,0.0,0.0,0.0,0.0,0.0,2.0,0.0,0.0,0.0,0.0,0.0,0.0,0.0,0.0,0.0,5,131
69.0,8.0,96.0,19.0,109.0,77.0,15.0,7.0,0.0,17.0,4.0,13.0,1.0,7.0,28.0,0.0,1.0,2.0,0.0,0.0,0.0,0.0,0.0,0.0,0.0,0.0,0.0,0.0,43,880
10.0,2.0,42.0,3.0,19.0,6.0,6.0,5.0,1.0,2.0,1.0,0.0,0.0,0.0,0.0,0.0,0.0,0.0,0.0,0.0,0.0,0.0,0.0,0.0,0.0,0.0,0.0,0.0,15,154
17.0,1.0,56.0,13.0,47.0,22.0,4.0,3.0,1.0,5.0,3.0,3.0,2.0,2.0,2.0,0.0,0.0,0.0,0.0,0.0,0.0,0.0,0.0,0.0,0.0,0.0,0.0,0.0,12,313
93.0,6.0,54.0,18.0,181.0,128.0,19.0,5.0,0.0,34.0,13.0,20.0,0.0,4.0,21.0,2.0,3.0,1.0,1.0,0.0,0.0,0.0,0.0,0.0,0.0,0.0,0.0,0.0,33,1000
2.0,0.0,21.0,0.0,10.0,9.0,2.0,0.0,1.0,0.0,1.0,1.0,0.0,0.0,2.0,0.0,0.0,0.0,0.0,0.0,0.0,0.0,0.0,0.0,0.0,0.0,0.0,0.0,4,76
21.0,2.0,24.0,7.0,42.0,20.0,5.0,2.0,0.0,4.0,1.0,1.0,0.0,1.0,2.0,0.0,0.0,0.0,2.0,0.0,0.0,0.0,0.0,0.0,0.0,0.0,0.0,0.0,8,222
79.0,3.0,186.0,38.0,214.0,89.0,41.0,11.0,1.0,39.0,5.0,24.0,4.0,12.0,22.0,3.0,1.0,0.0,3.0,0.0,0.0,0.0,0.0,0.0,0.0,0.0,0.0,0.0,60,1305
34.0,1.0,36.0,19.0,83.0,38.0,5.0,1.0,1.0,11.0,4.0,8.0,2.0,4.0,8.0,1.0,0.0,0.0,0.0,0.0,0.0,0.0,0.0,0.0,0.0,0.0,0.0,0.0,18,432
17.0,0.0,32.0,9.0,33.0,16.0,10.0,0.0,1.0,11.0,2.0,8.0,0.0,0.0,0.0,0.0,0.0,0.0,4.0,0.0,0.0,0.0,0.0,0.0,0.0,0.0,0.0,0.0,12,245
9.0,1.0,36.0,2.0,18.0,6.0,2.0,0.0,3.0,0.0,0.0,2.0,0.0,0.0,0.0,0.0,0.0,0.0,2.0,0.0,0.0,0.0,0.0,0.0,0.0,0.0,0.0,0.0,5,131
69.0,8.0,96.0,19.0,109.0,77.0,15.0,7.0,0.0,17.0,4.0,13.0,1.0,7.0,28.0,0.0,1.0,2.0,0.0,0.0,0.0,0.0,0.0,0.0,0.0,0.0,0.0,0.0,43,880
10.0,2.0,42.0,3.0,19.0,6.0,6.0,5.0,1.0,2.0,1.0,0.0,0.0,0.0,0.0,0.0,0.0,0.0,0.0,0.0,0.0,0.0,0.0,0.0,0.0,0.0,0.0,0.0,15,154
17.0,1.0,56.0,13.0,47.0,22.0,4.0,3.0,1.0,5.0,3.0,3.0,2.0,2.0,2.0,0.0,0.0,0.0,0.0,0.0,0.0,0.0,0.0,0.0,0.0,0.0,0.0,0.0,12,313
93.0,6.0,54.0,18.0,181.0,128.0,19.0,5.0,0.0,34.0,13.0,20.0,0.0,4.0,21.0,2.0,3.0,1.0,1.0,0.0,0.0,0.0,0.0,0.0,0.0,0.0,0.0,0.0,33,1000
2.0,0.0,21.0,0.0,10.0,9.0,2.0,0.0,1.0,0.0,1.0,1.0,0.0,0.0,2.0,0.0,0.0,0.0,0.0,0.0,0.0,0.0,0.0,0.0,0.0,0.0,0.0,0.0,4,76
21.0,2.0,24.0,7.0,42.0,20.0,5.0,2.0,0.0,4.0,1.0,1.0,0.0,1.0,2.0,0.0,0.0,0.0,2.0,0.0,0.0,0.0,0.0,0.0,0.0,0.0,0.0,0.0,8,222
79.0,3.0,186.0,38.0,214.0,89.0,41.0,11.0,1.0,39.0,5.0,24.0,4.0,12.0,22.0,3.0,1.0,0.0,3.0,0.0,0.0,0.0,0.0,0.0,0.0,0.0,0.0,0.0,60,1305
34.0,1.0,36.0,19.0,83.0,38.0,5.0,1.0,1.0,11.0,4.0,8.0,2.0,4.0,8.0,1.0,0.0,0.0,0.0,0.0,0.0,0.0,0.0,0.0,0.0,0.0,0.0,0.0,18,432
17.0,0.0,32.0,9.0,33.0,16.0,10.0,0.0,1.0,11.0,2.0,8.0,0.0,0.0,0.0,0.0,0.0,0.0,4.0,0.0,0.0,0.0,0.0,0.0,0.0,0.0,0.0,0.0,12,245
9.0,1.0,36.0,2.0,18.0,6.0,2.0,0.0,3.0,0.0,0.0,2.0,0.0,0.0,0.0,0.0,0.0,0.0,2.0,0.0,0.0,0.0,0.0,0.0,0.0,0.0,0.0,0.0,5,131
69.0,8.0,96.0,19.0,109.0,77.0,15.0,7.0,0.0,17.0,4.0,13.0,1.0,7.0,28.0,0.0,1.0,2.0,0.0,0.0,0.0,0.0,0.0,0.0,0.0,0.0,0.0,0.0,43,880
10.0,2.0,42.0,3.0,19.0,6.0,6.0,5.0,1.0,2.0,1.0,0.0,0.0,0.0,0.0,0.0,0.0,0.0,0.0,0.0,0.0,0.0,0.0,0.0,0.0,0.0,0.0,0.0,15,154
17.0,1.0,56.0,13.0,47.0,22.0,4.0,3.0,1.0,5.0,3.0,3.0,2.0,2.0,2.0,0.0,0.0,0.0,0.0,0.0,0.0,0.0,0.0,0.0,0.0,0.0,0.0,0.0,12,313
93.0,6.0,54.0,18.0,181.0,128.0,19.0,5.0,0.0,34.0,13.0,20.0,0.0,4.0,21.0,2.0,3.0,1.0,1.0,0.0,0.0,0.0,0.0,0.0,0.0,0.0,0.0,0.0,33,1000
2.0,0.0,21.0,0.0,10.0,9.0,2.0,0.0,1.0,0.0,1.0,1.0,0.0,0.0,2.0,0.0,0.0,0.0,0.0,0.0,0.0,0.0,0.0,0.0,0.0,0.0,0.0,0.0,4,76
21.0,2.0,24.0,7.0,42.0,20.0,5.0,2.0,0.0,4.0,1.0,1.0,0.0,1.0,2.0,0.0,0.0,0.0,2.0,0.0,0.0,0.0,0.0,0.0,0.0,0.0,0.0,0.0,8,222
79.0,3.0,186.0,38.0,214.0,89.0,41.0,11.0,1.0,39.0,5.0,24.0,4.0,12.0,22.0,3.0,1.0,0.0,3.0,0.0,0.0,0.0,0.0,0.0,0.0,0.0,0.0,0.0,60,1305
34.0,1.0,36.0,19.0,83.0,38.0,5.0,1.0,1.0,11.0,4.0,8.0,2.0,4.0,8.0,1.0,0.0,0.0,0.0,0.0,0.0,0.0,0.0,0.0,0.0,0.0,0.0,0.0,18,432
17.0,0.0,32.0,9.0,33.0,16.0,10.0,0.0,1.0,11.0,2.0,8.0,0.0,0.0,0.0,0.0,0.0,0.0,4.0,0.0,0.0,0.0,0.0,0.0,0.0,0.0,0.0,0.0,12,245
9.0,1.0,36.0,2.0,18.0,6.0,2.0,0.0,3.0,0.0,0.0,2.0,0.0,0.0,0.0,0.0,0.0,0.0,2.0,0.0,0.0,0.0,0.0,0.0,0.0,0.0,0.0,0.0,5,131
69.0,8.0,96.0,19.0,109.0,77.0,15.0,7.0,0.0,17.0,4.0,13.0,1.0,7.0,28.0,0.0,1.0,2.0,0.0,0.0,0.0,0.0,0.0,0.0,0.0,0.0,0.0,0.0,43,880
10.0,2.0,42.0,3.0,19.0,6.0,6.0,5.0,1.0,2.0,1.0,0.0,0.0,0.0,0.0,0.0,0.0,0.0,0.0,0.0,0.0,0.0,0.0,0.0,0.0,0.0,0.0,0.0,15,154
17.0,1.0,56.0,13.0,47.0,22.0,4.0,3.0,1.0,5.0,3.0,3.0,2.0,2.0,2.0,0.0,0.0,0.0,0.0,0.0,0.0,0.0,0.0,0.0,0.0,0.0,0.0,0.0,12,313
93.0,6.0,54.0,18.0,181.0,128.0,19.0,5.0,0.0,34.0,13.0,20.0,0.0,4.0,21.0,2.0,3.0,1.0,1.0,0.0,0.0,0.0,0.0,0.0,0.0,0.0,0.0,0.0,33,1000
2.0,0.0,21.0,0.0,10.0,9.0,2.0,0.0,1.0,0.0,1.0,1.0,0.0,0.0,2.0,0.0,0.0,0.0,0.0,0.0,0.0,0.0,0.0,0.0,0.0,0.0,0.0,0.0,4,76
21.0,2.0,24.0,7.0,42.0,20.0,5.0,2.0,0.0,4.0,1.0,1.0,0.0,1.0,2.0,0.0,0.0,0.0,2.0,0.0,0.0,0.0,0.0,0.0,0.0,0.0,0.0,0.0,8,222
79.0,3.0,186.0,38.0,214.0,89.0,41.0,11.0,1.0,39.0,5.0,24.0,4.0,12.0,22.0,3.0,1.0,0.0,3.0,0.0,0.0,0.0,0.0,0.0,0.0,0.0,0.0,0.0,60,1305
34.0,1.0,36.0,19.0,83.0,38.0,5.0,1.0,1.0,11.0,4.0,8.0,2.0,4.0,8.0,1.0,0.0,0.0,0.0,0.0,0.0,0.0,0.0,0.0,0.0,0.0,0.0,0.0,18,432
17.0,0.0,32.0,9.0,33.0,16.0,10.0,0.0,1.0,11.0,2.0,8.0,0.0,0.0,0.0,0.0,0.0,0.0,4.0,0.0,0.0,0.0,0.0,0.0,0.0,0.0,0.0,0.0,12,245
9.0,1.0,36.0,2.0,18.0,6.0,2.0,0.0,3.0,0.0,0.0,2.0,0.0,0.0,0.0,0.0,0.0,0.0,2.0,0.0,0.0,0.0,0.0,0.0,0.0,0.0,0.0,0.0,5,131
69.0,8.0,96.0,19.0,109.0,77.0,15.0,7.0,0.0,17.0,4.0,13.0,1.0,7.0,28.0,0.0,1.0,2.0,0.0,0.0,0.0,0.0,0.0,0.0,0.0,0.0,0.0,0.0,43,880
10.0,2.0,42.0,3.0,19.0,6.0,6.0,5.0,1.0,2.0,1.0,0.0,0.0,0.0,0.0,0.0,0.0,0.0,0.0,0.0,0.0,0.0,0.0,0.0,0.0,0.0,0.0,0.0,15,154
17.0,1.0,56.0,13.0,47.0,22.0,4.0,3.0,1.0,5.0,3.0,3.0,2.0,2.0,2.0,0.0,0.0,0.0,0.0,0.0,0.0,0.0,0.0,0.0,0.0,0.0,0.0,0.0,12,313
93.0,6.0,54.0,18.0,181.0,128.0,19.0,5.0,0.0,34.0,13.0,20.0,0.0,4.0,21.0,2.0,3.0,1.0,1.0,0.0,0.0,0.0,0.0,0.0,0.0,0.0,0.0,0.0,33,1000
2.0,0.0,21.0,0.0,10.0,9.0,2.0,0.0,1.0,0.0,1.0,1.0,0.0,0.0,2.0,0.0,0.0,0.0,0.0,0.0,0.0,0.0,0.0,0.0,0.0,0.0,0.0,0.0,4,76
21.0,2.0,24.0,7.0,42.0,20.0,5.0,2.0,0.0,4.0,1.0,1.0,0.0,1.0,2.0,0.0,0.0,0.0,2.0,0.0,0.0,0.0,0.0,0.0,0.0,0.0,0.0,0.0,8,222
79.0,3.0,186.0,38.0,214.0,89.0,41.0,11.0,1.0,39.0,5.0,24.0,4.0,12.0,22.0,3.0,1.0,0.0,3.0,0.0,0.0,0.0,0.0,0.0,0.0,0.0,0.0,0.0,60,1305
34.0,1.0,36.0,19.0,83.0,38.0,5.0,1.0,1.0,11.0,4.0,8.0,2.0,4.0,8.0,1.0,0.0,0.0,0.0,0.0,0.0,0.0,0.0,0.0,0.0,0.0,0.0,0.0,18,432
17.0,0.0,32.0,9.0,33.0,16.0,10.0,0.0,1.0,11.0,2.0,8.0,0.0,0.0,0.0,0.0,0.0,0.0,4.0,0.0,0.0,0.0,0.0,0.0,0.0,0.0,0.0,0.0,12,245
9.0,1.0,36.0,2.0,18.0,6.0,2.0,0.0,3.0,0.0,0.0,2.0,0.0,0.0,0.0,0.0,0.0,0.0,2.0,0.0,0.0,0.0,0.0,0.0,0.0,0.0,0.0,0.0,5,131
69.0,8.0,96.0,19.0,109.0,77.0,15.0,7.0,0.0,17.0,4.0,13.0,1.0,7.0,28.0,0.0,1.0,2.0,0.0,0.0,0.0,0.0,0.0,0.0,0.0,0.0,0.0,0.0,43,880
10.0,2.0,42.0,3.0,19.0,6.0,6.0,5.0,1.0,2.0,1.0,0.0,0.0,0.0,0.0,0.0,0.0,0.0,0.0,0.0,0.0,0.0,0.0,0.0,0.0,0.0,0.0,0.0,15,154
17.0,1.0,56.0,13.0,47.0,22.0,4.0,3.0,1.0,5.0,3.0,3.0,2.0,2.0,2.0,0.0,0.0,0.0,0.0,0.0,0.0,0.0,0.0,0.0,0.0,0.0,0.0,0.0,12,313
93.0,6.0,54.0,18.0,181.0,128.0,19.0,5.0,0.0,34.0,13.0,20.0,0.0,4.0,21.0,2.0,3.0,1.0,1.0,0.0,0.0,0.0,0.0,0.0,0.0,0.0,0.0,0.0,33,1000
2.0,0.0,21.0,0.0,10.0,9.0,2.0,0.0,1.0,0.0,1.0,1.0,0.0,0.0,2.0,0.0,0.0,0.0,0.0,0.0,0.0,0.0,0.0,0.0,0.0,0.0,0.0,0.0,4,76
21.0,2.0,24.0,7.0,42.0,20.0,5.0,2.0,0.0,4.0,1.0,1.0,0.0,1.0,2.0,0.0,0.0,0.0,2.0,0.0,0.0,0.0,0.0,0.0,0.0,0.0,0.0,0.0,8,222
79.0,3.0,186.0,38.0,214.0,89.0,41.0,11.0,1.0,39.0,5.0,24.0,4.0,12.0,22.0,3.0,1.0,0.0,3.0,0.0,0.0,0.0,0.0,0.0,0.0,0.0,0.0,0.0,60,1305
34.0,1.0,36.0,19.0,83.0,38.0,5.0,1.0,1.0,11.0,4.0,8.0,2.0,4.0,8.0,1.0,0.0,0.0,0.0,0.0,0.0,0.0,0.0,0.0,0.0,0.0,0.0,0.0,18,432
17.0,0.0,32.0,9.0,33.0,16.0,10.0,0.0,1.0,11.0,2.0,8.0,0.0,0.0,0.0,0.0,0.0,0.0,4.0,0.0,0.0,0.0,0.0,0.0,0.0,0.0,0.0,0.0,12,245
9.0,1.0,36.0,2.0,18.0,6.0,2.0,0.0,3.0,0.0,0.0,2.0,0.0,0.0,0.0,0.0,0.0,0.0,2.0,0.0,0.0,0.0,0.0,0.0,0.0,0.0,0.0,0.0,5,131
69.0,8.0,96.0,19.0,109.0,77.0,15.0,7.0,0.0,17.0,4.0,13.0,1.0,7.0,28.0,0.0,1.0,2.0,0.0,0.0,0.0,0.0,0.0,0.0,0.0,0.0,0.0,0.0,43,880
10.0,2.0,42.0,3.0,19.0,6.0,6.0,5.0,1.0,2.0,1.0,0.0,0.0,0.0,0.0,0.0,0.0,0.0,0.0,0.0,0.0,0.0,0.0,0.0,0.0,0.0,0.0,0.0,15,154
17.0,1.0,56.0,13.0,47.0,22.0,4.0,3.0,1.0,5.0,3.0,3.0,2.0,2.0,2.0,0.0,0.0,0.0,0.0,0.0,0.0,0.0,0.0,0.0,0.0,0.0,0.0,0.0,12,313
93.0,6.0,54.0,18.0,181.0,128.0,19.0,5.0,0.0,34.0,13.0,20.0,0.0,4.0,21.0,2.0,3.0,1.0,1.0,0.0,0.0,0.0,0.0,0.0,0.0,0.0,0.0,0.0,33,1000
2.0,0.0,21.0,0.0,10.0,9.0,2.0,0.0,1.0,0.0,1.0,1.0,0.0,0.0,2.0,0.0,0.0,0.0,0.0,0.0,0.0,0.0,0.0,0.0,0.0,0.0,0.0,0.0,4,76
21.0,2.0,24.0,7.0,42.0,20.0,5.0,2.0,0.0,4.0,1.0,1.0,0.0,1.0,2.0,0.0,0.0,0.0,2.0,0.0,0.0,0.0,0.0,0.0,0.0,0.0,0.0,0.0,8,222
79.0,3.0,186.0,38.0,214.0,89.0,41.0,11.0,1.0,39.0,5.0,24.0,4.0,12.0,22.0,3.0,1.0,0.0,3.0,0.0,0.0,0.0,0.0,0.0,0.0,0.0,0.0,0.0,60,1305
34.0,1.0,36.0,19.0,83.0,38.0,5.0,1.0,1.0,11.0,4.0,8.0,2.0,4.0,8.0,1.0,0.0,0.0,0.0,0.0,0.0,0.0,0.0,0.0,0.0,0.0,0.0,0.0,18,432
17.0,0.0,32.0,9.0,33.0,16.0,10.0,0.0,1.0,11.0,2.0,8.0,0.0,0.0,0.0,0.0,0.0,0.0,4.0,0.0,0.0,0.0,0.0,0.0,0.0,0.0,0.0,0.0,12,245
9.0,1.0,36.0,2.0,18.0,6.0,2.0,0.0,3.0,0.0,0.0,2.0,0.0,0.0,0.0,0.0,0.0,0.0,2.0,0.0,0.0,0.0,0.0,0.0,0.0,0.0,0.0,0.0,5,131
69.0,8.0,96.0,19.0,109.0,77.0,15.0,7.0,0.0,17.0,4.0,13.0,1.0,7.0,28.0,0.0,1.0,2.0,0.0,0.0,0.0,0.0,0.0,0.0,0.0,0.0,0.0,0.0,43,880
10.0,2.0,42.0,3.0,19.0,6.0,6.0,5.0,1.0,2.0,1.0,0.0,0.0,0.0,0.0,0.0,0.0,0.0,0.0,0.0,0.0,0.0,0.0,0.0,0.0,0.0,0.0,0.0,15,154
17.0,1.0,56.0,13.0,47.0,22.0,4.0,3.0,1.0,5.0,3.0,3.0,2.0,2.0,2.0,0.0,0.0,0.0,0.0,0.0,0.0,0.0,0.0,0.0,0.0,0.0,0.0,0.0,12,313
93.0,6.0,54.0,18.0,181.0,128.0,19.0,5.0,0.0,34.0,13.0,20.0,0.0,4.0,21.0,2.0,3.0,1.0,1.0,0.0,0.0,0.0,0.0,0.0,0.0,0.0,0.0,0.0,33,1000
2.0,0.0,21.0,0.0,10.0,9.0,2.0,0.0,1.0,0.0,1.0,1.0,0.0,0.0,2.0,0.0,0.0,0.0,0.0,0.0,0.0,0.0,0.0,0.0,0.0,0.0,0.0,0.0,4,76
21.0,2.0,24.0,7.0,42.0,20.0,5.0,2.0,0.0,4.0,1.0,1.0,0.0,1.0,2.0,0.0,0.0,0.0,2.0,0.0,0.0,0.0,0.0,0.0,0.0,0.0,0.0,0.0,8,222
79.0,3.0,186.0,38.0,214.0,89.0,41.0,11.0,1.0,39.0,5.0,24.0,4.0,12.0,22.0,3.0,1.0,0.0,3.0,0.0,0.0,0.0,0.0,0.0,0.0,0.0,0.0,0.0,60,1305
34.0,1.0,36.0,19.0,83.0,38.0,5.0,1.0,1.0,11.0,4.0,8.0,2.0,4.0,8.0,1.0,0.0,0.0,0.0,0.0,0.0,0.0,0.0,0.0,0.0,0.0,0.0,0.0,18,432
17.0,0.0,32.0,9.0,33.0,16.0,10.0,0.0,1.0,11.0,2.0,8.0,0.0,0.0,0.0,0.0,0.0,0.0,4.0,0.0,0.0,0.0,0.0,0.0,0.0,0.0,0.0,0.0,12,245
9.0,1.0,36.0,2.0,18.0,6.0,2.0,0.0,3.0,0.0,0.0,2.0,0.0,0.0,0.0,0.0,0.0,0.0,2.0,0.0,0.0,0.0,0.0,0.0,0.0,0.0,0.0,0.0,5,131
69.0,8.0,96.0,19.0,109.0,77.0,15.0,7.0,0.0,17.0,4.0,13.0,1.0,7.0,28.0,0.0,1.0,2.0,0.0,0.0,0.0,0.0,0.0,0.0,0.0,0.0,0.0,0.0,43,880
10.0,2.0,42.0,3.0,19.0,6.0,6.0,5.0,1.0,2.0,1.0,0.0,0.0,0.0,0.0,0.0,0.0,0.0,0.0,0.0,0.0,0.0,0.0,0.0,0.0,0.0,0.0,0.0,15,154
17.0,1.0,56.0,13.0,47.0,22.0,4.0,3.0,1.0,5.0,3.0,3.0,2.0,2.0,2.0,0.0,0.0,0.0,0.0,0.0,0.0,0.0,0.0,0.0,0.0,0.0,0.0,0.0,12,313
93.0,6.0,54.0,18.0,181.0,128.0,19.0,5.0,0.0,34.0,13.0,20.0,0.0,4.0,21.0,2.0,3.0,1.0,1.0,0.0,0.0,0.0,0.0,0.0,0.0,0.0,0.0,0.0,33,1000
2.0,0.0,21.0,0.0,10.0,9.0,2.0,0.0,1.0,0.0,1.0,1.0,0.0,0.0,2.0,0.0,0.0,0.0,0.0,0.0,0.0,0.0,0.0,0.0,0.0,0.0,0.0,0.0,4,76
21.0,2.0,24.0,7.0,42.0,20.0,5.0,2.0,0.0,4.0,1.0,1.0,0.0,1.0,2.0,0.0,0.0,0.0,2.0,0.0,0.0,0.0,0.0,0.0,0.0,0.0,0.0,0.0,8,222
79.0,3.0,186.0,38.0,214.0,89.0,41.0,11.0,1.0,39.0,5.0,24.0,4.0,12.0,22.0,3.0,1.0,0.0,3.0,0.0,0.0,0.0,0.0,0.0,0.0,0.0,0.0,0.0,60,1305
34.0,1.0,36.0,19.0,83.0,38.0,5.0,1.0,1.0,11.0,4.0,8.0,2.0,4.0,8.0,1.0,0.0,0.0,0.0,0.0,0.0,0.0,0.0,0.0,0.0,0.0,0.0,0.0,18,432
17.0,0.0,32.0,9.0,33.0,16.0,10.0,0.0,1.0,11.0,2.0,8.0,0.0,0.0,0.0,0.0,0.0,0.0,4.0,0.0,0.0,0.0,0.0,0.0,0.0,0.0,0.0,0.0,12,245
9.0,1.0,36.0,2.0,18.0,6.0,2.0,0.0,3.0,0.0,0.0,2.0,0.0,0.0,0.0,0.0,0.0,0.0,2.0,0.0,0.0,0.0,0.0,0.0,0.0,0.0,0.0,0.0,5,131
69.0,8.0,96.0,19.0,109.0,77.0,15.0,7.0,0.0,17.0,4.0,13.0,1.0,7.0,28.0,0.0,1.0,2.0,0.0,0.0,0.0,0.0,0.0,0.0,0.0,0.0,0.0,0.0,43,880
10.0,2.0,42.0,3.0,19.0,6.0,6.0,5.0,1.0,2.0,1.0,0.0,0.0,0.0,0.0,0.0,0.0,0.0,0.0,0.0,0.0,0.0,0.0,0.0,0.0,0.0,0.0,0.0,15,154
17.0,1.0,56.0,13.0,47.0,22.0,4.0,3.0,1.0,5.0,3.0,3.0,2.0,2.0,2.0,0.0,0.0,0.0,0.0,0.0,0.0,0.0,0.0,0.0,0.0,0.0,0.0,0.0,12,313
93.0,6.0,54.0,18.0,181.0,128.0,19.0,5.0,0.0,34.0,13.0,20.0,0.0,4.0,21.0,2.0,3.0,1.0,1.0,0.0,0.0,0.0,0.0,0.0,0.0,0.0,0.0,0.0,33,1000
2.0,0.0,21.0,0.0,10.0,9.0,2.0,0.0,1.0,0.0,1.0,1.0,0.0,0.0,2.0,0.0,0.0,0.0,0.0,0.0,0.0,0.0,0.0,0.0,0.0,0.0,0.0,0.0,4,76
21.0,2.0,24.0,7.0,42.0,20.0,5.0,2.0,0.0,4.0,1.0,1.0,0.0,1.0,2.0,0.0,0.0,0.0,2.0,0.0,0.0,0.0,0.0,0.0,0.0,0.0,0.0,0.0,8,222
79.0,3.0,186.0,38.0,214.0,89.0,41.0,11.0,1.0,39.0,5.0,24.0,4.0,12.0,22.0,3.0,1.0,0.0,3.0,0.0,0.0,0.0,0.0,0.0,0.0,0.0,0.0,0.0,60,1305
34.0,1.0,36.0,19.0,83.0,38.0,5.0,1.0,1.0,11.0,4.0,8.0,2.0,4.0,8.0,1.0,0.0,0.0,0.0,0.0,0.0,0.0,0.0,0.0,0.0,0.0,0.0,0.0,18,432
17.0,0.0,32.0,9.0,33.0,16.0,10.0,0.0,1.0,11.0,2.0,8.0,0.0,0.0,0.0,0.0,0.0,0.0,4.0,0.0,0.0,0.0,0.0,0.0,0.0,0.0,0.0,0.0,12,245
9.0,1.0,36.0,2.0,18.0,6.0,2.0,0.0,3.0,0.0,0.0,2.0,0.0,0.0,0.0,0.0,0.0,0.0,2.0,0.0,0.0,0.0,0.0,0.0,0.0,0.0,0.0,0.0,5,131
69.0,8.0,96.0,19.0,109.0,77.0,15.0,7.0,0.0,17.0,4.0,13.0,1.0,7.0,28.0,0.0,1.0,2.0,0.0,0.0,0.0,0.0,0.0,0.0,0.0,0.0,0.0,0.0,43,880
10.0,2.0,42.0,3.0,19.0,6.0,6.0,5.0,1.0,2.0,1.0,0.0,0.0,0.0,0.0,0.0,0.0,0.0,0.0,0.0,0.0,0.0,0.0,0.0,0.0,0.0,0.0,0.0,15,154
17.0,1.0,56.0,13.0,47.0,22.0,4.0,3.0,1.0,5.0,3.0,3.0,2.0,2.0,2.0,0.0,0.0,0.0,0.0,0.0,0.0,0.0,0.0,0.0,0.0,0.0,0.0,0.0,12,313
93.0,6.0,54.0,18.0,181.0,128.0,19.0,5.0,0.0,34.0,13.0,20.0,0.0,4.0,21.0,2.0,3.0,1.0,1.0,0.0,0.0,0.0,0.0,0.0,0.0,0.0,0.0,0.0,33,1000
2.0,0.0,21.0,0.0,10.0,9.0,2.0,0.0,1.0,0.0,1.0,1.0,0.0,0.0,2.0,0.0,0.0,0.0,0.0,0.0,0.0,0.0,0.0,0.0,0.0,0.0,0.0,0.0,4,76
21.0,2.0,24.0,7.0,42.0,20.0,5.0,2.0,0.0,4.0,1.0,1.0,0.0,1.0,2.0,0.0,0.0,0.0,2.0,0.0,0.0,0.0,0.0,0.0,0.0,0.0,0.0,0.0,8,222
79.0,3.0,186.0,38.0,214.0,89.0,41.0,11.0,1.0,39.0,5.0,24.0,4.0,12.0,22.0,3.0,1.0,0.0,3.0,0.0,0.0,0.0,0.0,0.0,0.0,0.0,0.0,0.0,60,1305
34.0,1.0,36.0,19.0,83.0,38.0,5.0,1.0,1.0,11.0,4.0,8.0,2.0,4.0,8.0,1.0,0.0,0.0,0.0,0.0,0.0,0.0,0.0,0.0,0.0,0.0,0.0,0.0,18,432
17.0,0.0,32.0,9.0,33.0,16.0,10.0,0.0,1.0,11.0,2.0,8.0,0.0,0.0,0.0,0.0,0.0,0.0,4.0,0.0,0.0,0.0,0.0,0.0,0.0,0.0,0.0,0.0,12,245
9.0,1.0,36.0,2.0,18.0,6.0,2.0,0.0,3.0,0.0,0.0,2.0,0.0,0.0,0.0,0.0,0.0,0.0,2.0,0.0,0.0,0.0,0.0,0.0,0.0,0.0,0.0,0.0,5,131
69.0,8.0,96.0,19.0,109.0,77.0,15.0,7.0,0.0,17.0,4.0,13.0,1.0,7.0,28.0,0.0,1.0,2.0,0.0,0.0,0.0,0.0,0.0,0.0,0.0,0.0,0.0,0.0,43,880
10.0,2.0,42.0,3.0,19.0,6.0,6.0,5.0,1.0,2.0,1.0,0.0,0.0,0.0,0.0,0.0,0.0,0.0,0.0,0.0,0.0,0.0,0.0,0.0,0.0,0.0,0.0,0.0,15,154
17.0,1.0,56.0,13.0,47.0,22.0,4.0,3.0,1.0,5.0,3.0,3.0,2.0,2.0,2.0,0.0,0.0,0.0,0.0,0.0,0.0,0.0,0.0,0.0,0.0,0.0,0.0,0.0,12,313
93.0,6.0,54.0,18.0,181.0,128.0,19.0,5.0,0.0,34.0,13.0,20.0,0.0,4.0,21.0,2.0,3.0,1.0,1.0,0.0,0.0,0.0,0.0,0.0,0.0,0.0,0.0,0.0,33,1000
2.0,0.0,21.0,0.0,10.0,9.0,2.0,0.0,1.0,0.0,1.0,1.0,0.0,0.0,2.0,0.0,0.0,0.0,0.0,0.0,0.0,0.0,0.0,0.0,0.0,0.0,0.0,0.0,4,76
21.0,2.0,24.0,7.0,42.0,20.0,5.0,2.0,0.0,4.0,1.0,1.0,0.0,1.0,2.0,0.0,0.0,0.0,2.0,0.0,0.0,0.0,0.0,0.0,0.0,0.0,0.0,0.0,8,222
79.0,3.0,186.0,38.0,214.0,89.0,41.0,11.0,1.0,39.0,5.0,24.0,4.0,12.0,22.0,3.0,1.0,0.0,3.0,0.0,0.0,0.0,0.0,0.0,0.0,0.0,0.0,0.0,60,1305
34.0,1.0,36.0,19.0,83.0,38.0,5.0,1.0,1.0,11.0,4.0,8.0,2.0,4.0,8.0,1.0,0.0,0.0,0.0,0.0,0.0,0.0,0.0,0.0,0.0,0.0,0.0,0.0,18,432
17.0,0.0,32.0,9.0,33.0,16.0,10.0,0.0,1.0,11.0,2.0,8.0,0.0,0.0,0.0,0.0,0.0,0.0,4.0,0.0,0.0,0.0,0.0,0.0,0.0,0.0,0.0,0.0,12,245
9.0,1.0,36.0,2.0,18.0,6.0,2.0,0.0,3.0,0.0,0.0,2.0,0.0,0.0,0.0,0.0,0.0,0.0,2.0,0.0,0.0,0.0,0.0,0.0,0.0,0.0,0.0,0.0,5,131
69.0,8.0,96.0,19.0,109.0,77.0,15.0,7.0,0.0,17.0,4.0,13.0,1.0,7.0,28.0,0.0,1.0,2.0,0.0,0.0,0.0,0.0,0.0,0.0,0.0,0.0,0.0,0.0,43,880
10.0,2.0,42.0,3.0,19.0,6.0,6.0,5.0,1.0,2.0,1.0,0.0,0.0,0.0,0.0,0.0,0.0,0.0,0.0,0.0,0.0,0.0,0.0,0.0,0.0,0.0,0.0,0.0,15,154
17.0,1.0,56.0,13.0,47.0,22.0,4.0,3.0,1.0,5.0,3.0,3.0,2.0,2.0,2.0,0.0,0.0,0.0,0.0,0.0,0.0,0.0,0.0,0.0,0.0,0.0,0.0,0.0,12,313
93.0,6.0,54.0,18.0,181.0,128.0,19.0,5.0,0.0,34.0,13.0,20.0,0.0,4.0,21.0,2.0,3.0,1.0,1.0,0.0,0.0,0.0,0.0,0.0,0.0,0.0,0.0,0.0,33,1000
2.0,0.0,21.0,0.0,10.0,9.0,2.0,0.0,1.0,0.0,1.0,1.0,0.0,0.0,2.0,0.0,0.0,0.0,0.0,0.0,0.0,0.0,0.0,0.0,0.0,0.0,0.0,0.0,4,76
21.0,2.0,24.0,7.0,42.0,20.0,5.0,2.0,0.0,4.0,1.0,1.0,0.0,1.0,2.0,0.0,0.0,0.0,2.0,0.0,0.0,0.0,0.0,0.0,0.0,0.0,0.0,0.0,8,222
79.0,3.0,186.0,38.0,214.0,89.0,41.0,11.0,1.0,39.0,5.0,24.0,4.0,12.0,22.0,3.0,1.0,0.0,3.0,0.0,0.0,0.0,0.0,0.0,0.0,0.0,0.0,0.0,60,1305
34.0,1.0,36.0,19.0,83.0,38.0,5.0,1.0,1.0,11.0,4.0,8.0,2.0,4.0,8.0,1.0,0.0,0.0,0.0,0.0,0.0,0.0,0.0,0.0,0.0,0.0,0.0,0.0,18,432
17.0,0.0,32.0,9.0,33.0,16.0,10.0,0.0,1.0,11.0,2.0,8.0,0.0,0.0,0.0,0.0,0.0,0.0,4.0,0.0,0.0,0.0,0.0,0.0,0.0,0.0,0.0,0.0,12,245
9.0,1.0,36.0,2.0,18.0,6.0,2.0,0.0,3.0,0.0,0.0,2.0,0.0,0.0,0.0,0.0,0.0,0.0,2.0,0.0,0.0,0.0,0.0,0.0,0.0,0.0,0.0,0.0,5,131
69.0,8.0,96.0,19.0,109.0,77.0,15.0,7.0,0.0,17.0,4.0,13.0,1.0,7.0,28.0,0.0,1.0,2.0,0.0,0.0,0.0,0.0,0.0,0.0,0.0,0.0,0.0,0.0,43,880
10.0,2.0,42.0,3.0,19.0,6.0,6.0,5.0,1.0,2.0,1.0,0.0,0.0,0.0,0.0,0.0,0.0,0.0,0.0,0.0,0.0,0.0,0.0,0.0,0.0,0.0,0.0,0.0,15,154
17.0,1.0,56.0,13.0,47.0,22.0,4.0,3.0,1.0,5.0,3.0,3.0,2.0,2.0,2.0,0.0,0.0,0.0,0.0,0.0,0.0,0.0,0.0,0.0,0.0,0.0,0.0,0.0,12,313
93.0,6.0,54.0,18.0,181.0,128.0,19.0,5.0,0.0,34.0,13.0,20.0,0.0,4.0,21.0,2.0,3.0,1.0,1.0,0.0,0.0,0.0,0.0,0.0,0.0,0.0,0.0,0.0,33,1000
2.0,0.0,21.0,0.0,10.0,9.0,2.0,0.0,1.0,0.0,1.0,1.0,0.0,0.0,2.0,0.0,0.0,0.0,0.0,0.0,0.0,0.0,0.0,0.0,0.0,0.0,0.0,0.0,4,76
21.0,2.0,24.0,7.0,42.0,20.0,5.0,2.0,0.0,4.0,1.0,1.0,0.0,1.0,2.0,0.0,0.0,0.0,2.0,0.0,0.0,0.0,0.0,0.0,0.0,0.0,0.0,0.0,8,222
79.0,3.0,186.0,38.0,214.0,89.0,41.0,11.0,1.0,39.0,5.0,24.0,4.0,12.0,22.0,3.0,1.0,0.0,3.0,0.0,0.0,0.0,0.0,0.0,0.0,0.0,0.0,0.0,60,1305
34.0,1.0,36.0,19.0,83.0,38.0,5.0,1.0,1.0,11.0,4.0,8.0,2.0,4.0,8.0,1.0,0.0,0.0,0.0,0.0,0.0,0.0,0.0,0.0,0.0,0.0,0.0,0.0,18,432
17.0,0.0,32.0,9.0,33.0,16.0,10.0,0.0,1.0,11.0,2.0,8.0,0.0,0.0,0.0,0.0,0.0,0.0,4.0,0.0,0.0,0.0,0.0,0.0,0.0,0.0,0.0,0.0,12,245
9.0,1.0,36.0,2.0,18.0,6.0,2.0,0.0,3.0,0.0,0.0,2.0,0.0,0.0,0.0,0.0,0.0,0.0,2.0,0.0,0.0,0.0,0.0,0.0,0.0,0.0,0.0,0.0,5,131
69.0,8.0,96.0,19.0,109.0,77.0,15.0,7.0,0.0,17.0,4.0,13.0,1.0,7.0,28.0,0.0,1.0,2.0,0.0,0.0,0.0,0.0,0.0,0.0,0.0,0.0,0.0,0.0,43,880
10.0,2.0,42.0,3.0,19.0,6.0,6.0,5.0,1.0,2.0,1.0,0.0,0.0,0.0,0.0,0.0,0.0,0.0,0.0,0.0,0.0,0.0,0.0,0.0,0.0,0.0,0.0,0.0,15,154
17.0,1.0,56.0,13.0,47.0,22.0,4.0,3.0,1.0,5.0,3.0,3.0,2.0,2.0,2.0,0.0,0.0,0.0,0.0,0.0,0.0,0.0,0.0,0.0,0.0,0.0,0.0,0.0,12,313
93.0,6.0,54.0,18.0,181.0,128.0,19.0,5.0,0.0,34.0,13.0,20.0,0.0,4.0,21.0,2.0,3.0,1.0,1.0,0.0,0.0,0.0,0.0,0.0,0.0,0.0,0.0,0.0,33,1000
2.0,0.0,21.0,0.0,10.0,9.0,2.0,0.0,1.0,0.0,1.0,1.0,0.0,0.0,2.0,0.0,0.0,0.0,0.0,0.0,0.0,0.0,0.0,0.0,0.0,0.0,0.0,0.0,4,76
21.0,2.0,24.0,7.0,42.0,20.0,5.0,2.0,0.0,4.0,1.0,1.0,0.0,1.0,2.0,0.0,0.0,0.0,2.0,0.0,0.0,0.0,0.0,0.0,0.0,0.0,0.0,0.0,8,222
79.0,3.0,186.0,38.0,214.0,89.0,41.0,11.0,1.0,39.0,5.0,24.0,4.0,12.0,22.0,3.0,1.0,0.0,3.0,0.0,0.0,0.0,0.0,0.0,0.0,0.0,0.0,0.0,60,1305
34.0,1.0,36.0,19.0,83.0,38.0,5.0,1.0,1.0,11.0,4.0,8.0,2.0,4.0,8.0,1.0,0.0,0.0,0.0,0.0,0.0,0.0,0.0,0.0,0.0,0.0,0.0,0.0,18,432
17.0,0.0,32.0,9.0,33.0,16.0,10.0,0.0,1.0,11.0,2.0,8.0,0.0,0.0,0.0,0.0,0.0,0.0,4.0,0.0,0.0,0.0,0.0,0.0,0.0,0.0,0.0,0.0,12,245
9.0,1.0,36.0,2.0,18.0,6.0,2.0,0.0,3.0,0.0,0.0,2.0,0.0,0.0,0.0,0.0,0.0,0.0,2.0,0.0,0.0,0.0,0.0,0.0,0.0,0.0,0.0,0.0,5,131
69.0,8.0,96.0,19.0,109.0,77.0,15.0,7.0,0.0,17.0,4.0,13.0,1.0,7.0,28.0,0.0,1.0,2.0,0.0,0.0,0.0,0.0,0.0,0.0,0.0,0.0,0.0,0.0,43,880
10.0,2.0,42.0,3.0,19.0,6.0,6.0,5.0,1.0,2.0,1.0,0.0,0.0,0.0,0.0,0.0,0.0,0.0,0.0,0.0,0.0,0.0,0.0,0.0,0.0,0.0,0.0,0.0,15,154
17.0,1.0,56.0,13.0,47.0,22.0,4.0,3.0,1.0,5.0,3.0,3.0,2.0,2.0,2.0,0.0,0.0,0.0,0.0,0.0,0.0,0.0,0.0,0.0,0.0,0.0,0.0,0.0,12,313
93.0,6.0,54.0,18.0,181.0,128.0,19.0,5.0,0.0,34.0,13.0,20.0,0.0,4.0,21.0,2.0,3.0,1.0,1.0,0.0,0.0,0.0,0.0,0.0,0.0,0.0,0.0,0.0,33,1000
2.0,0.0,21.0,0.0,10.0,9.0,2.0,0.0,1.0,0.0,1.0,1.0,0.0,0.0,2.0,0.0,0.0,0.0,0.0,0.0,0.0,0.0,0.0,0.0,0.0,0.0,0.0,0.0,4,76
21.0,2.0,24.0,7.0,42.0,20.0,5.0,2.0,0.0,4.0,1.0,1.0,0.0,1.0,2.0,0.0,0.0,0.0,2.0,0.0,0.0,0.0,0.0,0.0,0.0,0.0,0.0,0.0,8,222
79.0,3.0,186.0,38.0,214.0,89.0,41.0,11.0,1.0,39.0,5.0,24.0,4.0,12.0,22.0,3.0,1.0,0.0,3.0,0.0,0.0,0.0,0.0,0.0,0.0,0.0,0.0,0.0,60,1305
34.0,1.0,36.0,19.0,83.0,38.0,5.0,1.0,1.0,11.0,4.0,8.0,2.0,4.0,8.0,1.0,0.0,0.0,0.0,0.0,0.0,0.0,0.0,0.0,0.0,0.0,0.0,0.0,18,432
17.0,0.0,32.0,9.0,33.0,16.0,10.0,0.0,1.0,11.0,2.0,8.0,0.0,0.0,0.0,0.0,0.0,0.0,4.0,0.0,0.0,0.0,0.0,0.0,0.0,0.0,0.0,0.0,12,245
9.0,1.0,36.0,2.0,18.0,6.0,2.0,0.0,3.0,0.0,0.0,2.0,0.0,0.0,0.0,0.0,0.0,0.0,2.0,0.0,0.0,0.0,0.0,0.0,0.0,0.0,0.0,0.0,5,131
69.0,8.0,96.0,19.0,109.0,77.0,15.0,7.0,0.0,17.0,4.0,13.0,1.0,7.0,28.0,0.0,1.0,2.0,0.0,0.0,0.0,0.0,0.0,0.0,0.0,0.0,0.0,0.0,43,880
10.0,2.0,42.0,3.0,19.0,6.0,6.0,5.0,1.0,2.0,1.0,0.0,0.0,0.0,0.0,0.0,0.0,0.0,0.0,0.0,0.0,0.0,0.0,0.0,0.0,0.0,0.0,0.0,15,154
17.0,1.0,56.0,13.0,47.0,22.0,4.0,3.0,1.0,5.0,3.0,3.0,2.0,2.0,2.0,0.0,0.0,0.0,0.0,0.0,0.0,0.0,0.0,0.0,0.0,0.0,0.0,0.0,12,313
93.0,6.0,54.0,18.0,181.0,128.0,19.0,5.0,0.0,34.0,13.0,20.0,0.0,4.0,21.0,2.0,3.0,1.0,1.0,0.0,0.0,0.0,0.0,0.0,0.0,0.0,0.0,0.0,33,1000
2.0,0.0,21.0,0.0,10.0,9.0,2.0,0.0,1.0,0.0,1.0,1.0,0.0,0.0,2.0,0.0,0.0,0.0,0.0,0.0,0.0,0.0,0.0,0.0,0.0,0.0,0.0,0.0,4,76
21.0,2.0,24.0,7.0,42.0,20.0,5.0,2.0,0.0,4.0,1.0,1.0,0.0,1.0,2.0,0.0,0.0,0.0,2.0,0.0,0.0,0.0,0.0,0.0,0.0,0.0,0.0,0.0,8,222
79.0,3.0,186.0,38.0,214.0,89.0,41.0,11.0,1.0,39.0,5.0,24.0,4.0,12.0,22.0,3.0,1.0,0.0,3.0,0.0,0.0,0.0,0.0,0.0,0.0,0.0,0.0,0.0,60,1305
34.0,1.0,36.0,19.0,83.0,38.0,5.0,1.0,1.0,11.0,4.0,8.0,2.0,4.0,8.0,1.0,0.0,0.0,0.0,0.0,0.0,0.0,0.0,0.0,0.0,0.0,0.0,0.0,18,432
17.0,0.0,32.0,9.0,33.0,16.0,10.0,0.0,1.0,11.0,2.0,8.0,0.0,0.0,0.0,0.0,0.0,0.0,4.0,0.0,0.0,0.0,0.0,0.0,0.0,0.0,0.0,0.0,12,245
9.0,1.0,36.0,2.0,18.0,6.0,2.0,0.0,3.0,0.0,0.0,2.0,0.0,0.0,0.0,0.0,0.0,0.0,2.0,0.0,0.0,0.0,0.0,0.0,0.0,0.0,0.0,0.0,5,131
69.0,8.0,96.0,19.0,109.0,77.0,15.0,7.0,0.0,17.0,4.0,13.0,1.0,7.0,28.0,0.0,1.0,2.0,0.0,0.0,0.0,0.0,0.0,0.0,0.0,0.0,0.0,0.0,43,880
10.0,2.0,42.0,3.0,19.0,6.0,6.0,5.0,1.0,2.0,1.0,0.0,0.0,0.0,0.0,0.0,0.0,0.0,0.0,0.0,0.0,0.0,0.0,0.0,0.0,0.0,0.0,0.0,15,154
17.0,1.0,56.0,13.0,47.0,22.0,4.0,3.0,1.0,5.0,3.0,3.0,2.0,2.0,2.0,0.0,0.0,0.0,0.0,0.0,0.0,0.0,0.0,0.0,0.0,0.0,0.0,0.0,12,313
93.0,6.0,54.0,18.0,181.0,128.0,19.0,5.0,0.0,34.0,13.0,20.0,0.0,4.0,21.0,2.0,3.0,1.0,1.0,0.0,0.0,0.0,0.0,0.0,0.0,0.0,0.0,0.0,33,1000
2.0,0.0,21.0,0.0,10.0,9.0,2.0,0.0,1.0,0.0,1.0,1.0,0.0,0.0,2.0,0.0,0.0,0.0,0.0,0.0,0.0,0.0,0.0,0.0,0.0,0.0,0.0,0.0,4,76
21.0,2.0,24.0,7.0,42.0,20.0,5.0,2.0,0.0,4.0,1.0,1.0,0.0,1.0,2.0,0.0,0.0,0.0,2.0,0.0,0.0,0.0,0.0,0.0,0.0,0.0,0.0,0.0,8,222
79.0,3.0,186.0,38.0,214.0,89.0,41.0,11.0,1.0,39.0,5.0,24.0,4.0,12.0,22.0,3.0,1.0,0.0,3.0,0.0,0.0,0.0,0.0,0.0,0.0,0.0,0.0,0.0,60,1305
34.0,1.0,36.0,19.0,83.0,38.0,5.0,1.0,1.0,11.0,4.0,8.0,2.0,4.0,8.0,1.0,0.0,0.0,0.0,0.0,0.0,0.0,0.0,0.0,0.0,0.0,0.0,0.0,18,432
17.0,0.0,32.0,9.0,33.0,16.0,10.0,0.0,1.0,11.0,2.0,8.0,0.0,0.0,0.0,0.0,0.0,0.0,4.0,0.0,0.0,0.0,0.0,0.0,0.0,0.0,0.0,0.0,12,245
9.0,1.0,36.0,2.0,18.0,6.0,2.0,0.0,3.0,0.0,0.0,2.0,0.0,0.0,0.0,0.0,0.0,0.0,2.0,0.0,0.0,0.0,0.0,0.0,0.0,0.0,0.0,0.0,5,131
69.0,8.0,96.0,19.0,109.0,77.0,15.0,7.0,0.0,17.0,4.0,13.0,1.0,7.0,28.0,0.0,1.0,2.0,0.0,0.0,0.0,0.0,0.0,0.0,0.0,0.0,0.0,0.0,43,880
10.0,2.0,42.0,3.0,19.0,6.0,6.0,5.0,1.0,2.0,1.0,0.0,0.0,0.0,0.0,0.0,0.0,0.0,0.0,0.0,0.0,0.0,0.0,0.0,0.0,0.0,0.0,0.0,15,154
17.0,1.0,56.0,13.0,47.0,22.0,4.0,3.0,1.0,5.0,3.0,3.0,2.0,2.0,2.0,0.0,0.0,0.0,0.0,0.0,0.0,0.0,0.0,0.0,0.0,0.0,0.0,0.0,12,313
93.0,6.0,54.0,18.0,181.0,128.0,19.0,5.0,0.0,34.0,13.0,20.0,0.0,4.0,21.0,2.0,3.0,1.0,1.0,0.0,0.0,0.0,0.0,0.0,0.0,0.0,0.0,0.0,33,1000
2.0,0.0,21.0,0.0,10.0,9.0,2.0,0.0,1.0,0.0,1.0,1.0,0.0,0.0,2.0,0.0,0.0,0.0,0.0,0.0,0.0,0.0,0.0,0.0,0.0,0.0,0.0,0.0,4,76
21.0,2.0,24.0,7.0,42.0,20.0,5.0,2.0,0.0,4.0,1.0,1.0,0.0,1.0,2.0,0.0,0.0,0.0,2.0,0.0,0.0,0.0,0.0,0.0,0.0,0.0,0.0,0.0,8,222
79.0,3.0,186.0,38.0,214.0,89.0,41.0,11.0,1.0,39.0,5.0,24.0,4.0,12.0,22.0,3.0,1.0,0.0,3.0,0.0,0.0,0.0,0.0,0.0,0.0,0.0,0.0,0.0,60,1305
34.0,1.0,36.0,19.0,83.0,38.0,5.0,1.0,1.0,11.0,4.0,8.0,2.0,4.0,8.0,1.0,0.0,0.0,0.0,0.0,0.0,0.0,0.0,0.0,0.0,0.0,0.0,0.0,18,432
17.0,0.0,32.0,9.0,33.0,16.0,10.0,0.0,1.0,11.0,2.0,8.0,0.0,0.0,0.0,0.0,0.0,0.0,4.0,0.0,0.0,0.0,0.0,0.0,0.0,0.0,0.0,0.0,12,245
9.0,1.0,36.0,2.0,18.0,6.0,2.0,0.0,3.0,0.0,0.0,2.0,0.0,0.0,0.0,0.0,0.0,0.0,2.0,0.0,0.0,0.0,0.0,0.0,0.0,0.0,0.0,0.0,5,131
69.0,8.0,96.0,19.0,109.0,77.0,15.0,7.0,0.0,17.0,4.0,13.0,1.0,7.0,28.0,0.0,1.0,2.0,0.0,0.0,0.0,0.0,0.0,0.0,0.0,0.0,0.0,0.0,43,880
10.0,2.0,42.0,3.0,19.0,6.0,6.0,5.0,1.0,2.0,1.0,0.0,0.0,0.0,0.0,0.0,0.0,0.0,0.0,0.0,0.0,0.0,0.0,0.0,0.0,0.0,0.0,0.0,15,154
17.0,1.0,56.0,13.0,47.0,22.0,4.0,3.0,1.0,5.0,3.0,3.0,2.0,2.0,2.0,0.0,0.0,0.0,0.0,0.0,0.0,0.0,0.0,0.0,0.0,0.0,0.0,0.0,12,313
93.0,6.0,54.0,18.0,181.0,128.0,19.0,5.0,0.0,34.0,13.0,20.0,0.0,4.0,21.0,2.0,3.0,1.0,1.0,0.0,0.0,0.0,0.0,0.0,0.0,0.0,0.0,0.0,33,1000
2.0,0.0,21.0,0.0,10.0,9.0,2.0,0.0,1.0,0.0,1.0,1.0,0.0,0.0,2.0,0.0,0.0,0.0,0.0,0.0,0.0,0.0,0.0,0.0,0.0,0.0,0.0,0.0,4,76
21.0,2.0,24.0,7.0,42.0,20.0,5.0,2.0,0.0,4.0,1.0,1.0,0.0,1.0,2.0,0.0,0.0,0.0,2.0,0.0,0.0,0.0,0.0,0.0,0.0,0.0,0.0,0.0,8,222
79.0,3.0,186.0,38.0,214.0,89.0,41.0,11.0,1.0,39.0,5.0,24.0,4.0,12.0,22.0,3.0,1.0,0.0,3.0,0.0,0.0,0.0,0.0,0.0,0.0,0.0,0.0,0.0,60,1305
34.0,1.0,36.0,19.0,83.0,38.0,5.0,1.0,1.0,11.0,4.0,8.0,2.0,4.0,8.0,1.0,0.0,0.0,0.0,0.0,0.0,0.0,0.0,0.0,0.0,0.0,0.0,0.0,18,432
17.0,0.0,32.0,9.0,33.0,16.0,10.0,0.0,1.0,11.0,2.0,8.0,0.0,0.0,0.0,0.0,0.0,0.0,4.0,0.0,0.0,0.0,0.0,0.0,0.0,0.0,0.0,0.0,12,245
9.0,1.0,36.0,2.0,18.0,6.0,2.0,0.0,3.0,0.0,0.0,2.0,0.0,0.0,0.0,0.0,0.0,0.0,2.0,0.0,0.0,0.0,0.0,0.0,0.0,0.0,0.0,0.0,5,131
69.0,8.0,96.0,19.0,109.0,77.0,15.0,7.0,0.0,17.0,4.0,13.0,1.0,7.0,28.0,0.0,1.0,2.0,0.0,0.0,0.0,0.0,0.0,0.0,0.0,0.0,0.0,0.0,43,880
10.0,2.0,42.0,3.0,19.0,6.0,6.0,5.0,1.0,2.0,1.0,0.0,0.0,0.0,0.0,0.0,0.0,0.0,0.0,0.0,0.0,0.0,0.0,0.0,0.0,0.0,0.0,0.0,15,154
17.0,1.0,56.0,13.0,47.0,22.0,4.0,3.0,1.0,5.0,3.0,3.0,2.0,2.0,2.0,0.0,0.0,0.0,0.0,0.0,0.0,0.0,0.0,0.0,0.0,0.0,0.0,0.0,12,313
93.0,6.0,54.0,18.0,181.0,128.0,19.0,5.0,0.0,34.0,13.0,20.0,0.0,4.0,21.0,2.0,3.0,1.0,1.0,0.0,0.0,0.0,0.0,0.0,0.0,0.0,0.0,0.0,33,1000
2.0,0.0,21.0,0.0,10.0,9.0,2.0,0.0,1.0,0.0,1.0,1.0,0.0,0.0,2.0,0.0,0.0,0.0,0.0,0.0,0.0,0.0,0.0,0.0,0.0,0.0,0.0,0.0,4,76
21.0,2.0,24.0,7.0,42.0,20.0,5.0,2.0,0.0,4.0,1.0,1.0,0.0,1.0,2.0,0.0,0.0,0.0,2.0,0.0,0.0,0.0,0.0,0.0,0.0,0.0,0.0,0.0,8,222
79.0,3.0,186.0,38.0,214.0,89.0,41.0,11.0,1.0,39.0,5.0,24.0,4.0,12.0,22.0,3.0,1.0,0.0,3.0,0.0,0.0,0.0,0.0,0.0,0.0,0.0,0.0,0.0,60,1305
34.0,1.0,36.0,19.0,83.0,38.0,5.0,1.0,1.0,11.0,4.0,8.0,2.0,4.0,8.0,1.0,0.0,0.0,0.0,0.0,0.0,0.0,0.0,0.0,0.0,0.0,0.0,0.0,18,432
17.0,0.0,32.0,9.0,33.0,16.0,10.0,0.0,1.0,11.0,2.0,8.0,0.0,0.0,0.0,0.0,0.0,0.0,4.0,0.0,0.0,0.0,0.0,0.0,0.0,0.0,0.0,0.0,12,245
9.0,1.0,36.0,2.0,18.0,6.0,2.0,0.0,3.0,0.0,0.0,2.0,0.0,0.0,0.0,0.0,0.0,0.0,2.0,0.0,0.0,0.0,0.0,0.0,0.0,0.0,0.0,0.0,5,131
69.0,8.0,96.0,19.0,109.0,77.0,15.0,7.0,0.0,17.0,4.0,13.0,1.0,7.0,28.0,0.0,1.0,2.0,0.0,0.0,0.0,0.0,0.0,0.0,0.0,0.0,0.0,0.0,43,880
10.0,2.0,42.0,3.0,19.0,6.0,6.0,5.0,1.0,2.0,1.0,0.0,0.0,0.0,0.0,0.0,0.0,0.0,0.0,0.0,0.0,0.0,0.0,0.0,0.0,0.0,0.0,0.0,15,154
17.0,1.0,56.0,13.0,47.0,22.0,4.0,3.0,1.0,5.0,3.0,3.0,2.0,2.0,2.0,0.0,0.0,0.0,0.0,0.0,0.0,0.0,0.0,0.0,0.0,0.0,0.0,0.0,12,313
93.0,6.0,54.0,18.0,181.0,128.0,19.0,5.0,0.0,34.0,13.0,20.0,0.0,4.0,21.0,2.0,3.0,1.0,1.0,0.0,0.0,0.0,0.0,0.0,0.0,0.0,0.0,0.0,33,1000
2.0,0.0,21.0,0.0,10.0,9.0,2.0,0.0,1.0,0.0,1.0,1.0,0.0,0.0,2.0,0.0,0.0,0.0,0.0,0.0,0.0,0.0,0.0,0.0,0.0,0.0,0.0,0.0,4,76
21.0,2.0,24.0,7.0,42.0,20.0,5.0,2.0,0.0,4.0,1.0,1.0,0.0,1.0,2.0,0.0,0.0,0.0,2.0,0.0,0.0,0.0,0.0,0.0,0.0,0.0,0.0,0.0,8,222
79.0,3.0,186.0,38.0,214.0,89.0,41.0,11.0,1.0,39.0,5.0,24.0,4.0,12.0,22.0,3.0,1.0,0.0,3.0,0.0,0.0,0.0,0.0,0.0,0.0,0.0,0.0,0.0,60,1305
34.0,1.0,36.0,19.0,83.0,38.0,5.0,1.0,1.0,11.0,4.0,8.0,2.0,4.0,8.0,1.0,0.0,0.0,0.0,0.0,0.0,0.0,0.0,0.0,0.0,0.0,0.0,0.0,18,432
17.0,0.0,32.0,9.0,33.0,16.0,10.0,0.0,1.0,11.0,2.0,8.0,0.0,0.0,0.0,0.0,0.0,0.0,4.0,0.0,0.0,0.0,0.0,0.0,0.0,0.0,0.0,0.0,12,245
9.0,1.0,36.0,2.0,18.0,6.0,2.0,0.0,3.0,0.0,0.0,2.0,0.0,0.0,0.0,0.0,0.0,0.0,2.0,0.0,0.0,0.0,0.0,0.0,0.0,0.0,0.0,0.0,5,131
69.0,8.0,96.0,19.0,109.0,77.0,15.0,7.0,0.0,17.0,4.0,13.0,1.0,7.0,28.0,0.0,1.0,2.0,0.0,0.0,0.0,0.0,0.0,0.0,0.0,0.0,0.0,0.0,43,880
10.0,2.0,42.0,3.0,19.0,6.0,6.0,5.0,1.0,2.0,1.0,0.0,0.0,0.0,0.0,0.0,0.0,0.0,0.0,0.0,0.0,0.0,0.0,0.0,0.0,0.0,0.0,0.0,15,154
17.0,1.0,56.0,13.0,47.0,22.0,4.0,3.0,1.0,5.0,3.0,3.0,2.0,2.0,2.0,0.0,0.0,0.0,0.0,0.0,0.0,0.0,0.0,0.0,0.0,0.0,0.0,0.0,12,313
93.0,6.0,54.0,18.0,181.0,128.0,19.0,5.0,0.0,34.0,13.0,20.0,0.0,4.0,21.0,2.0,3.0,1.0,1.0,0.0,0.0,0.0,0.0,0.0,0.0,0.0,0.0,0.0,33,1000
2.0,0.0,21.0,0.0,10.0,9.0,2.0,0.0,1.0,0.0,1.0,1.0,0.0,0.0,2.0,0.0,0.0,0.0,0.0,0.0,0.0,0.0,0.0,0.0,0.0,0.0,0.0,0.0,4,76
21.0,2.0,24.0,7.0,42.0,20.0,5.0,2.0,0.0,4.0,1.0,1.0,0.0,1.0,2.0,0.0,0.0,0.0,2.0,0.0,0.0,0.0,0.0,0.0,0.0,0.0,0.0,0.0,8,222
79.0,3.0,186.0,38.0,214.0,89.0,41.0,11.0,1.0,39.0,5.0,24.0,4.0,12.0,22.0,3.0,1.0,0.0,3.0,0.0,0.0,0.0,0.0,0.0,0.0,0.0,0.0,0.0,60,1305
34.0,1.0,36.0,19.0,83.0,38.0,5.0,1.0,1.0,11.0,4.0,8.0,2.0,4.0,8.0,1.0,0.0,0.0,0.0,0.0,0.0,0.0,0.0,0.0,0.0,0.0,0.0,0.0,18,432
17.0,0.0,32.0,9.0,33.0,16.0,10.0,0.0,1.0,11.0,2.0,8.0,0.0,0.0,0.0,0.0,0.0,0.0,4.0,0.0,0.0,0.0,0.0,0.0,0.0,0.0,0.0,0.0,12,245
9.0,1.0,36.0,2.0,18.0,6.0,2.0,0.0,3.0,0.0,0.0,2.0,0.0,0.0,0.0,0.0,0.0,0.0,2.0,0.0,0.0,0.0,0.0,0.0,0.0,0.0,0.0,0.0,5,131
69.0,8.0,96.0,19.0,109.0,77.0,15.0,7.0,0.0,17.0,4.0,13.0,1.0,7.0,28.0,0.0,1.0,2.0,0.0,0.0,0.0,0.0,0.0,0.0,0.0,0.0,0.0,0.0,43,880
10.0,2.0,42.0,3.0,19.0,6.0,6.0,5.0,1.0,2.0,1.0,0.0,0.0,0.0,0.0,0.0,0.0,0.0,0.0,0.0,0.0,0.0,0.0,0.0,0.0,0.0,0.0,0.0,15,154
17.0,1.0,56.0,13.0,47.0,22.0,4.0,3.0,1.0,5.0,3.0,3.0,2.0,2.0,2.0,0.0,0.0,0.0,0.0,0.0,0.0,0.0,0.0,0.0,0.0,0.0,0.0,0.0,12,313
93.0,6.0,54.0,18.0,181.0,128.0,19.0,5.0,0.0,34.0,13.0,20.0,0.0,4.0,21.0,2.0,3.0,1.0,1.0,0.0,0.0,0.0,0.0,0.0,0.0,0.0,0.0,0.0,33,1000
2.0,0.0,21.0,0.0,10.0,9.0,2.0,0.0,1.0,0.0,1.0,1.0,0.0,0.0,2.0,0.0,0.0,0.0,0.0,0.0,0.0,0.0,0.0,0.0,0.0,0.0,0.0,0.0,4,76
21.0,2.0,24.0,7.0,42.0,20.0,5.0,2.0,0.0,4.0,1.0,1.0,0.0,1.0,2.0,0.0,0.0,0.0,2.0,0.0,0.0,0.0,0.0,0.0,0.0,0.0,0.0,0.0,8,222
79.0,3.0,186.0,38.0,214.0,89.0,41.0,11.0,1.0,39.0,5.0,24.0,4.0,12.0,22.0,3.0,1.0,0.0,3.0,0.0,0.0,0.0,0.0,0.0,0.0,0.0,0.0,0.0,60,1305
34.0,1.0,36.0,19.0,83.0,38.0,5.0,1.0,1.0,11.0,4.0,8.0,2.0,4.0,8.0,1.0,0.0,0.0,0.0,0.0,0.0,0.0,0.0,0.0,0.0,0.0,0.0,0.0,18,432
17.0,0.0,32.0,9.0,33.0,16.0,10.0,0.0,1.0,11.0,2.0,8.0,0.0,0.0,0.0,0.0,0.0,0.0,4.0,0.0,0.0,0.0,0.0,0.0,0.0,0.0,0.0,0.0,12,245
9.0,1.0,36.0,2.0,18.0,6.0,2.0,0.0,3.0,0.0,0.0,2.0,0.0,0.0,0.0,0.0,0.0,0.0,2.0,0.0,0.0,0.0,0.0,0.0,0.0,0.0,0.0,0.0,5,131
69.0,8.0,96.0,19.0,109.0,77.0,15.0,7.0,0.0,17.0,4.0,13.0,1.0,7.0,28.0,0.0,1.0,2.0,0.0,0.0,0.0,0.0,0.0,0.0,0.0,0.0,0.0,0.0,43,880
10.0,2.0,42.0,3.0,19.0,6.0,6.0,5.0,1.0,2.0,1.0,0.0,0.0,0.0,0.0,0.0,0.0,0.0,0.0,0.0,0.0,0.0,0.0,0.0,0.0,0.0,0.0,0.0,15,154
17.0,1.0,56.0,13.0,47.0,22.0,4.0,3.0,1.0,5.0,3.0,3.0,2.0,2.0,2.0,0.0,0.0,0.0,0.0,0.0,0.0,0.0,0.0,0.0,0.0,0.0,0.0,0.0,12,313
93.0,6.0,54.0,18.0,181.0,128.0,19.0,5.0,0.0,34.0,13.0,20.0,0.0,4.0,21.0,2.0,3.0,1.0,1.0,0.0,0.0,0.0,0.0,0.0,0.0,0.0,0.0,0.0,33,1000
2.0,0.0,21.0,0.0,10.0,9.0,2.0,0.0,1.0,0.0,1.0,1.0,0.0,0.0,2.0,0.0,0.0,0.0,0.0,0.0,0.0,0.0,0.0,0.0,0.0,0.0,0.0,0.0,4,76
21.0,2.0,24.0,7.0,42.0,20.0,5.0,2.0,0.0,4.0,1.0,1.0,0.0,1.0,2.0,0.0,0.0,0.0,2.0,0.0,0.0,0.0,0.0,0.0,0.0,0.0,0.0,0.0,8,222
79.0,3.0,186.0,38.0,214.0,89.0,41.0,11.0,1.0,39.0,5.0,24.0,4.0,12.0,22.0,3.0,1.0,0.0,3.0,0.0,0.0,0.0,0.0,0.0,0.0,0.0,0.0,0.0,60,1305
34.0,1.0,36.0,19.0,83.0,38.0,5.0,1.0,1.0,11.0,4.0,8.0,2.0,4.0,8.0,1.0,0.0,0.0,0.0,0.0,0.0,0.0,0.0,0.0,0.0,0.0,0.0,0.0,18,432
17.0,0.0,32.0,9.0,33.0,16.0,10.0,0.0,1.0,11.0,2.0,8.0,0.0,0.0,0.0,0.0,0.0,0.0,4.0,0.0,0.0,0.0,0.0,0.0,0.0,0.0,0.0,0.0,12,245
9.0,1.0,36.0,2.0,18.0,6.0,2.0,0.0,3.0,0.0,0.0,2.0,0.0,0.0,0.0,0.0,0.0,0.0,2.0,0.0,0.0,0.0,0.0,0.0,0.0,0.0,0.0,0.0,5,131
69.0,8.0,96.0,19.0,109.0,77.0,15.0,7.0,0.0,17.0,4.0,13.0,1.0,7.0,28.0,0.0,1.0,2.0,0.0,0.0,0.0,0.0,0.0,0.0,0.0,0.0,0.0,0.0,43,880
10.0,2.0,42.0,3.0,19.0,6.0,6.0,5.0,1.0,2.0,1.0,0.0,0.0,0.0,0.0,0.0,0.0,0.0,0.0,0.0,0.0,0.0,0.0,0.0,0.0,0.0,0.0,0.0,15,154
17.0,1.0,56.0,13.0,47.0,22.0,4.0,3.0,1.0,5.0,3.0,3.0,2.0,2.0,2.0,0.0,0.0,0.0,0.0,0.0,0.0,0.0,0.0,0.0,0.0,0.0,0.0,0.0,12,313
93.0,6.0,54.0,18.0,181.0,128.0,19.0,5.0,0.0,34.0,13.0,20.0,0.0,4.0,21.0,2.0,3.0,1.0,1.0,0.0,0.0,0.0,0.0,0.0,0.0,0.0,0.0,0.0,33,1000
2.0,0.0,21.0,0.0,10.0,9.0,2.0,0.0,1.0,0.0,1.0,1.0,0.0,0.0,2.0,0.0,0.0,0.0,0.0,0.0,0.0,0.0,0.0,0.0,0.0,0.0,0.0,0.0,4,76
21.0,2.0,24.0,7.0,42.0,20.0,5.0,2.0,0.0,4.0,1.0,1.0,0.0,1.0,2.0,0.0,0.0,0.0,2.0,0.0,0.0,0.0,0.0,0.0,0.0,0.0,0.0,0.0,8,222
79.0,3.0,186.0,38.0,214.0,89.0,41.0,11.0,1.0,39.0,5.0,24.0,4.0,12.0,22.0,3.0,1.0,0.0,3.0,0.0,0.0,0.0,0.0,0.0,0.0,0.0,0.0,0.0,60,1305
34.0,1.0,36.0,19.0,83.0,38.0,5.0,1.0,1.0,11.0,4.0,8.0,2.0,4.0,8.0,1.0,0.0,0.0,0.0,0.0,0.0,0.0,0.0,0.0,0.0,0.0,0.0,0.0,18,432
17.0,0.0,32.0,9.0,33.0,16.0,10.0,0.0,1.0,11.0,2.0,8.0,0.0,0.0,0.0,0.0,0.0,0.0,4.0,0.0,0.0,0.0,0.0,0.0,0.0,0.0,0.0,0.0,12,245
9.0,1.0,36.0,2.0,18.0,6.0,2.0,0.0,3.0,0.0,0.0,2.0,0.0,0.0,0.0,0.0,0.0,0.0,2.0,0.0,0.0,0.0,0.0,0.0,0.0,0.0,0.0,0.0,5,131
69.0,8.0,96.0,19.0,109.0,77.0,15.0,7.0,0.0,17.0,4.0,13.0,1.0,7.0,28.0,0.0,1.0,2.0,0.0,0.0,0.0,0.0,0.0,0.0,0.0,0.0,0.0,0.0,43,880
10.0,2.0,42.0,3.0,19.0,6.0,6.0,5.0,1.0,2.0,1.0,0.0,0.0,0.0,0.0,0.0,0.0,0.0,0.0,0.0,0.0,0.0,0.0,0.0,0.0,0.0,0.0,0.0,15,154
17.0,1.0,56.0,13.0,47.0,22.0,4.0,3.0,1.0,5.0,3.0,3.0,2.0,2.0,2.0,0.0,0.0,0.0,0.0,0.0,0.0,0.0,0.0,0.0,0.0,0.0,0.0,0.0,12,313
93.0,6.0,54.0,18.0,181.0,128.0,19.0,5.0,0.0,34.0,13.0,20.0,0.0,4.0,21.0,2.0,3.0,1.0,1.0,0.0,0.0,0.0,0.0,0.0,0.0,0.0,0.0,0.0,33,1000
2.0,0.0,21.0,0.0,10.0,9.0,2.0,0.0,1.0,0.0,1.0,1.0,0.0,0.0,2.0,0.0,0.0,0.0,0.0,0.0,0.0,0.0,0.0,0.0,0.0,0.0,0.0,0.0,4,76
21.0,2.0,24.0,7.0,42.0,20.0,5.0,2.0,0.0,4.0,1.0,1.0,0.0,1.0,2.0,0.0,0.0,0.0,2.0,0.0,0.0,0.0,0.0,0.0,0.0,0.0,0.0,0.0,8,222
79.0,3.0,186.0,38.0,214.0,89.0,41.0,11.0,1.0,39.0,5.0,24.0,4.0,12.0,22.0,3.0,1.0,0.0,3.0,0.0,0.0,0.0,0.0,0.0,0.0,0.0,0.0,0.0,60,1305
34.0,1.0,36.0,19.0,83.0,38.0,5.0,1.0,1.0,11.0,4.0,8.0,2.0,4.0,8.0,1.0,0.0,0.0,0.0,0.0,0.0,0.0,0.0,0.0,0.0,0.0,0.0,0.0,18,432
17.0,0.0,32.0,9.0,33.0,16.0,10.0,0.0,1.0,11.0,2.0,8.0,0.0,0.0,0.0,0.0,0.0,0.0,4.0,0.0,0.0,0.0,0.0,0.0,0.0,0.0,0.0,0.0,12,245
9.0,1.0,36.0,2.0,18.0,6.0,2.0,0.0,3.0,0.0,0.0,2.0,0.0,0.0,0.0,0.0,0.0,0.0,2.0,0.0,0.0,0.0,0.0,0.0,0.0,0.0,0.0,0.0,5,131
69.0,8.0,96.0,19.0,109.0,77.0,15.0,7.0,0.0,17.0,4.0,13.0,1.0,7.0,28.0,0.0,1.0,2.0,0.0,0.0,0.0,0.0,0.0,0.0,0.0,0.0,0.0,0.0,43,880
