IN,NN,NNP,RB,VBN,JJ,VBD,NNS,MD,JJS,VBG,VBZ,VB,CD,VBP,NNPS,DT,JJR,PDT,EX,RBR,CC,WDT,RBS,FW,PRP,RP,WP$,TO,WRB,'',UH,WP,SYM,$,PRP$,POS,sentence_count,word_count
6.0,112.0,66.0,30.0,26.0,77.0,7.0,75.0,4.0,7.0,20.0,9.0,31.0,8.0,7.0,1.0,0.0,0.0,0.0,0.0,0.0,0.0,0.0,0.0,0.0,0.0,0.0,0.0,0.0,0.0,0.0,0.0,0.0,0.0,0.0,0.0,0.0,36.0,850.0
5.0,103.0,100.0,16.0,15.0,72.0,7.0,54.0,0.0,0.0,12.0,8.0,13.0,14.0,2.0,2.0,1.0,0.0,0.0,0.0,0.0,0.0,0.0,0.0,0.0,0.0,0.0,0.0,0.0,0.0,0.0,0.0,0.0,0.0,0.0,0.0,0.0,27.0,735.0
10.0,204.0,133.0,44.0,31.0,140.0,4.0,89.0,21.0,1.0,18.0,13.0,61.0,9.0,25.0,4.0,0.0,3.0,0.0,0.0,0.0,0.0,0.0,0.0,0.0,0.0,0.0,0.0,0.0,0.0,0.0,0.0,0.0,0.0,0.0,0.0,0.0,71.0,1606.0
4.0,109.0,78.0,4.0,11.0,43.0,16.0,41.0,8.0,0.0,18.0,2.0,20.0,4.0,3.0,4.0,0.0,0.0,0.0,0.0,0.0,0.0,0.0,0.0,0.0,0.0,0.0,0.0,0.0,0.0,0.0,0.0,0.0,0.0,0.0,0.0,0.0,20.0,595.0
3.0,37.0,47.0,7.0,8.0,25.0,12.0,31.0,4.0,2.0,15.0,0.0,5.0,1.0,0.0,0.0,0.0,3.0,1.0,0.0,0.0,0.0,0.0,0.0,0.0,0.0,0.0,0.0,0.0,0.0,0.0,0.0,0.0,0.0,0.0,0.0,0.0,13.0,332.0
2.0,154.0,93.0,15.0,8.0,64.0,16.0,51.0,7.0,7.0,22.0,3.0,31.0,5.0,2.0,6.0,0.0,1.0,0.0,1.0,0.0,0.0,0.0,0.0,0.0,0.0,0.0,0.0,0.0,0.0,0.0,0.0,0.0,0.0,0.0,0.0,0.0,24.0,793.0
11.0,175.0,159.0,47.0,19.0,104.0,13.0,52.0,10.0,2.0,41.0,13.0,56.0,5.0,9.0,2.0,0.0,0.0,0.0,0.0,4.0,2.0,1.0,1.0,1.0,0.0,0.0,0.0,0.0,0.0,0.0,0.0,0.0,0.0,0.0,0.0,0.0,45.0,1299.0
3.0,84.0,66.0,9.0,17.0,43.0,17.0,34.0,1.0,1.0,6.0,3.0,9.0,3.0,2.0,1.0,2.0,1.0,0.0,0.0,0.0,0.0,0.0,0.0,0.0,1.0,0.0,0.0,0.0,0.0,0.0,0.0,0.0,0.0,0.0,0.0,0.0,25.0,526.0
3.0,36.0,26.0,10.0,2.0,19.0,12.0,8.0,1.0,0.0,8.0,0.0,8.0,5.0,3.0,0.0,0.0,0.0,0.0,0.0,0.0,0.0,0.0,0.0,0.0,0.0,0.0,0.0,0.0,0.0,0.0,0.0,0.0,0.0,0.0,0.0,0.0,17.0,250.0
4.0,95.0,110.0,13.0,16.0,50.0,17.0,62.0,6.0,2.0,16.0,3.0,25.0,3.0,0.0,2.0,0.0,0.0,0.0,0.0,0.0,0.0,0.0,0.0,0.0,0.0,0.0,0.0,0.0,0.0,0.0,0.0,0.0,0.0,0.0,0.0,0.0,22.0,727.0
2.0,33.0,31.0,2.0,5.0,18.0,10.0,20.0,0.0,0.0,7.0,1.0,2.0,0.0,1.0,0.0,0.0,1.0,0.0,0.0,0.0,0.0,0.0,0.0,0.0,0.0,0.0,0.0,0.0,0.0,0.0,0.0,0.0,0.0,0.0,0.0,0.0,9.0,238.0
7.0,104.0,137.0,23.0,9.0,74.0,20.0,56.0,2.0,1.0,29.0,8.0,21.0,3.0,6.0,3.0,1.0,0.0,0.0,0.0,1.0,0.0,0.0,0.0,0.0,1.0,1.0,0.0,0.0,0.0,0.0,0.0,0.0,0.0,0.0,0.0,0.0,27.0,866.0
3.0,98.0,86.0,14.0,10.0,74.0,14.0,39.0,2.0,0.0,14.0,5.0,17.0,4.0,2.0,2.0,0.0,3.0,0.0,0.0,0.0,0.0,0.0,0.0,0.0,0.0,0.0,0.0,0.0,0.0,0.0,0.0,0.0,0.0,0.0,0.0,0.0,19.0,644.0
5.0,89.0,82.0,12.0,6.0,32.0,9.0,24.0,4.0,1.0,12.0,7.0,20.0,4.0,2.0,1.0,0.0,1.0,0.0,0.0,0.0,0.0,0.0,0.0,0.0,0.0,0.0,0.0,0.0,0.0,0.0,0.0,0.0,0.0,0.0,0.0,0.0,23.0,586.0
0.0,0.0,0.0,0.0,0.0,0.0,0.0,0.0,0.0,0.0,0.0,0.0,0.0,0.0,0.0,0.0,0.0,0.0,0.0,0.0,0.0,0.0,0.0,0.0,0.0,0.0,0.0,0.0,0.0,0.0,0.0,0.0,0.0,0.0,0.0,0.0,0.0,0.0,0.0
9.0,135.0,56.0,32.0,25.0,78.0,10.0,62.0,2.0,0.0,14.0,16.0,12.0,6.0,10.0,0.0,1.0,4.0,0.0,0.0,2.0,0.0,0.0,1.0,0.0,0.0,0.0,1.0,0.0,0.0,0.0,0.0,0.0,0.0,0.0,0.0,0.0,43.0,853.0
11.0,138.0,88.0,8.0,13.0,63.0,24.0,34.0,0.0,0.0,17.0,3.0,10.0,8.0,0.0,3.0,0.0,0.0,0.0,0.0,0.0,0.0,0.0,0.0,0.0,0.0,0.0,0.0,0.0,0.0,0.0,0.0,0.0,0.0,0.0,0.0,0.0,44.0,686.0
0.0,89.0,54.0,7.0,10.0,46.0,17.0,18.0,1.0,0.0,11.0,1.0,8.0,1.0,2.0,1.0,0.0,0.0,0.0,0.0,1.0,0.0,0.0,0.0,0.0,0.0,0.0,0.0,0.0,0.0,0.0,0.0,0.0,0.0,0.0,0.0,0.0,22.0,470.0
1.0,149.0,48.0,9.0,15.0,60.0,17.0,48.0,3.0,1.0,16.0,3.0,13.0,3.0,1.0,4.0,0.0,0.0,0.0,0.0,0.0,0.0,0.0,0.0,0.0,0.0,0.0,0.0,0.0,0.0,0.0,0.0,0.0,0.0,0.0,0.0,0.0,31.0,605.0
3.0,126.0,73.0,34.0,25.0,82.0,7.0,51.0,6.0,0.0,27.0,7.0,25.0,7.0,4.0,2.0,0.0,0.0,0.0,0.0,1.0,0.0,0.0,0.0,0.0,0.0,0.0,0.0,0.0,0.0,0.0,0.0,0.0,0.0,0.0,0.0,0.0,39.0,858.0
23.0,666.0,590.0,99.0,92.0,315.0,68.0,354.0,15.0,6.0,101.0,40.0,229.0,74.0,84.0,55.0,5.0,4.0,0.0,0.0,5.0,0.0,1.0,0.0,0.0,6.0,1.0,0.0,4.0,1.0,0.0,0.0,0.0,0.0,0.0,0.0,0.0,327.0,5639.0
4.0,127.0,94.0,17.0,12.0,72.0,6.0,46.0,7.0,0.0,8.0,7.0,23.0,2.0,3.0,7.0,0.0,0.0,0.0,0.0,0.0,0.0,0.0,0.0,0.0,3.0,0.0,0.0,0.0,0.0,0.0,0.0,0.0,0.0,0.0,0.0,0.0,46.0,747.0
10.0,109.0,100.0,13.0,17.0,38.0,15.0,56.0,0.0,0.0,13.0,3.0,11.0,5.0,4.0,3.0,0.0,0.0,0.0,0.0,0.0,0.0,0.0,0.0,0.0,0.0,0.0,0.0,0.0,0.0,0.0,0.0,0.0,0.0,0.0,0.0,0.0,22.0,638.0
11.0,209.0,134.0,33.0,36.0,125.0,26.0,98.0,7.0,0.0,27.0,8.0,24.0,4.0,3.0,5.0,0.0,2.0,0.0,0.0,0.0,0.0,0.0,0.0,0.0,0.0,0.0,0.0,0.0,0.0,0.0,0.0,0.0,0.0,0.0,0.0,0.0,36.0,1281.0
8.0,135.0,175.0,23.0,29.0,105.0,26.0,97.0,1.0,1.0,19.0,1.0,29.0,11.0,6.0,3.0,1.0,1.0,0.0,0.0,2.0,0.0,0.0,0.0,0.0,1.0,0.0,0.0,0.0,0.0,0.0,0.0,0.0,0.0,0.0,0.0,0.0,37.0,1186.0
0.0,0.0,0.0,0.0,0.0,0.0,0.0,0.0,0.0,0.0,0.0,0.0,0.0,0.0,0.0,0.0,0.0,0.0,0.0,0.0,0.0,0.0,0.0,0.0,0.0,0.0,0.0,0.0,0.0,0.0,0.0,0.0,0.0,0.0,0.0,0.0,0.0,0.0,0.0
3.0,53.0,64.0,6.0,4.0,27.0,11.0,23.0,0.0,0.0,9.0,3.0,11.0,5.0,2.0,3.0,0.0,1.0,0.0,0.0,0.0,0.0,0.0,0.0,0.0,0.0,0.0,0.0,0.0,0.0,0.0,0.0,0.0,0.0,0.0,0.0,0.0,11.0,365.0
8.0,94.0,85.0,14.0,8.0,37.0,9.0,28.0,2.0,0.0,18.0,15.0,21.0,6.0,2.0,1.0,2.0,2.0,0.0,0.0,1.0,0.0,0.0,0.0,0.0,0.0,0.0,0.0,0.0,0.0,0.0,0.0,0.0,0.0,0.0,0.0,0.0,26.0,645.0
8.0,228.0,144.0,25.0,25.0,167.0,8.0,84.0,2.0,1.0,22.0,12.0,44.0,2.0,10.0,0.0,0.0,1.0,0.0,0.0,0.0,0.0,0.0,0.0,0.0,0.0,0.0,0.0,0.0,0.0,0.0,0.0,0.0,0.0,0.0,0.0,0.0,62.0,1470.0
3.0,41.0,35.0,2.0,6.0,12.0,7.0,16.0,0.0,1.0,5.0,1.0,8.0,5.0,1.0,1.0,0.0,0.0,0.0,0.0,1.0,0.0,0.0,0.0,0.0,0.0,0.0,0.0,0.0,0.0,0.0,0.0,0.0,0.0,0.0,0.0,0.0,12.0,245.0
4.0,133.0,40.0,14.0,6.0,70.0,9.0,36.0,0.0,3.0,18.0,2.0,23.0,0.0,2.0,0.0,1.0,0.0,0.0,0.0,0.0,0.0,0.0,0.0,0.0,0.0,0.0,0.0,0.0,0.0,0.0,0.0,0.0,0.0,0.0,0.0,0.0,24.0,618.0
2.0,99.0,158.0,19.0,20.0,55.0,26.0,30.0,4.0,1.0,16.0,8.0,26.0,5.0,7.0,2.0,1.0,0.0,0.0,0.0,0.0,0.0,0.0,0.0,0.0,1.0,1.0,0.0,0.0,0.0,0.0,0.0,0.0,0.0,0.0,0.0,0.0,44.0,790.0
11.0,107.0,137.0,24.0,16.0,39.0,22.0,38.0,1.0,1.0,17.0,10.0,15.0,4.0,5.0,8.0,0.0,0.0,0.0,0.0,0.0,0.0,0.0,0.0,0.0,1.0,1.0,0.0,0.0,0.0,0.0,0.0,0.0,0.0,0.0,0.0,0.0,42.0,789.0
5.0,86.0,138.0,18.0,18.0,56.0,27.0,47.0,1.0,0.0,19.0,7.0,19.0,0.0,1.0,2.0,0.0,3.0,0.0,0.0,0.0,0.0,0.0,0.0,0.0,0.0,0.0,0.0,0.0,0.0,0.0,0.0,0.0,0.0,0.0,0.0,0.0,19.0,749.0
9.0,163.0,180.0,36.0,17.0,92.0,48.0,81.0,4.0,0.0,46.0,7.0,36.0,3.0,3.0,7.0,0.0,1.0,0.0,0.0,0.0,0.0,0.0,0.0,0.0,0.0,0.0,0.0,0.0,0.0,0.0,0.0,0.0,0.0,0.0,0.0,0.0,38.0,1205.0
3.0,124.0,69.0,25.0,21.0,88.0,9.0,84.0,3.0,0.0,29.0,6.0,34.0,0.0,5.0,1.0,1.0,0.0,0.0,0.0,0.0,0.0,0.0,0.0,1.0,0.0,2.0,0.0,0.0,0.0,0.0,0.0,0.0,0.0,0.0,0.0,0.0,33.0,836.0
15.0,280.0,138.0,34.0,36.0,178.0,14.0,87.0,6.0,0.0,37.0,14.0,50.0,4.0,11.0,0.0,1.0,3.0,0.0,0.0,0.0,0.0,0.0,0.0,0.0,0.0,0.0,0.0,0.0,0.0,1.0,0.0,0.0,0.0,0.0,0.0,0.0,87.0,1689.0
2.0,58.0,20.0,4.0,5.0,22.0,10.0,16.0,0.0,3.0,5.0,1.0,9.0,6.0,2.0,0.0,0.0,0.0,0.0,0.0,0.0,0.0,0.0,0.0,0.0,0.0,0.0,0.0,0.0,0.0,0.0,0.0,0.0,0.0,0.0,0.0,0.0,25.0,259.0
0.0,0.0,0.0,0.0,0.0,0.0,0.0,0.0,0.0,0.0,0.0,0.0,0.0,0.0,0.0,0.0,0.0,0.0,0.0,0.0,0.0,0.0,0.0,0.0,0.0,0.0,0.0,0.0,0.0,0.0,0.0,0.0,0.0,0.0,0.0,0.0,0.0,0.0,0.0
5.0,121.0,130.0,15.0,19.0,74.0,35.0,57.0,4.0,4.0,19.0,6.0,25.0,9.0,6.0,4.0,0.0,1.0,0.0,0.0,0.0,0.0,0.0,0.0,0.0,0.0,0.0,1.0,0.0,0.0,0.0,0.0,0.0,0.0,0.0,0.0,0.0,35.0,915.0
8.0,196.0,138.0,21.0,28.0,106.0,27.0,77.0,0.0,1.0,29.0,4.0,38.0,8.0,2.0,5.0,0.0,2.0,0.0,0.0,0.0,0.0,0.0,0.0,0.0,1.0,0.0,0.0,0.0,0.0,0.0,0.0,0.0,0.0,0.0,0.0,0.0,34.0,1215.0
6.0,96.0,59.0,14.0,10.0,35.0,14.0,39.0,0.0,0.0,13.0,2.0,28.0,1.0,4.0,0.0,0.0,0.0,0.0,0.0,0.0,0.0,0.0,0.0,0.0,0.0,0.0,0.0,0.0,0.0,0.0,0.0,0.0,0.0,0.0,0.0,0.0,27.0,570.0
3.0,87.0,118.0,13.0,9.0,49.0,7.0,31.0,2.0,1.0,10.0,9.0,22.0,3.0,2.0,2.0,0.0,0.0,0.0,0.0,0.0,1.0,0.0,0.0,0.0,0.0,0.0,0.0,0.0,0.0,0.0,0.0,0.0,0.0,0.0,0.0,0.0,32.0,683.0
4.0,111.0,59.0,12.0,11.0,55.0,8.0,44.0,2.0,0.0,8.0,8.0,21.0,0.0,12.0,1.0,1.0,0.0,0.0,0.0,0.0,0.0,3.0,0.0,0.0,0.0,0.0,0.0,0.0,0.0,0.0,0.0,0.0,0.0,0.0,0.0,0.0,39.0,648.0
13.0,216.0,184.0,45.0,30.0,89.0,21.0,83.0,10.0,2.0,28.0,5.0,49.0,15.0,12.0,9.0,2.0,2.0,0.0,0.0,0.0,1.0,0.0,0.0,2.0,3.0,0.0,0.0,0.0,0.0,0.0,1.0,0.0,0.0,0.0,0.0,0.0,79.0,1642.0
3.0,87.0,68.0,19.0,14.0,38.0,6.0,25.0,2.0,0.0,8.0,5.0,23.0,5.0,4.0,0.0,1.0,1.0,0.0,0.0,0.0,0.0,0.0,0.0,0.0,0.0,0.0,0.0,0.0,0.0,0.0,0.0,0.0,0.0,0.0,0.0,0.0,33.0,601.0
2.0,47.0,40.0,4.0,7.0,21.0,8.0,26.0,1.0,0.0,6.0,1.0,10.0,5.0,2.0,0.0,0.0,2.0,0.0,0.0,0.0,0.0,0.0,0.0,0.0,1.0,0.0,0.0,0.0,0.0,0.0,0.0,0.0,0.0,0.0,0.0,0.0,14.0,304.0
11.0,134.0,97.0,12.0,16.0,81.0,5.0,34.0,5.0,0.0,19.0,8.0,35.0,1.0,7.0,0.0,0.0,0.0,0.0,0.0,0.0,0.0,0.0,0.0,0.0,0.0,0.0,0.0,0.0,0.0,0.0,0.0,0.0,0.0,0.0,0.0,0.0,27.0,795.0
7.0,60.0,126.0,16.0,11.0,42.0,22.0,38.0,1.0,0.0,12.0,3.0,25.0,0.0,5.0,3.0,0.0,0.0,0.0,0.0,0.0,0.0,0.0,0.0,0.0,0.0,1.0,0.0,0.0,0.0,0.0,0.0,0.0,0.0,0.0,0.0,0.0,19.0,656.0
12.0,212.0,223.0,44.0,38.0,106.0,51.0,110.0,2.0,2.0,50.0,14.0,57.0,7.0,11.0,8.0,2.0,0.0,0.0,0.0,0.0,0.0,0.0,0.0,0.0,2.0,0.0,0.0,0.0,0.0,0.0,0.0,0.0,0.0,0.0,0.0,0.0,53.0,1744.0
10.0,85.0,42.0,5.0,8.0,39.0,13.0,29.0,0.0,1.0,11.0,0.0,6.0,1.0,0.0,1.0,0.0,1.0,0.0,0.0,0.0,0.0,0.0,0.0,0.0,0.0,0.0,0.0,0.0,0.0,0.0,0.0,0.0,0.0,0.0,0.0,0.0,30.0,377.0
0.0,0.0,0.0,0.0,0.0,0.0,0.0,0.0,0.0,0.0,0.0,0.0,0.0,0.0,0.0,0.0,0.0,0.0,0.0,0.0,0.0,0.0,0.0,0.0,0.0,0.0,0.0,0.0,0.0,0.0,0.0,0.0,0.0,0.0,0.0,0.0,0.0,0.0,0.0
9.0,97.0,137.0,20.0,15.0,55.0,9.0,38.0,3.0,1.0,17.0,9.0,32.0,0.0,2.0,1.0,1.0,0.0,0.0,0.0,0.0,0.0,0.0,0.0,0.0,0.0,0.0,0.0,0.0,0.0,0.0,0.0,0.0,0.0,0.0,0.0,0.0,44.0,826.0
2.0,99.0,30.0,11.0,12.0,51.0,8.0,55.0,4.0,1.0,15.0,4.0,16.0,9.0,5.0,2.0,1.0,1.0,0.0,0.0,0.0,0.0,0.0,0.0,0.0,0.0,0.0,2.0,0.0,0.0,0.0,0.0,0.0,0.0,0.0,0.0,0.0,35.0,570.0
14.0,165.0,113.0,35.0,20.0,77.0,27.0,76.0,10.0,5.0,26.0,2.0,33.0,14.0,11.0,2.0,0.0,1.0,0.0,0.0,0.0,0.0,0.0,0.0,0.0,1.0,0.0,0.0,0.0,0.0,0.0,0.0,0.0,0.0,0.0,0.0,0.0,36.0,1135.0
1.0,42.0,24.0,1.0,9.0,17.0,5.0,16.0,5.0,1.0,4.0,0.0,12.0,1.0,1.0,0.0,0.0,0.0,0.0,0.0,0.0,0.0,0.0,0.0,0.0,0.0,0.0,0.0,0.0,0.0,0.0,0.0,0.0,0.0,0.0,0.0,0.0,6.0,218.0
5.0,114.0,80.0,17.0,13.0,62.0,3.0,32.0,3.0,1.0,12.0,18.0,27.0,3.0,1.0,4.0,0.0,0.0,0.0,0.0,0.0,0.0,0.0,0.0,0.0,0.0,0.0,0.0,0.0,0.0,0.0,0.0,0.0,0.0,0.0,0.0,0.0,37.0,702.0
8.0,111.0,46.0,24.0,9.0,75.0,9.0,40.0,3.0,0.0,21.0,7.0,23.0,3.0,2.0,0.0,0.0,0.0,0.0,0.0,0.0,0.0,0.0,0.0,0.0,0.0,0.0,0.0,0.0,1.0,0.0,0.0,0.0,0.0,0.0,0.0,0.0,27.0,637.0
4.0,23.0,24.0,3.0,0.0,7.0,4.0,17.0,0.0,1.0,1.0,0.0,3.0,2.0,0.0,1.0,0.0,0.0,0.0,0.0,0.0,0.0,0.0,0.0,0.0,0.0,0.0,0.0,0.0,0.0,0.0,0.0,0.0,0.0,0.0,0.0,0.0,11.0,126.0
4.0,113.0,104.0,18.0,16.0,58.0,22.0,69.0,1.0,1.0,31.0,2.0,18.0,6.0,1.0,4.0,1.0,1.0,0.0,0.0,0.0,0.0,0.0,0.0,0.0,0.0,0.0,0.0,0.0,0.0,0.0,0.0,1.0,0.0,0.0,0.0,0.0,21.0,811.0
4.0,84.0,121.0,10.0,15.0,59.0,18.0,55.0,4.0,0.0,17.0,8.0,28.0,2.0,2.0,5.0,0.0,0.0,0.0,0.0,0.0,0.0,0.0,0.0,0.0,0.0,0.0,0.0,0.0,0.0,0.0,0.0,0.0,0.0,0.0,0.0,0.0,23.0,735.0
6.0,69.0,50.0,5.0,4.0,32.0,13.0,34.0,1.0,3.0,7.0,5.0,6.0,3.0,0.0,0.0,0.0,0.0,0.0,0.0,0.0,0.0,0.0,0.0,0.0,0.0,0.0,0.0,0.0,0.0,0.0,0.0,0.0,0.0,0.0,0.0,0.0,15.0,368.0
2.0,88.0,80.0,9.0,6.0,42.0,14.0,43.0,0.0,1.0,14.0,3.0,12.0,2.0,0.0,0.0,0.0,1.0,0.0,0.0,0.0,0.0,0.0,0.0,0.0,0.0,0.0,0.0,0.0,0.0,0.0,0.0,0.0,0.0,0.0,0.0,0.0,16.0,497.0
8.0,154.0,100.0,27.0,28.0,100.0,9.0,92.0,4.0,0.0,27.0,7.0,32.0,8.0,11.0,2.0,0.0,3.0,0.0,0.0,0.0,0.0,0.0,0.0,0.0,0.0,0.0,1.0,0.0,1.0,0.0,0.0,0.0,0.0,0.0,0.0,0.0,56.0,1143.0
23.0,175.0,221.0,29.0,29.0,106.0,39.0,108.0,6.0,2.0,37.0,7.0,41.0,2.0,7.0,4.0,1.0,1.0,0.0,0.0,0.0,1.0,0.0,0.0,0.0,0.0,0.0,0.0,0.0,0.0,0.0,0.0,0.0,0.0,0.0,0.0,0.0,42.0,1374.0
0.0,0.0,0.0,0.0,0.0,0.0,0.0,0.0,0.0,0.0,0.0,0.0,0.0,0.0,0.0,0.0,0.0,0.0,0.0,0.0,0.0,0.0,0.0,0.0,0.0,0.0,0.0,0.0,0.0,0.0,0.0,0.0,0.0,0.0,0.0,0.0,0.0,0.0,0.0
5.0,59.0,78.0,6.0,13.0,41.0,5.0,26.0,0.0,0.0,11.0,4.0,19.0,2.0,1.0,1.0,0.0,0.0,0.0,0.0,0.0,0.0,0.0,0.0,0.0,2.0,0.0,0.0,0.0,0.0,0.0,0.0,0.0,0.0,0.0,0.0,0.0,23.0,485.0
8.0,129.0,133.0,22.0,25.0,84.0,8.0,54.0,1.0,1.0,13.0,4.0,24.0,9.0,3.0,5.0,0.0,0.0,0.0,0.0,0.0,0.0,0.0,0.0,0.0,0.0,0.0,0.0,0.0,0.0,0.0,0.0,0.0,0.0,0.0,0.0,0.0,34.0,897.0
8.0,87.0,51.0,21.0,4.0,71.0,0.0,26.0,9.0,0.0,9.0,5.0,29.0,2.0,5.0,1.0,0.0,3.0,0.0,0.0,1.0,0.0,0.0,0.0,0.0,1.0,0.0,0.0,0.0,0.0,0.0,0.0,0.0,0.0,0.0,0.0,0.0,28.0,604.0
0.0,0.0,0.0,0.0,0.0,0.0,0.0,0.0,0.0,0.0,0.0,0.0,0.0,0.0,0.0,0.0,0.0,0.0,0.0,0.0,0.0,0.0,0.0,0.0,0.0,0.0,0.0,0.0,0.0,0.0,0.0,0.0,0.0,0.0,0.0,0.0,0.0,0.0,0.0
1.0,35.0,46.0,4.0,6.0,14.0,6.0,13.0,0.0,1.0,7.0,1.0,1.0,2.0,0.0,0.0,0.0,0.0,0.0,0.0,0.0,1.0,0.0,0.0,0.0,0.0,0.0,0.0,0.0,0.0,0.0,0.0,0.0,0.0,0.0,0.0,0.0,16.0,229.0
13.0,274.0,120.0,53.0,27.0,148.0,18.0,95.0,5.0,0.0,37.0,4.0,57.0,5.0,15.0,1.0,2.0,2.0,0.0,0.0,4.0,0.0,0.0,0.0,0.0,0.0,1.0,0.0,0.0,0.0,0.0,0.0,0.0,0.0,0.0,0.0,0.0,103.0,1654.0
9.0,107.0,70.0,23.0,8.0,66.0,6.0,32.0,4.0,1.0,13.0,8.0,18.0,2.0,1.0,2.0,0.0,0.0,0.0,0.0,1.0,0.0,0.0,0.0,0.0,0.0,0.0,0.0,0.0,0.0,0.0,0.0,0.0,0.0,0.0,0.0,0.0,36.0,666.0
5.0,124.0,81.0,8.0,11.0,63.0,21.0,48.0,2.0,1.0,16.0,6.0,19.0,9.0,1.0,3.0,0.0,0.0,0.0,0.0,1.0,0.0,0.0,0.0,0.0,0.0,0.0,0.0,0.0,0.0,0.0,0.0,0.0,0.0,0.0,0.0,0.0,39.0,669.0
16.0,206.0,183.0,36.0,26.0,114.0,33.0,96.0,5.0,1.0,37.0,6.0,57.0,14.0,9.0,2.0,0.0,1.0,0.0,0.0,0.0,0.0,0.0,0.0,1.0,1.0,0.0,0.0,0.0,0.0,0.0,0.0,0.0,0.0,0.0,0.0,0.0,40.0,1505.0
11.0,95.0,154.0,11.0,9.0,69.0,21.0,54.0,1.0,0.0,29.0,4.0,23.0,3.0,6.0,5.0,0.0,0.0,0.0,0.0,0.0,0.0,0.0,0.0,0.0,1.0,2.0,0.0,0.0,0.0,0.0,0.0,0.0,0.0,0.0,0.0,0.0,24.0,829.0
1.0,108.0,98.0,19.0,20.0,80.0,13.0,32.0,2.0,3.0,19.0,9.0,28.0,2.0,0.0,2.0,0.0,0.0,0.0,0.0,0.0,0.0,0.0,0.0,0.0,0.0,1.0,0.0,0.0,0.0,0.0,0.0,0.0,0.0,0.0,0.0,0.0,39.0,770.0
10.0,153.0,169.0,27.0,24.0,94.0,26.0,68.0,4.0,1.0,34.0,5.0,38.0,7.0,5.0,5.0,1.0,1.0,0.0,0.0,0.0,0.0,0.0,0.0,0.0,0.0,0.0,0.0,0.0,0.0,0.0,0.0,0.0,0.0,0.0,0.0,0.0,27.0,1153.0
9.0,197.0,142.0,28.0,31.0,79.0,12.0,37.0,8.0,0.0,12.0,13.0,31.0,4.0,2.0,2.0,1.0,2.0,0.0,0.0,1.0,0.0,0.0,0.0,0.0,0.0,0.0,0.0,0.0,0.0,0.0,0.0,0.0,0.0,0.0,0.0,0.0,39.0,1119.0
2.0,42.0,80.0,5.0,8.0,22.0,17.0,16.0,0.0,0.0,9.0,0.0,7.0,0.0,2.0,0.0,0.0,0.0,0.0,0.0,0.0,0.0,0.0,0.0,0.0,0.0,0.0,0.0,0.0,0.0,0.0,0.0,0.0,0.0,0.0,0.0,0.0,10.0,333.0
0.0,10.0,20.0,0.0,0.0,4.0,0.0,2.0,0.0,0.0,2.0,1.0,1.0,0.0,1.0,0.0,0.0,0.0,0.0,0.0,0.0,0.0,0.0,0.0,0.0,0.0,0.0,0.0,0.0,0.0,0.0,0.0,0.0,0.0,0.0,0.0,0.0,2.0,64.0
9.0,102.0,65.0,11.0,16.0,42.0,31.0,54.0,0.0,2.0,26.0,5.0,15.0,7.0,2.0,1.0,0.0,0.0,0.0,0.0,0.0,0.0,0.0,0.0,0.0,0.0,0.0,0.0,0.0,0.0,0.0,0.0,0.0,0.0,0.0,0.0,0.0,34.0,660.0
2.0,95.0,66.0,22.0,11.0,53.0,8.0,48.0,6.0,2.0,15.0,4.0,17.0,4.0,1.0,2.0,2.0,1.0,0.0,0.0,0.0,0.0,0.0,0.0,0.0,0.0,0.0,0.0,0.0,0.0,0.0,0.0,0.0,0.0,0.0,0.0,0.0,22.0,618.0
6.0,134.0,83.0,17.0,16.0,52.0,3.0,26.0,6.0,0.0,9.0,3.0,16.0,1.0,2.0,6.0,1.0,0.0,0.0,0.0,0.0,0.0,0.0,0.0,0.0,0.0,0.0,0.0,0.0,0.0,0.0,0.0,0.0,0.0,0.0,0.0,0.0,41.0,718.0
3.0,94.0,34.0,10.0,9.0,39.0,13.0,40.0,0.0,0.0,16.0,3.0,7.0,3.0,1.0,0.0,2.0,2.0,0.0,0.0,0.0,0.0,0.0,0.0,0.0,0.0,0.0,0.0,0.0,0.0,0.0,0.0,0.0,0.0,0.0,0.0,0.0,24.0,465.0
3.0,56.0,72.0,12.0,16.0,30.0,19.0,36.0,3.0,0.0,13.0,2.0,16.0,7.0,4.0,2.0,1.0,1.0,0.0,0.0,0.0,0.0,0.0,0.0,0.0,0.0,0.0,0.0,0.0,0.0,0.0,0.0,0.0,0.0,0.0,0.0,0.0,23.0,530.0
3.0,61.0,46.0,10.0,6.0,24.0,11.0,22.0,3.0,0.0,7.0,3.0,9.0,0.0,5.0,2.0,0.0,0.0,0.0,0.0,0.0,0.0,0.0,0.0,0.0,1.0,0.0,0.0,0.0,0.0,0.0,0.0,0.0,0.0,0.0,0.0,0.0,16.0,385.0
10.0,226.0,215.0,48.0,24.0,138.0,54.0,107.0,5.0,2.0,46.0,15.0,49.0,7.0,16.0,5.0,0.0,1.0,0.0,0.0,2.0,0.0,0.0,0.0,0.0,0.0,0.0,0.0,0.0,0.0,0.0,0.0,0.0,0.0,0.0,0.0,0.0,49.0,1715.0
6.0,98.0,137.0,16.0,14.0,58.0,22.0,42.0,1.0,0.0,12.0,3.0,25.0,2.0,1.0,2.0,1.0,0.0,0.0,0.0,1.0,0.0,0.0,0.0,0.0,0.0,0.0,0.0,0.0,0.0,0.0,0.0,0.0,0.0,0.0,0.0,0.0,22.0,700.0
4.0,111.0,189.0,23.0,7.0,46.0,27.0,46.0,1.0,0.0,22.0,9.0,32.0,0.0,8.0,3.0,0.0,0.0,0.0,0.0,0.0,0.0,0.0,0.0,0.0,0.0,0.0,0.0,0.0,0.0,0.0,0.0,0.0,0.0,0.0,0.0,0.0,27.0,886.0
0.0,39.0,81.0,8.0,12.0,22.0,5.0,18.0,3.0,0.0,11.0,2.0,3.0,2.0,2.0,3.0,0.0,0.0,0.0,0.0,0.0,0.0,0.0,0.0,0.0,0.0,0.0,0.0,0.0,0.0,0.0,0.0,0.0,0.0,0.0,0.0,0.0,13.0,365.0
15.0,259.0,257.0,35.0,25.0,142.0,63.0,107.0,3.0,2.0,36.0,16.0,47.0,5.0,4.0,5.0,1.0,3.0,0.0,0.0,2.0,0.0,0.0,0.0,0.0,1.0,0.0,0.0,0.0,0.0,0.0,0.0,0.0,0.0,0.0,0.0,0.0,58.0,1734.0
5.0,114.0,140.0,9.0,6.0,56.0,22.0,50.0,10.0,2.0,23.0,9.0,35.0,3.0,9.0,4.0,1.0,1.0,0.0,0.0,0.0,0.0,0.0,0.0,0.0,0.0,2.0,0.0,0.0,0.0,0.0,0.0,0.0,0.0,0.0,0.0,0.0,25.0,831.0
6.0,103.0,49.0,19.0,7.0,49.0,22.0,37.0,1.0,1.0,12.0,2.0,6.0,3.0,1.0,2.0,0.0,0.0,0.0,0.0,0.0,0.0,0.0,0.0,0.0,0.0,0.0,0.0,0.0,0.0,0.0,0.0,0.0,0.0,0.0,0.0,0.0,25.0,523.0
1.0,81.0,48.0,14.0,5.0,50.0,6.0,41.0,4.0,0.0,15.0,5.0,29.0,1.0,5.0,10.0,0.0,1.0,0.0,0.0,0.0,1.0,0.0,0.0,0.0,0.0,0.0,0.0,0.0,0.0,0.0,0.0,0.0,0.0,0.0,0.0,0.0,22.0,546.0
7.0,106.0,67.0,13.0,17.0,64.0,10.0,51.0,6.0,1.0,10.0,8.0,26.0,2.0,0.0,0.0,0.0,0.0,0.0,0.0,0.0,0.0,0.0,0.0,0.0,0.0,1.0,0.0,0.0,1.0,0.0,0.0,0.0,0.0,0.0,0.0,0.0,27.0,679.0
1.0,21.0,17.0,0.0,1.0,14.0,5.0,7.0,1.0,0.0,0.0,0.0,6.0,7.0,1.0,0.0,1.0,0.0,0.0,0.0,0.0,0.0,0.0,0.0,0.0,0.0,0.0,0.0,0.0,0.0,0.0,0.0,0.0,0.0,0.0,0.0,0.0,9.0,127.0
0.0,0.0,0.0,0.0,0.0,0.0,0.0,0.0,0.0,0.0,0.0,0.0,0.0,0.0,0.0,0.0,0.0,0.0,0.0,0.0,0.0,0.0,0.0,0.0,0.0,0.0,0.0,0.0,0.0,0.0,0.0,0.0,0.0,0.0,0.0,0.0,0.0,0.0,0.0
3.0,96.0,101.0,23.0,19.0,52.0,3.0,42.0,1.0,1.0,12.0,2.0,25.0,1.0,3.0,1.0,0.0,1.0,0.0,0.0,1.0,0.0,0.0,0.0,0.0,0.0,0.0,0.0,0.0,0.0,0.0,0.0,0.0,0.0,0.0,0.0,0.0,36.0,683.0
9.0,162.0,119.0,34.0,21.0,110.0,13.0,70.0,1.0,0.0,21.0,12.0,31.0,14.0,5.0,1.0,2.0,3.0,0.0,0.0,2.0,0.0,1.0,0.0,0.0,0.0,0.0,0.0,0.0,0.0,0.0,0.0,0.0,0.0,0.0,0.0,0.0,47.0,1046.0
7.0,237.0,246.0,31.0,28.0,91.0,41.0,47.0,16.0,3.0,31.0,17.0,62.0,5.0,4.0,7.0,1.0,6.0,0.0,0.0,0.0,1.0,0.0,0.0,0.0,0.0,0.0,0.0,0.0,0.0,0.0,0.0,0.0,0.0,0.0,0.0,0.0,55.0,1493.0
6.0,88.0,95.0,5.0,11.0,47.0,11.0,47.0,4.0,0.0,11.0,4.0,22.0,3.0,6.0,4.0,1.0,0.0,0.0,0.0,0.0,0.0,0.0,0.0,0.0,0.0,0.0,0.0,0.0,0.0,0.0,0.0,0.0,0.0,0.0,0.0,0.0,28.0,630.0
9.0,202.0,231.0,39.0,16.0,108.0,39.0,87.0,12.0,1.0,50.0,11.0,52.0,8.0,8.0,5.0,2.0,2.0,0.0,0.0,0.0,0.0,0.0,0.0,0.0,1.0,0.0,0.0,0.0,0.0,0.0,0.0,0.0,0.0,0.0,0.0,0.0,42.0,1513.0
8.0,90.0,61.0,22.0,7.0,40.0,8.0,42.0,2.0,0.0,15.0,4.0,29.0,4.0,5.0,4.0,1.0,0.0,0.0,0.0,0.0,0.0,0.0,0.0,0.0,0.0,0.0,0.0,0.0,1.0,0.0,0.0,0.0,0.0,0.0,0.0,0.0,38.0,649.0
5.0,87.0,60.0,12.0,12.0,27.0,21.0,30.0,6.0,2.0,21.0,3.0,9.0,5.0,3.0,4.0,2.0,0.0,0.0,0.0,0.0,0.0,0.0,0.0,0.0,0.0,0.0,0.0,0.0,0.0,0.0,0.0,0.0,0.0,0.0,0.0,0.0,21.0,516.0
0.0,62.0,62.0,13.0,5.0,31.0,0.0,12.0,4.0,1.0,4.0,12.0,27.0,3.0,3.0,0.0,0.0,1.0,0.0,0.0,1.0,0.0,0.0,0.0,0.0,1.0,0.0,0.0,0.0,0.0,0.0,0.0,0.0,0.0,0.0,0.0,0.0,24.0,488.0
3.0,105.0,115.0,21.0,9.0,61.0,22.0,42.0,6.0,0.0,9.0,7.0,24.0,2.0,7.0,3.0,0.0,0.0,0.0,0.0,1.0,0.0,0.0,0.0,0.0,0.0,0.0,0.0,0.0,0.0,0.0,0.0,0.0,0.0,0.0,0.0,0.0,29.0,723.0
2.0,40.0,47.0,0.0,5.0,15.0,5.0,12.0,2.0,1.0,4.0,1.0,9.0,2.0,1.0,0.0,0.0,0.0,0.0,0.0,0.0,0.0,0.0,0.0,0.0,0.0,0.0,0.0,0.0,0.0,0.0,0.0,0.0,0.0,0.0,0.0,0.0,9.0,231.0
0.0,4.0,14.0,0.0,0.0,1.0,2.0,0.0,0.0,0.0,0.0,0.0,0.0,0.0,0.0,0.0,0.0,0.0,0.0,0.0,0.0,0.0,0.0,0.0,0.0,0.0,0.0,0.0,0.0,0.0,0.0,0.0,0.0,0.0,0.0,0.0,0.0,1.0,31.0
7.0,124.0,59.0,29.0,17.0,72.0,8.0,42.0,6.0,7.0,21.0,7.0,15.0,4.0,6.0,1.0,0.0,0.0,0.0,0.0,0.0,1.0,0.0,0.0,0.0,0.0,0.0,2.0,0.0,0.0,0.0,0.0,0.0,0.0,0.0,0.0,0.0,28.0,804.0
1.0,68.0,52.0,3.0,8.0,25.0,8.0,21.0,0.0,0.0,7.0,3.0,6.0,4.0,0.0,0.0,0.0,0.0,0.0,0.0,0.0,0.0,0.0,0.0,0.0,0.0,0.0,0.0,0.0,0.0,0.0,0.0,0.0,0.0,0.0,0.0,0.0,17.0,311.0
7.0,131.0,99.0,8.0,22.0,54.0,17.0,62.0,1.0,4.0,29.0,1.0,18.0,8.0,1.0,3.0,0.0,0.0,0.0,0.0,0.0,0.0,0.0,0.0,0.0,0.0,0.0,0.0,0.0,0.0,0.0,0.0,0.0,0.0,0.0,0.0,0.0,35.0,741.0
8.0,118.0,114.0,15.0,11.0,62.0,17.0,53.0,0.0,2.0,35.0,8.0,20.0,0.0,6.0,3.0,0.0,2.0,0.0,0.0,1.0,0.0,0.0,0.0,0.0,0.0,0.0,0.0,0.0,0.0,0.0,0.0,0.0,0.0,0.0,0.0,0.0,21.0,782.0
0.0,0.0,0.0,0.0,0.0,0.0,0.0,0.0,0.0,0.0,0.0,0.0,0.0,0.0,0.0,0.0,0.0,0.0,0.0,0.0,0.0,0.0,0.0,0.0,0.0,0.0,0.0,0.0,0.0,0.0,0.0,0.0,0.0,0.0,0.0,0.0,0.0,0.0,0.0
3.0,13.0,8.0,0.0,0.0,6.0,3.0,6.0,0.0,0.0,0.0,0.0,2.0,4.0,0.0,0.0,0.0,0.0,0.0,0.0,0.0,0.0,0.0,0.0,0.0,0.0,0.0,0.0,0.0,0.0,0.0,0.0,0.0,0.0,0.0,0.0,0.0,8.0,72.0
10.0,202.0,146.0,27.0,20.0,115.0,36.0,92.0,8.0,3.0,21.0,14.0,54.0,18.0,8.0,7.0,0.0,2.0,0.0,0.0,0.0,0.0,1.0,0.0,0.0,1.0,0.0,0.0,0.0,0.0,0.0,0.0,0.0,0.0,0.0,0.0,0.0,48.0,1428.0
4.0,210.0,79.0,28.0,23.0,129.0,30.0,63.0,4.0,4.0,33.0,4.0,26.0,4.0,3.0,5.0,1.0,2.0,0.0,0.0,0.0,0.0,0.0,0.0,0.0,0.0,0.0,0.0,0.0,0.0,0.0,0.0,0.0,0.0,0.0,0.0,0.0,42.0,1073.0
2.0,140.0,104.0,11.0,12.0,57.0,19.0,61.0,0.0,0.0,19.0,0.0,10.0,14.0,0.0,7.0,1.0,0.0,0.0,0.0,0.0,0.0,0.0,0.0,0.0,1.0,0.0,0.0,0.0,0.0,0.0,0.0,0.0,0.0,0.0,0.0,0.0,36.0,723.0
2.0,74.0,25.0,6.0,8.0,34.0,10.0,28.0,2.0,1.0,16.0,5.0,7.0,7.0,0.0,0.0,0.0,1.0,0.0,0.0,0.0,0.0,0.0,0.0,0.0,0.0,0.0,0.0,0.0,0.0,0.0,0.0,0.0,0.0,0.0,0.0,0.0,18.0,386.0
3.0,95.0,37.0,10.0,11.0,39.0,14.0,42.0,0.0,0.0,15.0,4.0,6.0,3.0,1.0,0.0,2.0,2.0,0.0,0.0,0.0,0.0,0.0,0.0,0.0,0.0,0.0,0.0,0.0,0.0,0.0,0.0,0.0,0.0,0.0,0.0,0.0,30.0,472.0
8.0,118.0,46.0,29.0,11.0,55.0,4.0,41.0,5.0,0.0,15.0,8.0,23.0,3.0,4.0,0.0,0.0,4.0,0.0,0.0,0.0,0.0,0.0,0.0,0.0,1.0,0.0,0.0,0.0,0.0,0.0,0.0,0.0,0.0,0.0,0.0,0.0,36.0,669.0
2.0,94.0,92.0,20.0,15.0,54.0,15.0,26.0,3.0,1.0,5.0,5.0,27.0,5.0,1.0,2.0,1.0,0.0,0.0,0.0,1.0,0.0,0.0,0.0,0.0,0.0,0.0,0.0,0.0,0.0,0.0,0.0,0.0,0.0,0.0,0.0,0.0,23.0,603.0
2.0,105.0,41.0,9.0,7.0,42.0,21.0,22.0,3.0,3.0,18.0,4.0,11.0,0.0,3.0,0.0,2.0,2.0,0.0,0.0,0.0,0.0,0.0,0.0,0.0,0.0,0.0,0.0,0.0,0.0,0.0,0.0,0.0,0.0,0.0,0.0,0.0,32.0,508.0
4.0,140.0,106.0,14.0,13.0,69.0,17.0,45.0,4.0,2.0,19.0,5.0,20.0,0.0,0.0,6.0,1.0,3.0,0.0,0.0,2.0,0.0,0.0,0.0,0.0,0.0,0.0,0.0,0.0,0.0,0.0,0.0,0.0,0.0,0.0,0.0,0.0,32.0,735.0
15.0,329.0,104.0,80.0,43.0,210.0,17.0,97.0,25.0,4.0,43.0,10.0,92.0,15.0,20.0,5.0,3.0,1.0,0.0,0.0,4.0,1.0,0.0,2.0,0.0,3.0,1.0,0.0,0.0,0.0,0.0,0.0,0.0,1.0,0.0,0.0,0.0,100.0,2140.0
3.0,85.0,84.0,13.0,10.0,36.0,13.0,33.0,3.0,2.0,9.0,5.0,14.0,8.0,4.0,2.0,0.0,3.0,0.0,0.0,1.0,1.0,0.0,0.0,0.0,0.0,0.0,0.0,0.0,0.0,0.0,0.0,0.0,0.0,0.0,0.0,0.0,23.0,536.0
6.0,134.0,105.0,13.0,9.0,52.0,25.0,46.0,11.0,3.0,19.0,3.0,15.0,4.0,0.0,3.0,1.0,3.0,0.0,0.0,0.0,0.0,0.0,0.0,0.0,0.0,0.0,0.0,0.0,0.0,0.0,0.0,0.0,0.0,0.0,0.0,0.0,31.0,714.0
0.0,127.0,156.0,12.0,6.0,86.0,24.0,69.0,3.0,0.0,22.0,3.0,33.0,7.0,6.0,4.0,1.0,0.0,0.0,0.0,1.0,0.0,0.0,0.0,0.0,1.0,0.0,0.0,0.0,0.0,0.0,0.0,0.0,0.0,0.0,0.0,0.0,26.0,930.0
5.0,93.0,81.0,12.0,11.0,54.0,9.0,39.0,1.0,0.0,11.0,14.0,19.0,0.0,1.0,3.0,1.0,2.0,0.0,0.0,0.0,0.0,0.0,0.0,0.0,0.0,0.0,0.0,0.0,0.0,0.0,0.0,0.0,0.0,0.0,0.0,0.0,35.0,671.0
4.0,143.0,99.0,22.0,16.0,51.0,16.0,52.0,3.0,0.0,23.0,12.0,22.0,4.0,1.0,1.0,1.0,2.0,0.0,0.0,0.0,0.0,0.0,0.0,0.0,0.0,0.0,0.0,0.0,0.0,0.0,0.0,0.0,0.0,0.0,0.0,0.0,30.0,773.0
0.0,26.0,22.0,2.0,3.0,6.0,5.0,11.0,0.0,0.0,2.0,0.0,6.0,5.0,0.0,0.0,0.0,0.0,0.0,0.0,0.0,0.0,0.0,0.0,0.0,0.0,0.0,0.0,0.0,0.0,0.0,0.0,0.0,0.0,0.0,0.0,0.0,10.0,137.0
4.0,124.0,127.0,16.0,29.0,44.0,21.0,37.0,12.0,1.0,17.0,8.0,34.0,4.0,2.0,1.0,0.0,0.0,0.0,0.0,1.0,0.0,0.0,0.0,0.0,0.0,0.0,0.0,0.0,0.0,0.0,0.0,0.0,0.0,0.0,0.0,0.0,26.0,854.0
6.0,103.0,51.0,17.0,12.0,59.0,7.0,61.0,2.0,1.0,23.0,7.0,24.0,1.0,3.0,1.0,1.0,0.0,0.0,0.0,0.0,0.0,0.0,0.0,0.0,0.0,0.0,0.0,0.0,0.0,0.0,0.0,0.0,0.0,0.0,0.0,0.0,23.0,644.0
7.0,176.0,231.0,27.0,25.0,87.0,36.0,51.0,5.0,1.0,31.0,11.0,44.0,5.0,5.0,6.0,0.0,0.0,0.0,0.0,0.0,2.0,0.0,0.0,0.0,1.0,0.0,0.0,0.0,0.0,0.0,0.0,0.0,0.0,0.0,0.0,0.0,46.0,1276.0
2.0,40.0,37.0,4.0,7.0,18.0,7.0,18.0,0.0,0.0,3.0,2.0,7.0,2.0,1.0,1.0,0.0,0.0,0.0,0.0,0.0,0.0,0.0,0.0,0.0,0.0,0.0,0.0,0.0,0.0,0.0,0.0,0.0,0.0,0.0,0.0,0.0,10.0,243.0
0.0,12.0,31.0,3.0,3.0,7.0,4.0,3.0,0.0,0.0,2.0,0.0,2.0,0.0,0.0,0.0,0.0,0.0,0.0,0.0,0.0,0.0,0.0,0.0,0.0,0.0,0.0,0.0,0.0,0.0,0.0,0.0,0.0,0.0,0.0,0.0,0.0,5.0,112.0
1.0,110.0,4679.0,13.0,15.0,58.0,6.0,40.0,0.0,1.0,19.0,1.0,20.0,2.0,9.0,28.0,1.0,0.0,0.0,0.0,0.0,0.0,0.0,0.0,0.0,1.0,0.0,0.0,0.0,0.0,0.0,0.0,0.0,0.0,0.0,0.0,0.0,943.0,5768.0
8.0,92.0,71.0,17.0,14.0,72.0,3.0,54.0,2.0,0.0,19.0,4.0,23.0,1.0,7.0,0.0,0.0,1.0,0.0,0.0,0.0,0.0,0.0,0.0,0.0,0.0,0.0,0.0,0.0,0.0,0.0,0.0,0.0,0.0,0.0,0.0,0.0,27.0,694.0
8.0,107.0,88.0,17.0,29.0,82.0,18.0,76.0,3.0,4.0,22.0,2.0,14.0,4.0,7.0,3.0,4.0,2.0,0.0,0.0,0.0,0.0,0.0,0.0,0.0,0.0,0.0,0.0,0.0,0.0,0.0,0.0,0.0,0.0,0.0,0.0,0.0,27.0,795.0
9.0,182.0,201.0,33.0,25.0,92.0,12.0,71.0,7.0,1.0,17.0,22.0,64.0,5.0,5.0,1.0,2.0,3.0,0.0,0.0,0.0,0.0,1.0,0.0,0.0,0.0,0.0,0.0,0.0,0.0,0.0,0.0,0.0,0.0,0.0,0.0,0.0,84.0,1401.0
4.0,99.0,104.0,17.0,24.0,47.0,22.0,47.0,4.0,1.0,15.0,5.0,21.0,7.0,0.0,7.0,1.0,0.0,0.0,0.0,0.0,0.0,0.0,0.0,0.0,0.0,0.0,0.0,0.0,0.0,0.0,0.0,0.0,0.0,0.0,0.0,0.0,36.0,772.0
2.0,70.0,68.0,5.0,7.0,45.0,17.0,20.0,2.0,0.0,17.0,2.0,9.0,2.0,0.0,1.0,0.0,0.0,0.0,0.0,0.0,0.0,0.0,0.0,0.0,0.0,0.0,0.0,0.0,0.0,0.0,0.0,0.0,0.0,0.0,0.0,0.0,15.0,448.0
1.0,11.0,16.0,1.0,1.0,4.0,2.0,4.0,0.0,0.0,0.0,1.0,1.0,3.0,0.0,2.0,0.0,0.0,0.0,0.0,0.0,0.0,0.0,0.0,0.0,0.0,0.0,0.0,0.0,0.0,0.0,0.0,0.0,0.0,0.0,0.0,0.0,2.0,69.0
9.0,168.0,72.0,29.0,25.0,96.0,18.0,52.0,1.0,1.0,31.0,8.0,27.0,3.0,1.0,0.0,4.0,1.0,0.0,0.0,1.0,1.0,0.0,0.0,0.0,0.0,0.0,0.0,0.0,0.0,0.0,0.0,1.0,0.0,0.0,0.0,0.0,43.0,932.0
8.0,128.0,67.0,12.0,14.0,37.0,23.0,62.0,1.0,1.0,18.0,4.0,17.0,1.0,5.0,0.0,0.0,1.0,0.0,0.0,1.0,0.0,0.0,0.0,0.0,0.0,0.0,1.0,0.0,0.0,0.0,0.0,0.0,0.0,0.0,0.0,0.0,38.0,709.0
0.0,0.0,0.0,0.0,0.0,0.0,0.0,0.0,0.0,0.0,0.0,0.0,0.0,0.0,0.0,0.0,0.0,0.0,0.0,0.0,0.0,0.0,0.0,0.0,0.0,0.0,0.0,0.0,0.0,0.0,0.0,0.0,0.0,0.0,0.0,0.0,0.0,0.0,0.0
2.0,46.0,55.0,10.0,6.0,14.0,7.0,11.0,1.0,0.0,3.0,2.0,8.0,2.0,0.0,1.0,1.0,0.0,0.0,0.0,0.0,0.0,0.0,0.0,0.0,0.0,0.0,0.0,0.0,0.0,0.0,0.0,0.0,0.0,0.0,0.0,0.0,12.0,280.0
5.0,73.0,82.0,10.0,8.0,53.0,11.0,22.0,0.0,0.0,12.0,7.0,14.0,4.0,2.0,2.0,0.0,0.0,0.0,0.0,0.0,0.0,0.0,0.0,0.0,0.0,0.0,0.0,0.0,0.0,0.0,0.0,0.0,0.0,0.0,0.0,0.0,16.0,504.0
11.0,150.0,207.0,34.0,20.0,85.0,42.0,84.0,17.0,1.0,36.0,10.0,54.0,2.0,11.0,5.0,0.0,1.0,0.0,0.0,0.0,1.0,0.0,0.0,0.0,1.0,0.0,0.0,0.0,0.0,0.0,0.0,0.0,0.0,0.0,0.0,0.0,37.0,1293.0
4.0,126.0,102.0,28.0,7.0,81.0,27.0,49.0,3.0,2.0,23.0,14.0,23.0,2.0,3.0,5.0,0.0,1.0,0.0,0.0,0.0,0.0,0.0,0.0,0.0,0.0,0.0,0.0,0.0,0.0,0.0,0.0,0.0,0.0,0.0,0.0,0.0,28.0,799.0
5.0,104.0,34.0,25.0,23.0,76.0,3.0,62.0,3.0,0.0,18.0,7.0,24.0,1.0,8.0,0.0,0.0,3.0,0.0,0.0,0.0,0.0,0.0,0.0,0.0,0.0,0.0,0.0,0.0,0.0,0.0,0.0,0.0,0.0,0.0,0.0,0.0,46.0,775.0
2.0,40.0,45.0,4.0,6.0,18.0,6.0,13.0,2.0,0.0,6.0,0.0,7.0,0.0,0.0,2.0,0.0,0.0,0.0,0.0,1.0,0.0,0.0,0.0,0.0,0.0,0.0,0.0,0.0,0.0,0.0,0.0,0.0,0.0,0.0,0.0,0.0,15.0,262.0
0.0,12.0,21.0,1.0,0.0,5.0,4.0,5.0,0.0,0.0,1.0,1.0,4.0,0.0,1.0,0.0,1.0,0.0,0.0,0.0,0.0,0.0,0.0,0.0,0.0,0.0,0.0,0.0,0.0,0.0,0.0,0.0,0.0,0.0,0.0,0.0,0.0,3.0,90.0
1.0,11.0,16.0,1.0,1.0,5.0,3.0,3.0,0.0,0.0,1.0,0.0,5.0,0.0,0.0,0.0,0.0,0.0,0.0,0.0,0.0,0.0,0.0,0.0,0.0,0.0,0.0,0.0,0.0,0.0,0.0,0.0,0.0,0.0,0.0,0.0,0.0,3.0,80.0
5.0,100.0,97.0,17.0,11.0,62.0,12.0,34.0,5.0,1.0,16.0,7.0,15.0,5.0,6.0,3.0,0.0,1.0,0.0,0.0,0.0,0.0,0.0,0.0,0.0,0.0,0.0,0.0,0.0,0.0,0.0,0.0,0.0,0.0,0.0,0.0,0.0,25.0,697.0
8.0,179.0,193.0,25.0,30.0,75.0,35.0,73.0,1.0,5.0,23.0,9.0,16.0,15.0,1.0,4.0,3.0,2.0,0.0,0.0,0.0,0.0,0.0,0.0,0.0,0.0,0.0,0.0,0.0,0.0,0.0,0.0,0.0,0.0,0.0,0.0,0.0,45.0,1111.0
13.0,122.0,91.0,34.0,21.0,92.0,15.0,49.0,8.0,0.0,17.0,9.0,23.0,6.0,1.0,5.0,0.0,2.0,0.0,0.0,1.0,0.0,0.0,1.0,0.0,1.0,0.0,3.0,0.0,0.0,0.0,0.0,0.0,0.0,0.0,0.0,0.0,38.0,918.0
5.0,121.0,73.0,26.0,20.0,80.0,10.0,49.0,4.0,4.0,33.0,5.0,12.0,2.0,1.0,0.0,0.0,3.0,0.0,0.0,0.0,0.0,1.0,0.0,0.0,0.0,0.0,0.0,0.0,0.0,0.0,0.0,0.0,0.0,0.0,0.0,0.0,38.0,782.0
12.0,99.0,50.0,16.0,18.0,68.0,4.0,71.0,3.0,1.0,19.0,6.0,15.0,0.0,2.0,2.0,0.0,2.0,0.0,0.0,2.0,1.0,0.0,0.0,0.0,0.0,0.0,0.0,0.0,0.0,0.0,0.0,0.0,0.0,0.0,0.0,0.0,46.0,742.0
2.0,57.0,54.0,8.0,8.0,30.0,14.0,22.0,8.0,0.0,11.0,1.0,24.0,2.0,0.0,2.0,0.0,0.0,0.0,0.0,1.0,0.0,0.0,0.0,0.0,0.0,1.0,1.0,0.0,0.0,0.0,0.0,0.0,0.0,0.0,0.0,0.0,20.0,406.0
4.0,131.0,140.0,18.0,16.0,63.0,18.0,62.0,1.0,0.0,18.0,7.0,35.0,3.0,5.0,0.0,2.0,1.0,0.0,0.0,0.0,0.0,0.0,0.0,0.0,0.0,0.0,0.0,0.0,0.0,0.0,0.0,0.0,0.0,0.0,0.0,0.0,39.0,911.0
5.0,97.0,124.0,21.0,10.0,57.0,21.0,49.0,1.0,0.0,19.0,3.0,19.0,3.0,1.0,5.0,0.0,1.0,0.0,0.0,1.0,1.0,0.0,0.0,1.0,0.0,0.0,0.0,0.0,0.0,0.0,0.0,0.0,0.0,0.0,0.0,0.0,24.0,709.0
4.0,108.0,51.0,15.0,14.0,50.0,8.0,37.0,4.0,2.0,14.0,5.0,11.0,5.0,0.0,0.0,0.0,0.0,0.0,0.0,1.0,0.0,0.0,0.0,0.0,0.0,0.0,0.0,0.0,0.0,0.0,0.0,0.0,0.0,0.0,0.0,0.0,28.0,548.0
6.0,184.0,148.0,28.0,28.0,68.0,29.0,55.0,3.0,0.0,37.0,1.0,33.0,4.0,2.0,4.0,0.0,0.0,0.0,0.0,0.0,0.0,0.0,0.0,0.0,0.0,1.0,0.0,0.0,0.0,0.0,0.0,0.0,0.0,0.0,0.0,0.0,36.0,1074.0
0.0,13.0,15.0,0.0,3.0,3.0,4.0,8.0,0.0,0.0,2.0,0.0,1.0,1.0,0.0,0.0,1.0,0.0,0.0,0.0,0.0,0.0,0.0,0.0,0.0,0.0,0.0,0.0,0.0,0.0,0.0,0.0,0.0,0.0,0.0,0.0,0.0,3.0,87.0
9.0,112.0,113.0,21.0,18.0,55.0,25.0,58.0,3.0,10.0,26.0,3.0,15.0,11.0,3.0,1.0,1.0,1.0,0.0,0.0,0.0,0.0,0.0,0.0,0.0,0.0,0.0,0.0,0.0,0.0,0.0,0.0,0.0,0.0,0.0,0.0,0.0,43.0,794.0
2.0,108.0,82.0,18.0,9.0,39.0,29.0,26.0,3.0,1.0,27.0,1.0,13.0,4.0,4.0,4.0,0.0,0.0,0.0,0.0,0.0,0.0,0.0,0.0,0.0,0.0,1.0,0.0,0.0,0.0,0.0,0.0,0.0,0.0,0.0,0.0,0.0,45.0,663.0
1.0,45.0,32.0,8.0,8.0,24.0,7.0,24.0,0.0,1.0,10.0,6.0,5.0,0.0,3.0,0.0,0.0,0.0,0.0,0.0,0.0,0.0,0.0,0.0,0.0,0.0,0.0,0.0,0.0,0.0,0.0,0.0,0.0,0.0,0.0,0.0,0.0,10.0,297.0
5.0,126.0,56.0,24.0,10.0,50.0,6.0,34.0,2.0,0.0,11.0,11.0,19.0,2.0,5.0,3.0,2.0,1.0,0.0,0.0,0.0,0.0,0.0,0.0,0.0,0.0,1.0,0.0,0.0,0.0,0.0,0.0,0.0,0.0,0.0,0.0,0.0,29.0,735.0
12.0,195.0,97.0,45.0,28.0,98.0,32.0,95.0,5.0,2.0,32.0,8.0,28.0,7.0,4.0,4.0,1.0,0.0,0.0,0.0,4.0,0.0,0.0,0.0,0.0,0.0,0.0,0.0,0.0,0.0,0.0,0.0,0.0,0.0,0.0,0.0,0.0,48.0,1136.0
10.0,221.0,188.0,16.0,21.0,93.0,39.0,95.0,5.0,3.0,53.0,10.0,41.0,3.0,6.0,5.0,0.0,2.0,0.0,1.0,0.0,2.0,0.0,0.0,0.0,0.0,1.0,0.0,0.0,0.0,0.0,0.0,0.0,0.0,0.0,0.0,0.0,41.0,1310.0
4.0,90.0,81.0,16.0,12.0,39.0,11.0,39.0,3.0,2.0,15.0,6.0,23.0,7.0,6.0,2.0,0.0,0.0,0.0,0.0,0.0,0.0,0.0,0.0,0.0,0.0,0.0,0.0,0.0,0.0,0.0,0.0,0.0,0.0,0.0,0.0,0.0,30.0,676.0
8.0,106.0,164.0,26.0,29.0,73.0,29.0,63.0,2.0,1.0,20.0,8.0,28.0,4.0,5.0,2.0,0.0,2.0,0.0,0.0,1.0,0.0,0.0,0.0,0.0,0.0,0.0,0.0,0.0,0.0,0.0,0.0,0.0,0.0,0.0,0.0,0.0,29.0,953.0
1.0,17.0,19.0,0.0,2.0,10.0,2.0,5.0,1.0,0.0,0.0,0.0,4.0,4.0,0.0,0.0,0.0,0.0,0.0,0.0,0.0,0.0,0.0,0.0,0.0,0.0,0.0,0.0,0.0,0.0,0.0,0.0,0.0,0.0,1.0,0.0,0.0,8.0,104.0
16.0,248.0,160.0,45.0,27.0,154.0,25.0,109.0,10.0,7.0,38.0,9.0,50.0,8.0,29.0,0.0,1.0,8.0,0.0,0.0,4.0,1.0,0.0,0.0,0.0,1.0,1.0,0.0,0.0,0.0,0.0,0.0,0.0,0.0,0.0,0.0,0.0,97.0,1817.0
7.0,119.0,70.0,29.0,26.0,88.0,7.0,71.0,0.0,1.0,26.0,8.0,30.0,18.0,10.0,2.0,0.0,2.0,0.0,0.0,0.0,0.0,0.0,0.0,0.0,0.0,0.0,0.0,0.0,1.0,0.0,0.0,0.0,0.0,0.0,0.0,0.0,42.0,929.0
4.0,90.0,81.0,9.0,15.0,38.0,13.0,32.0,1.0,1.0,8.0,8.0,16.0,7.0,0.0,2.0,0.0,1.0,0.0,0.0,0.0,0.0,0.0,0.0,0.0,0.0,0.0,0.0,0.0,0.0,0.0,0.0,0.0,0.0,0.0,0.0,0.0,25.0,528.0
6.0,234.0,261.0,29.0,15.0,101.0,35.0,64.0,24.0,1.0,20.0,27.0,70.0,9.0,6.0,7.0,0.0,2.0,0.0,0.0,1.0,0.0,0.0,0.0,0.0,0.0,0.0,0.0,0.0,0.0,0.0,0.0,0.0,0.0,0.0,0.0,0.0,48.0,1560.0
4.0,104.0,58.0,12.0,14.0,58.0,9.0,40.0,5.0,1.0,25.0,5.0,14.0,2.0,2.0,0.0,1.0,2.0,0.0,0.0,1.0,0.0,0.0,0.0,0.0,0.0,0.0,0.0,0.0,0.0,0.0,0.0,0.0,0.0,0.0,0.0,0.0,24.0,607.0
6.0,72.0,63.0,13.0,13.0,43.0,14.0,55.0,1.0,1.0,16.0,1.0,15.0,10.0,2.0,1.0,0.0,1.0,0.0,0.0,0.0,0.0,0.0,0.0,0.0,0.0,0.0,0.0,0.0,0.0,0.0,0.0,0.0,0.0,0.0,0.0,0.0,21.0,560.0
2.0,51.0,49.0,9.0,11.0,34.0,9.0,19.0,0.0,0.0,4.0,2.0,18.0,0.0,1.0,0.0,0.0,0.0,0.0,0.0,0.0,0.0,0.0,0.0,0.0,0.0,0.0,0.0,0.0,0.0,0.0,0.0,0.0,0.0,0.0,0.0,0.0,14.0,332.0
4.0,103.0,49.0,23.0,14.0,62.0,5.0,43.0,4.0,2.0,11.0,6.0,29.0,9.0,7.0,0.0,0.0,1.0,0.0,0.0,0.0,0.0,0.0,0.0,0.0,0.0,0.0,0.0,0.0,0.0,0.0,0.0,0.0,0.0,0.0,0.0,0.0,45.0,667.0
3.0,101.0,38.0,12.0,6.0,64.0,6.0,36.0,2.0,2.0,12.0,7.0,16.0,2.0,2.0,0.0,0.0,2.0,0.0,0.0,0.0,1.0,0.0,0.0,0.0,0.0,1.0,0.0,0.0,0.0,0.0,0.0,0.0,0.0,0.0,0.0,0.0,29.0,553.0
4.0,135.0,44.0,15.0,19.0,82.0,2.0,44.0,3.0,0.0,19.0,2.0,15.0,2.0,4.0,1.0,1.0,1.0,0.0,0.0,0.0,0.0,0.0,0.0,0.0,0.0,0.0,0.0,0.0,0.0,0.0,0.0,0.0,0.0,0.0,0.0,0.0,37.0,676.0
5.0,118.0,108.0,15.0,21.0,69.0,20.0,51.0,2.0,0.0,24.0,3.0,28.0,5.0,2.0,3.0,0.0,1.0,0.0,0.0,0.0,0.0,0.0,0.0,0.0,0.0,0.0,1.0,0.0,0.0,0.0,0.0,0.0,0.0,0.0,0.0,0.0,31.0,799.0
0.0,5.0,10.0,0.0,3.0,4.0,2.0,2.0,0.0,0.0,0.0,0.0,0.0,0.0,0.0,0.0,0.0,0.0,0.0,0.0,0.0,0.0,0.0,0.0,0.0,0.0,0.0,0.0,0.0,0.0,0.0,0.0,0.0,0.0,0.0,0.0,0.0,2.0,37.0
0.0,44.0,32.0,1.0,9.0,27.0,11.0,34.0,0.0,1.0,3.0,0.0,2.0,5.0,0.0,0.0,0.0,0.0,0.0,0.0,0.0,0.0,0.0,0.0,0.0,0.0,0.0,0.0,0.0,0.0,0.0,0.0,0.0,0.0,0.0,0.0,0.0,11.0,284.0
5.0,248.0,125.0,34.0,37.0,125.0,19.0,128.0,5.0,3.0,41.0,5.0,71.0,11.0,18.0,2.0,2.0,4.0,0.0,0.0,0.0,0.0,0.0,0.0,2.0,0.0,0.0,0.0,0.0,0.0,0.0,1.0,0.0,0.0,0.0,0.0,0.0,64.0,1637.0
19.0,224.0,148.0,38.0,26.0,111.0,10.0,84.0,7.0,2.0,29.0,11.0,49.0,5.0,12.0,1.0,0.0,3.0,1.0,0.0,0.0,0.0,0.0,0.0,0.0,1.0,0.0,0.0,0.0,0.0,0.0,0.0,0.0,0.0,0.0,0.0,0.0,74.0,1500.0
4.0,90.0,56.0,4.0,5.0,47.0,10.0,32.0,0.0,0.0,13.0,1.0,13.0,1.0,3.0,1.0,0.0,0.0,0.0,0.0,0.0,1.0,0.0,0.0,0.0,0.0,0.0,0.0,0.0,0.0,0.0,0.0,0.0,0.0,0.0,0.0,0.0,12.0,424.0
7.0,152.0,221.0,35.0,19.0,71.0,40.0,71.0,5.0,1.0,41.0,11.0,43.0,4.0,5.0,3.0,2.0,2.0,0.0,0.0,1.0,1.0,0.0,0.0,0.0,0.0,0.0,0.0,0.0,0.0,0.0,0.0,0.0,0.0,0.0,0.0,0.0,39.0,1271.0
6.0,73.0,117.0,9.0,19.0,75.0,17.0,50.0,9.0,2.0,15.0,3.0,34.0,8.0,5.0,5.0,0.0,0.0,0.0,0.0,0.0,0.0,0.0,0.0,0.0,0.0,0.0,0.0,0.0,0.0,0.0,0.0,0.0,0.0,0.0,0.0,0.0,25.0,730.0
1.0,126.0,39.0,23.0,29.0,97.0,7.0,54.0,0.0,0.0,15.0,5.0,15.0,1.0,2.0,2.0,0.0,1.0,0.0,0.0,1.0,0.0,0.0,0.0,0.0,1.0,0.0,0.0,0.0,0.0,0.0,0.0,0.0,0.0,0.0,0.0,0.0,34.0,766.0
1.0,114.0,93.0,7.0,7.0,42.0,23.0,44.0,3.0,1.0,28.0,2.0,28.0,2.0,0.0,4.0,1.0,0.0,0.0,0.0,1.0,0.0,0.0,0.0,0.0,0.0,0.0,0.0,0.0,0.0,0.0,0.0,0.0,0.0,0.0,0.0,0.0,19.0,717.0
10.0,237.0,299.0,31.0,30.0,136.0,43.0,88.0,0.0,1.0,53.0,8.0,19.0,5.0,5.0,5.0,0.0,0.0,0.0,0.0,1.0,0.0,0.0,0.0,0.0,0.0,0.0,0.0,0.0,0.0,0.0,0.0,0.0,0.0,0.0,0.0,0.0,48.0,1566.0
2.0,14.0,19.0,0.0,4.0,9.0,4.0,14.0,1.0,0.0,4.0,1.0,1.0,0.0,0.0,1.0,0.0,0.0,0.0,0.0,0.0,0.0,0.0,0.0,0.0,0.0,0.0,0.0,0.0,0.0,0.0,0.0,0.0,0.0,0.0,0.0,0.0,5.0,128.0
9.0,138.0,100.0,30.0,21.0,63.0,5.0,56.0,2.0,7.0,15.0,15.0,17.0,4.0,5.0,1.0,1.0,2.0,1.0,0.0,2.0,2.0,0.0,0.0,0.0,0.0,0.0,0.0,0.0,0.0,0.0,0.0,0.0,0.0,0.0,0.0,0.0,43.0,862.0
7.0,105.0,64.0,20.0,21.0,54.0,19.0,47.0,0.0,2.0,30.0,4.0,9.0,2.0,3.0,2.0,1.0,1.0,0.0,0.0,0.0,0.0,0.0,0.0,0.0,0.0,0.0,0.0,0.0,0.0,0.0,0.0,0.0,0.0,0.0,0.0,0.0,34.0,626.0
8.0,118.0,49.0,10.0,10.0,55.0,7.0,47.0,3.0,1.0,25.0,7.0,16.0,2.0,3.0,0.0,0.0,1.0,0.0,0.0,0.0,0.0,0.0,0.0,0.0,0.0,0.0,0.0,0.0,0.0,0.0,0.0,0.0,0.0,0.0,0.0,0.0,29.0,626.0
7.0,184.0,86.0,22.0,24.0,90.0,28.0,43.0,0.0,2.0,15.0,5.0,16.0,8.0,0.0,4.0,0.0,0.0,0.0,0.0,1.0,0.0,0.0,0.0,0.0,0.0,0.0,0.0,0.0,0.0,0.0,0.0,0.0,0.0,0.0,0.0,0.0,66.0,909.0
2.0,107.0,125.0,25.0,12.0,51.0,28.0,39.0,6.0,0.0,21.0,6.0,35.0,6.0,2.0,5.0,0.0,2.0,0.0,0.0,1.0,0.0,0.0,0.0,0.0,0.0,0.0,0.0,0.0,0.0,0.0,0.0,0.0,0.0,0.0,0.0,0.0,27.0,794.0
13.0,316.0,168.0,50.0,35.0,167.0,63.0,114.0,0.0,2.0,32.0,11.0,35.0,4.0,7.0,5.0,1.0,4.0,0.0,0.0,0.0,0.0,0.0,0.0,0.0,0.0,0.0,0.0,0.0,0.0,0.0,0.0,0.0,0.0,0.0,0.0,0.0,86.0,1646.0
3.0,23.0,14.0,2.0,2.0,12.0,4.0,10.0,1.0,0.0,7.0,1.0,7.0,0.0,0.0,1.0,0.0,0.0,0.0,0.0,1.0,0.0,0.0,0.0,0.0,0.0,0.0,0.0,0.0,0.0,0.0,0.0,0.0,0.0,0.0,0.0,0.0,6.0,145.0
0.0,11.0,19.0,1.0,2.0,8.0,3.0,9.0,0.0,0.0,2.0,1.0,4.0,0.0,0.0,1.0,0.0,0.0,0.0,0.0,0.0,0.0,0.0,0.0,0.0,0.0,0.0,0.0,0.0,0.0,0.0,0.0,0.0,0.0,0.0,0.0,0.0,5.0,110.0
3.0,100.0,28.0,20.0,11.0,54.0,12.0,30.0,3.0,0.0,12.0,1.0,17.0,0.0,4.0,3.0,0.0,0.0,0.0,0.0,0.0,0.0,0.0,0.0,0.0,2.0,0.0,0.0,0.0,0.0,0.0,0.0,0.0,0.0,0.0,0.0,0.0,33.0,580.0
1.0,115.0,60.0,28.0,12.0,52.0,4.0,38.0,0.0,1.0,23.0,8.0,22.0,1.0,3.0,1.0,0.0,0.0,0.0,0.0,0.0,0.0,0.0,0.0,0.0,0.0,0.0,0.0,0.0,0.0,0.0,0.0,0.0,0.0,1.0,0.0,0.0,29.0,654.0
12.0,251.0,118.0,62.0,30.0,131.0,9.0,147.0,10.0,13.0,42.0,14.0,55.0,23.0,40.0,2.0,8.0,8.0,0.0,0.0,2.0,0.0,1.0,0.0,0.0,3.0,0.0,0.0,0.0,1.0,0.0,1.0,0.0,0.0,0.0,0.0,0.0,117.0,2055.0
5.0,92.0,53.0,9.0,2.0,45.0,13.0,41.0,0.0,0.0,20.0,2.0,9.0,2.0,3.0,1.0,1.0,2.0,0.0,0.0,0.0,0.0,0.0,0.0,0.0,0.0,0.0,0.0,0.0,0.0,0.0,0.0,0.0,0.0,0.0,0.0,0.0,19.0,486.0
7.0,88.0,80.0,12.0,14.0,71.0,26.0,59.0,5.0,1.0,11.0,4.0,15.0,4.0,2.0,1.0,1.0,5.0,0.0,0.0,0.0,0.0,0.0,0.0,0.0,0.0,0.0,0.0,0.0,0.0,0.0,0.0,0.0,0.0,0.0,0.0,0.0,33.0,644.0
9.0,106.0,123.0,15.0,26.0,67.0,23.0,86.0,5.0,1.0,23.0,5.0,35.0,1.0,5.0,3.0,0.0,1.0,0.0,0.0,1.0,0.0,0.0,0.0,0.0,0.0,1.0,0.0,0.0,0.0,0.0,0.0,0.0,0.0,0.0,0.0,0.0,28.0,937.0
0.0,26.0,23.0,0.0,4.0,13.0,1.0,9.0,0.0,0.0,1.0,3.0,3.0,0.0,1.0,0.0,0.0,0.0,0.0,0.0,0.0,0.0,0.0,0.0,0.0,0.0,0.0,0.0,0.0,0.0,0.0,0.0,0.0,0.0,0.0,0.0,0.0,5.0,140.0
1.0,18.0,22.0,1.0,2.0,12.0,4.0,10.0,1.0,0.0,0.0,1.0,8.0,4.0,0.0,1.0,0.0,0.0,0.0,0.0,1.0,0.0,0.0,0.0,0.0,0.0,0.0,0.0,0.0,0.0,0.0,0.0,0.0,0.0,0.0,0.0,0.0,6.0,135.0
1.0,80.0,50.0,4.0,10.0,42.0,16.0,16.0,0.0,0.0,5.0,0.0,2.0,6.0,0.0,0.0,0.0,2.0,0.0,0.0,0.0,0.0,0.0,0.0,0.0,0.0,0.0,0.0,0.0,0.0,0.0,0.0,0.0,0.0,0.0,0.0,0.0,27.0,377.0
9.0,138.0,136.0,13.0,26.0,59.0,9.0,48.0,4.0,0.0,10.0,10.0,46.0,2.0,1.0,0.0,0.0,3.0,0.0,0.0,0.0,0.0,0.0,0.0,0.0,0.0,0.0,1.0,0.0,0.0,0.0,0.0,0.0,0.0,0.0,0.0,0.0,46.0,890.0
3.0,93.0,108.0,26.0,18.0,60.0,11.0,34.0,4.0,1.0,13.0,8.0,21.0,3.0,0.0,0.0,0.0,1.0,0.0,0.0,1.0,0.0,0.0,0.0,0.0,0.0,0.0,0.0,0.0,0.0,0.0,0.0,0.0,0.0,0.0,0.0,0.0,30.0,711.0
9.0,136.0,136.0,21.0,21.0,69.0,15.0,31.0,3.0,2.0,24.0,2.0,35.0,5.0,1.0,1.0,1.0,1.0,0.0,0.0,0.0,0.0,0.0,0.0,0.0,0.0,0.0,0.0,0.0,0.0,0.0,0.0,0.0,0.0,0.0,0.0,0.0,40.0,901.0
6.0,112.0,176.0,27.0,14.0,60.0,22.0,65.0,9.0,1.0,27.0,7.0,49.0,4.0,8.0,3.0,0.0,2.0,0.0,0.0,0.0,0.0,0.0,0.0,0.0,0.0,0.0,0.0,0.0,0.0,0.0,0.0,0.0,0.0,0.0,0.0,0.0,32.0,978.0
13.0,189.0,225.0,38.0,25.0,133.0,35.0,96.0,8.0,2.0,28.0,12.0,39.0,3.0,4.0,10.0,1.0,0.0,0.0,0.0,0.0,0.0,0.0,0.0,0.0,0.0,0.0,0.0,0.0,0.0,0.0,0.0,0.0,0.0,0.0,0.0,0.0,39.0,1365.0
12.0,149.0,67.0,35.0,23.0,85.0,9.0,47.0,4.0,0.0,20.0,8.0,38.0,5.0,2.0,0.0,0.0,0.0,0.0,0.0,2.0,0.0,0.0,0.0,0.0,0.0,2.0,0.0,0.0,0.0,0.0,0.0,0.0,0.0,0.0,0.0,0.0,41.0,924.0
3.0,22.0,31.0,4.0,1.0,16.0,7.0,10.0,0.0,0.0,2.0,0.0,8.0,2.0,0.0,0.0,0.0,0.0,0.0,0.0,0.0,0.0,0.0,0.0,0.0,0.0,0.0,0.0,0.0,0.0,0.0,0.0,0.0,0.0,0.0,0.0,0.0,11.0,168.0
1.0,27.0,22.0,2.0,1.0,16.0,6.0,16.0,0.0,0.0,4.0,0.0,8.0,1.0,1.0,1.0,0.0,0.0,0.0,0.0,0.0,0.0,0.0,0.0,0.0,0.0,0.0,0.0,0.0,0.0,0.0,0.0,0.0,0.0,0.0,0.0,0.0,6.0,179.0
4.0,79.0,36.0,22.0,10.0,41.0,11.0,37.0,3.0,1.0,18.0,7.0,20.0,3.0,6.0,0.0,0.0,3.0,0.0,0.0,0.0,0.0,0.0,0.0,0.0,0.0,0.0,0.0,0.0,0.0,0.0,0.0,0.0,0.0,0.0,0.0,0.0,35.0,518.0
4.0,107.0,61.0,15.0,12.0,79.0,8.0,45.0,2.0,1.0,26.0,6.0,16.0,5.0,3.0,1.0,1.0,0.0,0.0,0.0,4.0,0.0,0.0,0.0,0.0,1.0,0.0,0.0,0.0,0.0,0.0,0.0,0.0,0.0,0.0,0.0,0.0,33.0,689.0
4.0,127.0,100.0,17.0,15.0,72.0,10.0,49.0,1.0,1.0,19.0,5.0,16.0,0.0,2.0,3.0,0.0,0.0,0.0,0.0,0.0,0.0,0.0,0.0,0.0,1.0,0.0,0.0,0.0,0.0,0.0,0.0,0.0,0.0,0.0,0.0,0.0,29.0,718.0
11.0,142.0,87.0,20.0,18.0,91.0,25.0,78.0,4.0,2.0,27.0,8.0,13.0,9.0,3.0,3.0,0.0,0.0,0.0,0.0,1.0,0.0,0.0,0.0,0.0,0.0,0.0,0.0,0.0,0.0,0.0,0.0,0.0,0.0,0.0,0.0,0.0,29.0,844.0
2.0,128.0,88.0,19.0,22.0,68.0,6.0,35.0,1.0,0.0,16.0,7.0,21.0,3.0,2.0,0.0,3.0,0.0,1.0,0.0,0.0,0.0,0.0,0.0,0.0,0.0,0.0,1.0,0.0,0.0,0.0,0.0,0.0,0.0,0.0,0.0,0.0,32.0,751.0
5.0,135.0,80.0,27.0,17.0,59.0,15.0,25.0,6.0,2.0,20.0,11.0,22.0,3.0,1.0,0.0,1.0,4.0,0.0,0.0,0.0,3.0,0.0,0.0,0.0,0.0,0.0,0.0,0.0,0.0,0.0,0.0,0.0,0.0,0.0,0.0,0.0,31.0,778.0
7.0,93.0,117.0,19.0,13.0,49.0,12.0,34.0,1.0,0.0,12.0,5.0,18.0,0.0,3.0,1.0,0.0,1.0,0.0,0.0,0.0,0.0,0.0,0.0,0.0,0.0,0.0,0.0,0.0,0.0,0.0,0.0,0.0,0.0,0.0,0.0,0.0,34.0,673.0
6.0,146.0,151.0,27.0,17.0,91.0,29.0,77.0,8.0,3.0,36.0,10.0,64.0,5.0,6.0,4.0,0.0,6.0,0.0,0.0,1.0,0.0,0.0,0.0,0.0,0.0,0.0,0.0,0.0,0.0,0.0,0.0,0.0,0.0,0.0,0.0,0.0,34.0,1214.0
4.0,67.0,86.0,19.0,16.0,36.0,12.0,30.0,3.0,0.0,13.0,7.0,29.0,5.0,1.0,0.0,1.0,3.0,0.0,0.0,0.0,0.0,0.0,0.0,0.0,0.0,0.0,0.0,0.0,0.0,0.0,0.0,0.0,0.0,0.0,0.0,0.0,26.0,614.0
22.0,278.0,154.0,59.0,43.0,167.0,8.0,177.0,10.0,2.0,36.0,14.0,94.0,9.0,55.0,3.0,5.0,5.0,0.0,0.0,1.0,0.0,0.0,0.0,0.0,1.0,0.0,0.0,0.0,0.0,0.0,0.0,0.0,0.0,0.0,0.0,0.0,121.0,2314.0
5.0,252.0,174.0,25.0,30.0,119.0,49.0,105.0,2.0,0.0,38.0,4.0,42.0,6.0,12.0,9.0,1.0,1.0,1.0,0.0,1.0,0.0,0.0,0.0,0.0,0.0,0.0,0.0,0.0,0.0,0.0,0.0,0.0,0.0,0.0,0.0,0.0,59.0,1474.0
5.0,159.0,115.0,18.0,17.0,90.0,37.0,65.0,4.0,0.0,43.0,7.0,27.0,2.0,2.0,5.0,0.0,6.0,0.0,0.0,1.0,0.0,0.0,0.0,0.0,0.0,0.0,0.0,0.0,0.0,0.0,0.0,0.0,0.0,0.0,0.0,0.0,29.0,1078.0
7.0,125.0,69.0,26.0,19.0,98.0,5.0,34.0,0.0,1.0,7.0,9.0,17.0,0.0,4.0,1.0,1.0,0.0,0.0,0.0,2.0,0.0,0.0,0.0,0.0,0.0,1.0,0.0,0.0,0.0,0.0,0.0,0.0,0.0,0.0,0.0,0.0,38.0,746.0
7.0,136.0,59.0,24.0,19.0,54.0,11.0,59.0,0.0,5.0,26.0,7.0,23.0,3.0,6.0,0.0,1.0,1.0,0.0,0.0,1.0,0.0,0.0,0.0,0.0,0.0,0.0,0.0,0.0,0.0,0.0,0.0,0.0,0.0,0.0,0.0,0.0,41.0,817.0
24.0,368.0,257.0,81.0,53.0,176.0,56.0,164.0,10.0,2.0,86.0,17.0,80.0,4.0,19.0,2.0,4.0,6.0,0.0,0.0,1.0,0.0,0.0,0.0,1.0,0.0,0.0,0.0,0.0,0.0,0.0,0.0,0.0,0.0,0.0,0.0,0.0,104.0,2500.0
13.0,221.0,216.0,39.0,24.0,132.0,15.0,95.0,6.0,0.0,39.0,15.0,46.0,6.0,2.0,6.0,1.0,1.0,0.0,0.0,0.0,1.0,0.0,0.0,0.0,0.0,0.0,0.0,0.0,0.0,0.0,0.0,0.0,0.0,0.0,0.0,0.0,57.0,1534.0
10.0,182.0,175.0,36.0,18.0,91.0,37.0,85.0,5.0,0.0,42.0,21.0,47.0,8.0,3.0,4.0,1.0,0.0,0.0,0.0,0.0,0.0,0.0,0.0,0.0,0.0,0.0,0.0,0.0,0.0,0.0,0.0,0.0,0.0,0.0,0.0,0.0,36.0,1314.0
4.0,84.0,45.0,16.0,20.0,60.0,5.0,52.0,0.0,1.0,18.0,5.0,10.0,1.0,3.0,1.0,1.0,0.0,0.0,0.0,0.0,0.0,0.0,0.0,0.0,0.0,0.0,0.0,0.0,0.0,0.0,0.0,0.0,0.0,0.0,0.0,0.0,32.0,619.0
0.0,18.0,14.0,1.0,5.0,9.0,4.0,11.0,0.0,0.0,0.0,0.0,8.0,0.0,2.0,1.0,0.0,0.0,0.0,0.0,0.0,0.0,0.0,0.0,0.0,1.0,0.0,0.0,0.0,0.0,0.0,0.0,0.0,0.0,0.0,0.0,0.0,7.0,138.0
11.0,135.0,186.0,19.0,9.0,69.0,31.0,76.0,0.0,0.0,16.0,4.0,35.0,9.0,3.0,1.0,2.0,0.0,0.0,0.0,1.0,0.0,0.0,0.0,0.0,0.0,1.0,0.0,0.0,0.0,0.0,0.0,0.0,0.0,0.0,0.0,0.0,29.0,985.0
2.0,46.0,50.0,5.0,7.0,41.0,13.0,33.0,0.0,0.0,18.0,4.0,17.0,4.0,1.0,2.0,0.0,2.0,0.0,0.0,0.0,0.0,0.0,0.0,0.0,0.0,0.0,0.0,0.0,0.0,0.0,0.0,0.0,0.0,0.0,0.0,0.0,14.0,408.0
8.0,115.0,200.0,28.0,26.0,98.0,28.0,100.0,6.0,0.0,26.0,5.0,39.0,12.0,4.0,3.0,0.0,1.0,0.0,0.0,1.0,0.0,0.0,0.0,0.0,0.0,0.0,0.0,0.0,0.0,0.0,0.0,0.0,0.0,0.0,0.0,0.0,33.0,1186.0
4.0,185.0,189.0,19.0,22.0,111.0,32.0,87.0,3.0,3.0,30.0,11.0,45.0,11.0,3.0,25.0,2.0,4.0,0.0,0.0,1.0,0.0,0.0,1.0,0.0,0.0,0.0,0.0,0.0,0.0,0.0,0.0,0.0,0.0,0.0,0.0,0.0,54.0,1341.0
6.0,94.0,40.0,10.0,10.0,44.0,8.0,35.0,3.0,2.0,8.0,6.0,12.0,0.0,4.0,1.0,0.0,1.0,0.0,0.0,1.0,0.0,0.0,0.0,0.0,0.0,0.0,0.0,0.0,0.0,0.0,0.0,0.0,0.0,0.0,0.0,0.0,22.0,455.0
2.0,73.0,39.0,7.0,6.0,41.0,10.0,31.0,1.0,1.0,8.0,2.0,9.0,1.0,0.0,2.0,0.0,0.0,0.0,0.0,0.0,0.0,0.0,0.0,0.0,0.0,0.0,0.0,0.0,0.0,0.0,0.0,0.0,0.0,0.0,0.0,0.0,11.0,415.0
11.0,125.0,162.0,20.0,25.0,97.0,28.0,68.0,7.0,2.0,34.0,11.0,45.0,4.0,9.0,7.0,2.0,2.0,0.0,0.0,0.0,0.0,0.0,0.0,0.0,0.0,0.0,0.0,0.0,0.0,0.0,0.0,0.0,0.0,0.0,0.0,0.0,32.0,1148.0
10.0,79.0,50.0,3.0,9.0,32.0,12.0,20.0,2.0,2.0,5.0,0.0,7.0,7.0,0.0,1.0,0.0,0.0,0.0,0.0,0.0,0.0,0.0,0.0,0.0,1.0,0.0,0.0,0.0,0.0,0.0,0.0,0.0,0.0,0.0,0.0,0.0,24.0,343.0
10.0,112.0,88.0,38.0,12.0,90.0,2.0,39.0,11.0,0.0,11.0,6.0,37.0,4.0,2.0,1.0,0.0,3.0,0.0,0.0,0.0,1.0,0.0,0.0,0.0,0.0,0.0,0.0,0.0,0.0,0.0,0.0,0.0,0.0,0.0,0.0,0.0,30.0,879.0
3.0,51.0,22.0,6.0,5.0,18.0,9.0,21.0,2.0,0.0,9.0,0.0,6.0,2.0,2.0,1.0,0.0,0.0,0.0,0.0,2.0,0.0,0.0,0.0,0.0,0.0,0.0,0.0,0.0,0.0,0.0,0.0,0.0,0.0,0.0,0.0,0.0,8.0,261.0
7.0,96.0,88.0,5.0,18.0,40.0,13.0,51.0,0.0,0.0,19.0,6.0,10.0,2.0,0.0,4.0,0.0,1.0,0.0,0.0,0.0,0.0,0.0,0.0,0.0,0.0,0.0,0.0,0.0,0.0,0.0,0.0,0.0,0.0,0.0,0.0,0.0,17.0,580.0
4.0,57.0,50.0,5.0,7.0,28.0,10.0,34.0,1.0,3.0,8.0,2.0,10.0,9.0,1.0,3.0,0.0,1.0,0.0,0.0,0.0,0.0,0.0,0.0,0.0,1.0,0.0,0.0,0.0,0.0,0.0,0.0,0.0,0.0,0.0,0.0,0.0,22.0,363.0
9.0,122.0,95.0,16.0,11.0,52.0,34.0,43.0,1.0,0.0,29.0,3.0,27.0,5.0,4.0,6.0,0.0,2.0,0.0,0.0,1.0,0.0,0.0,0.0,0.0,0.0,0.0,0.0,0.0,0.0,0.0,0.0,0.0,0.0,0.0,0.0,0.0,28.0,794.0
5.0,173.0,153.0,22.0,26.0,99.0,38.0,90.0,3.0,1.0,36.0,11.0,26.0,9.0,7.0,1.0,2.0,0.0,0.0,0.0,1.0,0.0,0.0,0.0,0.0,0.0,1.0,0.0,0.0,0.0,0.0,0.0,1.0,0.0,0.0,0.0,0.0,39.0,1218.0
8.0,209.0,167.0,37.0,36.0,116.0,36.0,103.0,12.0,1.0,31.0,11.0,45.0,3.0,7.0,4.0,0.0,3.0,0.0,0.0,0.0,0.0,0.0,0.0,0.0,0.0,0.0,0.0,0.0,0.0,0.0,0.0,0.0,0.0,0.0,0.0,0.0,58.0,1527.0
5.0,159.0,178.0,25.0,13.0,95.0,28.0,88.0,12.0,1.0,38.0,4.0,49.0,5.0,2.0,12.0,0.0,1.0,0.0,0.0,1.0,0.0,0.0,0.0,0.0,0.0,0.0,0.0,0.0,0.0,0.0,0.0,0.0,0.0,0.0,0.0,0.0,40.0,1243.0
1.0,23.0,22.0,2.0,1.0,14.0,6.0,3.0,0.0,1.0,5.0,1.0,2.0,0.0,0.0,1.0,0.0,1.0,0.0,0.0,0.0,0.0,0.0,0.0,0.0,0.0,0.0,0.0,0.0,0.0,0.0,0.0,0.0,0.0,0.0,0.0,0.0,6.0,135.0
3.0,103.0,92.0,17.0,15.0,58.0,3.0,53.0,6.0,0.0,24.0,9.0,32.0,0.0,6.0,0.0,2.0,2.0,0.0,0.0,0.0,0.0,0.0,0.0,0.0,2.0,0.0,0.0,0.0,0.0,0.0,0.0,0.0,0.0,0.0,0.0,0.0,28.0,752.0
5.0,91.0,56.0,11.0,14.0,43.0,7.0,32.0,1.0,0.0,19.0,3.0,16.0,4.0,2.0,0.0,0.0,0.0,0.0,0.0,0.0,0.0,0.0,0.0,0.0,0.0,1.0,0.0,0.0,0.0,0.0,0.0,0.0,0.0,0.0,0.0,0.0,33.0,561.0
8.0,146.0,178.0,35.0,20.0,70.0,12.0,47.0,4.0,0.0,19.0,10.0,41.0,13.0,8.0,1.0,1.0,0.0,0.0,0.0,0.0,0.0,0.0,0.0,0.0,0.0,0.0,0.0,0.0,0.0,0.0,0.0,0.0,0.0,0.0,0.0,0.0,61.0,1086.0
6.0,164.0,140.0,30.0,23.0,87.0,7.0,89.0,5.0,3.0,25.0,4.0,23.0,15.0,7.0,2.0,0.0,1.0,0.0,0.0,0.0,1.0,0.0,0.0,0.0,2.0,0.0,0.0,0.0,0.0,0.0,0.0,0.0,0.0,0.0,0.0,0.0,57.0,1168.0
7.0,73.0,46.0,8.0,9.0,27.0,11.0,48.0,2.0,0.0,13.0,1.0,4.0,2.0,3.0,2.0,0.0,0.0,0.0,0.0,0.0,0.0,0.0,0.0,0.0,0.0,0.0,0.0,0.0,0.0,0.0,0.0,0.0,0.0,0.0,0.0,0.0,16.0,447.0
10.0,167.0,164.0,33.0,15.0,91.0,39.0,71.0,2.0,2.0,43.0,7.0,28.0,8.0,9.0,1.0,3.0,2.0,0.0,0.0,1.0,0.0,0.0,0.0,0.0,0.0,1.0,0.0,0.0,0.0,0.0,0.0,0.0,0.0,0.0,0.0,0.0,34.0,1195.0
0.0,15.0,31.0,0.0,1.0,17.0,7.0,13.0,0.0,0.0,8.0,0.0,1.0,1.0,0.0,0.0,0.0,0.0,0.0,0.0,0.0,0.0,0.0,0.0,0.0,0.0,0.0,0.0,0.0,0.0,0.0,0.0,0.0,0.0,0.0,0.0,0.0,6.0,140.0
1.0,36.0,24.0,8.0,6.0,18.0,14.0,14.0,4.0,0.0,6.0,2.0,14.0,1.0,1.0,0.0,0.0,0.0,0.0,0.0,0.0,0.0,0.0,0.0,0.0,0.0,0.0,0.0,0.0,0.0,0.0,0.0,0.0,0.0,0.0,0.0,0.0,13.0,285.0
12.0,259.0,188.0,50.0,30.0,128.0,20.0,103.0,11.0,1.0,42.0,19.0,72.0,10.0,15.0,1.0,2.0,1.0,0.0,0.0,1.0,2.0,0.0,0.0,0.0,2.0,0.0,0.0,0.0,0.0,0.0,1.0,0.0,0.0,0.0,0.0,0.0,73.0,1742.0
18.0,307.0,161.0,35.0,34.0,165.0,30.0,79.0,6.0,3.0,47.0,15.0,41.0,14.0,8.0,0.0,2.0,2.0,0.0,0.0,0.0,0.0,0.0,0.0,0.0,1.0,0.0,0.0,0.0,0.0,0.0,0.0,0.0,0.0,0.0,0.0,0.0,78.0,1795.0
1.0,102.0,82.0,25.0,23.0,51.0,25.0,65.0,2.0,1.0,16.0,6.0,23.0,10.0,3.0,3.0,2.0,4.0,0.0,0.0,0.0,3.0,0.0,0.0,0.0,0.0,0.0,0.0,0.0,0.0,0.0,0.0,0.0,0.0,0.0,0.0,0.0,50.0,808.0
17.0,288.0,345.0,59.0,50.0,172.0,68.0,109.0,3.0,3.0,57.0,7.0,56.0,10.0,11.0,2.0,2.0,1.0,0.0,0.0,1.0,0.0,0.0,0.0,0.0,1.0,0.0,0.0,0.0,0.0,0.0,0.0,0.0,0.0,0.0,0.0,0.0,83.0,2154.0
1.0,81.0,64.0,21.0,14.0,48.0,16.0,31.0,3.0,4.0,18.0,6.0,22.0,3.0,5.0,2.0,1.0,3.0,0.0,0.0,1.0,0.0,0.0,0.0,0.0,0.0,0.0,0.0,0.0,0.0,0.0,0.0,0.0,0.0,0.0,0.0,0.0,35.0,619.0
4.0,96.0,133.0,20.0,11.0,39.0,29.0,35.0,10.0,3.0,10.0,11.0,25.0,6.0,1.0,1.0,0.0,5.0,0.0,0.0,0.0,0.0,0.0,0.0,0.0,0.0,0.0,0.0,0.0,0.0,0.0,0.0,0.0,0.0,0.0,0.0,0.0,28.0,718.0
4.0,101.0,61.0,11.0,11.0,55.0,7.0,42.0,2.0,2.0,15.0,5.0,18.0,5.0,3.0,1.0,0.0,4.0,0.0,0.0,0.0,0.0,0.0,0.0,0.0,0.0,0.0,0.0,0.0,0.0,0.0,0.0,0.0,0.0,0.0,0.0,0.0,23.0,599.0
9.0,202.0,198.0,25.0,14.0,126.0,25.0,91.0,1.0,3.0,20.0,6.0,43.0,4.0,4.0,3.0,1.0,0.0,0.0,0.0,2.0,1.0,0.0,0.0,0.0,0.0,0.0,0.0,0.0,0.0,0.0,0.0,0.0,0.0,0.0,0.0,0.0,39.0,1327.0
2.0,73.0,87.0,12.0,9.0,66.0,13.0,56.0,10.0,2.0,15.0,7.0,22.0,5.0,4.0,3.0,1.0,1.0,0.0,0.0,0.0,0.0,0.0,0.0,0.0,0.0,0.0,0.0,0.0,0.0,0.0,0.0,0.0,0.0,0.0,0.0,0.0,22.0,672.0
17.0,255.0,215.0,51.0,29.0,148.0,10.0,94.0,10.0,3.0,45.0,24.0,70.0,13.0,20.0,4.0,2.0,3.0,0.0,0.0,1.0,1.0,0.0,0.0,0.0,2.0,0.0,0.0,0.0,0.0,0.0,0.0,0.0,0.0,0.0,0.0,0.0,87.0,1881.0
6.0,56.0,90.0,7.0,8.0,53.0,12.0,32.0,0.0,0.0,7.0,1.0,7.0,1.0,2.0,2.0,0.0,0.0,0.0,0.0,1.0,0.0,0.0,0.0,0.0,0.0,0.0,0.0,0.0,0.0,0.0,0.0,0.0,0.0,0.0,0.0,0.0,14.0,472.0
8.0,78.0,71.0,15.0,17.0,56.0,12.0,23.0,3.0,0.0,12.0,5.0,24.0,3.0,6.0,7.0,1.0,1.0,0.0,0.0,1.0,0.0,0.0,0.0,0.0,0.0,0.0,0.0,0.0,0.0,0.0,0.0,0.0,0.0,0.0,0.0,0.0,33.0,607.0
0.0,9.0,24.0,0.0,2.0,2.0,3.0,5.0,0.0,0.0,3.0,0.0,3.0,0.0,0.0,1.0,0.0,0.0,0.0,0.0,1.0,0.0,0.0,0.0,0.0,0.0,0.0,0.0,0.0,0.0,0.0,0.0,0.0,0.0,0.0,0.0,0.0,3.0,97.0
15.0,163.0,106.0,29.0,22.0,91.0,39.0,82.0,5.0,4.0,40.0,8.0,26.0,2.0,6.0,9.0,1.0,1.0,0.0,0.0,0.0,0.0,0.0,0.0,0.0,0.0,0.0,0.0,0.0,0.0,0.0,0.0,0.0,0.0,0.0,0.0,0.0,35.0,1109.0
5.0,105.0,87.0,18.0,19.0,55.0,11.0,38.0,2.0,3.0,10.0,7.0,21.0,2.0,2.0,0.0,3.0,1.0,0.0,0.0,1.0,0.0,0.0,0.0,0.0,0.0,0.0,0.0,0.0,0.0,0.0,0.0,0.0,0.0,0.0,0.0,0.0,33.0,745.0
4.0,85.0,60.0,8.0,11.0,40.0,18.0,41.0,1.0,2.0,8.0,3.0,5.0,7.0,3.0,2.0,0.0,0.0,0.0,0.0,2.0,0.0,0.0,0.0,0.0,0.0,0.0,0.0,0.0,0.0,0.0,0.0,0.0,0.0,0.0,0.0,0.0,28.0,500.0
2.0,35.0,32.0,6.0,3.0,12.0,9.0,17.0,0.0,0.0,6.0,2.0,4.0,0.0,2.0,0.0,0.0,0.0,0.0,0.0,0.0,0.0,0.0,0.0,0.0,0.0,0.0,0.0,0.0,0.0,0.0,0.0,0.0,0.0,0.0,0.0,0.0,13.0,211.0
6.0,106.0,75.0,16.0,21.0,44.0,26.0,33.0,1.0,2.0,10.0,5.0,13.0,8.0,1.0,6.0,1.0,0.0,0.0,0.0,0.0,0.0,0.0,0.0,0.0,0.0,0.0,0.0,0.0,0.0,0.0,0.0,0.0,0.0,0.0,1.0,0.0,30.0,598.0
6.0,62.0,34.0,8.0,9.0,31.0,5.0,26.0,2.0,3.0,14.0,1.0,12.0,0.0,0.0,2.0,0.0,3.0,0.0,0.0,0.0,0.0,0.0,0.0,0.0,0.0,0.0,0.0,0.0,0.0,0.0,0.0,0.0,0.0,0.0,0.0,0.0,,
5.0,125.0,115.0,18.0,11.0,66.0,30.0,43.0,2.0,0.0,13.0,16.0,21.0,2.0,1.0,4.0,0.0,0.0,0.0,0.0,0.0,0.0,0.0,0.0,0.0,0.0,0.0,0.0,0.0,0.0,0.0,0.0,0.0,0.0,0.0,0.0,0.0,17.0,355.0
0.0,110.0,75.0,20.0,17.0,61.0,2.0,63.0,0.0,1.0,13.0,4.0,20.0,1.0,9.0,1.0,0.0,0.0,0.0,0.0,1.0,0.0,0.0,0.0,0.0,0.0,0.0,0.0,0.0,0.0,0.0,0.0,0.0,0.0,0.0,0.0,0.0,28.0,774.0
18.0,309.0,267.0,63.0,48.0,171.0,14.0,115.0,9.0,4.0,39.0,12.0,69.0,10.0,15.0,2.0,0.0,4.0,0.0,0.0,0.0,0.0,0.0,0.0,0.0,0.0,0.0,0.0,0.0,0.0,0.0,3.0,0.0,0.0,0.0,0.0,0.0,33.0,763.0
3.0,56.0,19.0,4.0,11.0,21.0,4.0,19.0,1.0,1.0,6.0,1.0,8.0,1.0,2.0,0.0,1.0,1.0,0.0,0.0,0.0,0.0,0.0,0.0,0.0,0.0,0.0,0.0,0.0,0.0,0.0,0.0,0.0,0.0,0.0,0.0,0.0,91.0,2188.0
13.0,188.0,204.0,24.0,21.0,89.0,44.0,67.0,4.0,0.0,31.0,12.0,35.0,6.0,3.0,5.0,0.0,2.0,0.0,1.0,1.0,0.0,0.0,0.0,0.0,0.0,0.0,0.0,0.0,0.0,0.0,0.0,0.0,0.0,0.0,0.0,0.0,14.0,259.0
4.0,87.0,152.0,17.0,21.0,46.0,26.0,76.0,11.0,0.0,28.0,5.0,39.0,5.0,3.0,1.0,0.0,2.0,0.0,0.0,0.0,1.0,0.0,0.0,0.0,0.0,0.0,0.0,0.0,0.0,0.0,0.0,0.0,0.0,0.0,0.0,0.0,39.0,1252.0
18.0,247.0,165.0,69.0,51.0,112.0,13.0,94.0,9.0,1.0,64.0,14.0,54.0,4.0,15.0,4.0,2.0,1.0,2.0,0.0,2.0,0.0,0.0,0.0,0.0,1.0,1.0,0.0,0.0,0.0,0.0,0.0,0.0,0.0,0.0,0.0,0.0,26.0,870.0
3.0,110.0,74.0,26.0,17.0,68.0,14.0,51.0,2.0,0.0,22.0,10.0,33.0,2.0,2.0,0.0,1.0,1.0,0.0,0.0,2.0,1.0,0.0,0.0,0.0,1.0,0.0,0.0,0.0,0.0,0.0,0.0,0.0,0.0,0.0,0.0,0.0,82.0,1864.0
8.0,99.0,91.0,18.0,9.0,54.0,11.0,38.0,4.0,0.0,17.0,14.0,25.0,6.0,3.0,2.0,1.0,1.0,0.0,0.0,0.0,0.0,0.0,0.0,0.0,0.0,0.0,0.0,0.0,0.0,0.0,0.0,0.0,0.0,0.0,0.0,0.0,41.0,803.0
4.0,84.0,78.0,18.0,11.0,50.0,7.0,36.0,2.0,0.0,8.0,7.0,22.0,1.0,3.0,2.0,0.0,1.0,0.0,0.0,0.0,0.0,0.0,0.0,0.0,0.0,0.0,0.0,0.0,0.0,0.0,0.0,0.0,0.0,0.0,0.0,0.0,29.0,716.0
1.0,14.0,18.0,1.0,2.0,2.0,6.0,5.0,0.0,1.0,1.0,0.0,0.0,0.0,0.0,0.0,0.0,0.0,0.0,0.0,0.0,0.0,0.0,0.0,0.0,0.0,0.0,0.0,0.0,0.0,0.0,0.0,0.0,0.0,0.0,0.0,0.0,33.0,630.0
11.0,199.0,177.0,35.0,14.0,87.0,34.0,67.0,1.0,1.0,24.0,9.0,17.0,15.0,5.0,4.0,0.0,2.0,0.0,0.0,0.0,0.0,0.0,0.0,0.0,0.0,0.0,0.0,0.0,0.0,0.0,0.0,0.0,0.0,0.0,0.0,0.0,6.0,86.0
2.0,78.0,30.0,7.0,9.0,34.0,8.0,21.0,2.0,0.0,8.0,2.0,12.0,2.0,1.0,0.0,0.0,1.0,0.0,0.0,0.0,0.0,0.0,0.0,0.0,0.0,0.0,0.0,0.0,0.0,0.0,0.0,0.0,0.0,0.0,0.0,0.0,31.0,1163.0
5.0,99.0,95.0,18.0,13.0,51.0,21.0,69.0,2.0,2.0,8.0,3.0,25.0,8.0,3.0,13.0,0.0,2.0,0.0,0.0,1.0,0.0,0.0,0.0,0.0,0.0,0.0,0.0,0.0,0.0,0.0,0.0,0.0,0.0,0.0,0.0,0.0,16.0,353.0
8.0,95.0,88.0,22.0,11.0,67.0,10.0,46.0,4.0,1.0,14.0,4.0,23.0,0.0,4.0,0.0,1.0,0.0,0.0,0.0,0.0,0.0,0.0,0.0,0.0,0.0,0.0,0.0,0.0,0.0,0.0,0.0,0.0,0.0,0.0,0.0,0.0,20.0,724.0
9.0,127.0,163.0,20.0,13.0,76.0,33.0,65.0,10.0,6.0,38.0,8.0,46.0,6.0,8.0,5.0,1.0,1.0,0.0,0.0,1.0,0.0,0.0,0.0,0.0,0.0,0.0,0.0,0.0,0.0,0.0,0.0,0.0,0.0,0.0,0.0,0.0,37.0,723.0
0.0,68.0,45.0,9.0,4.0,24.0,11.0,19.0,1.0,0.0,14.0,4.0,18.0,0.0,1.0,0.0,0.0,0.0,0.0,0.0,0.0,0.0,0.0,0.0,0.0,0.0,0.0,0.0,0.0,0.0,0.0,0.0,0.0,0.0,0.0,0.0,0.0,32.0,1057.0
0.0,32.0,46.0,5.0,10.0,26.0,9.0,27.0,0.0,0.0,7.0,0.0,6.0,2.0,3.0,3.0,1.0,0.0,0.0,0.0,0.0,0.0,0.0,0.0,0.0,0.0,0.0,0.0,0.0,0.0,0.0,0.0,0.0,0.0,0.0,0.0,0.0,16.0,386.0
3.0,200.0,107.0,20.0,22.0,59.0,24.0,70.0,3.0,2.0,27.0,12.0,21.0,2.0,4.0,0.0,0.0,3.0,0.0,0.0,1.0,0.0,0.0,0.0,0.0,0.0,0.0,0.0,0.0,0.0,0.0,0.0,0.0,0.0,0.0,0.0,0.0,13.0,285.0
2.0,58.0,21.0,2.0,6.0,26.0,5.0,18.0,0.0,1.0,11.0,0.0,6.0,10.0,0.0,1.0,1.0,0.0,0.0,0.0,0.0,0.0,0.0,0.0,0.0,0.0,0.0,0.0,0.0,0.0,0.0,0.0,0.0,0.0,0.0,0.0,0.0,32.0,926.0
1.0,67.0,102.0,7.0,18.0,48.0,11.0,35.0,1.0,0.0,13.0,4.0,11.0,5.0,1.0,4.0,1.0,0.0,1.0,0.0,0.0,0.0,0.0,0.0,0.0,0.0,0.0,0.0,0.0,0.0,0.0,0.0,0.0,0.0,0.0,0.0,0.0,13.0,262.0
16.0,282.0,224.0,52.0,32.0,149.0,37.0,72.0,10.0,1.0,29.0,16.0,53.0,11.0,3.0,0.0,0.0,0.0,0.0,0.0,0.0,0.0,0.0,0.0,0.0,1.0,0.0,1.0,0.0,0.0,0.0,0.0,0.0,0.0,0.0,0.0,0.0,14.0,529.0
6.0,54.0,18.0,7.0,11.0,19.0,9.0,21.0,0.0,1.0,4.0,3.0,11.0,1.0,1.0,0.0,0.0,1.0,0.0,0.0,0.0,0.0,0.0,0.0,0.0,0.0,0.0,0.0,0.0,0.0,0.0,0.0,0.0,0.0,0.0,0.0,0.0,77.0,1739.0
10.0,150.0,199.0,33.0,23.0,100.0,19.0,76.0,3.0,1.0,32.0,12.0,54.0,6.0,9.0,5.0,0.0,0.0,0.0,0.0,0.0,0.0,0.0,0.0,0.0,0.0,0.0,0.0,0.0,0.0,0.0,0.0,0.0,0.0,0.0,0.0,0.0,13.0,297.0
3.0,133.0,196.0,7.0,11.0,60.0,28.0,38.0,0.0,2.0,29.0,4.0,17.0,6.0,2.0,1.0,1.0,1.0,0.0,0.0,1.0,1.0,0.0,0.0,0.0,0.0,0.0,0.0,0.0,0.0,0.0,0.0,0.0,0.0,0.0,0.0,0.0,35.0,1259.0
3.0,107.0,80.0,18.0,13.0,68.0,25.0,64.0,0.0,0.0,29.0,1.0,22.0,6.0,7.0,3.0,2.0,0.0,0.0,0.0,0.0,0.0,0.0,0.0,0.0,0.0,0.0,0.0,0.0,0.0,0.0,0.0,0.0,0.0,0.0,0.0,0.0,27.0,868.0
6.0,106.0,154.0,16.0,5.0,58.0,25.0,47.0,4.0,0.0,20.0,10.0,26.0,5.0,1.0,5.0,0.0,4.0,0.0,0.0,0.0,0.0,0.0,0.0,0.0,0.0,0.0,0.0,0.0,0.0,0.0,0.0,0.0,0.0,0.0,0.0,0.0,27.0,750.0
2.0,34.0,29.0,5.0,2.0,9.0,8.0,7.0,0.0,0.0,5.0,0.0,4.0,1.0,0.0,0.0,0.0,0.0,0.0,0.0,0.0,0.0,0.0,0.0,0.0,0.0,0.0,0.0,0.0,0.0,0.0,0.0,0.0,0.0,0.0,0.0,0.0,25.0,805.0
7.0,151.0,118.0,30.0,20.0,91.0,11.0,76.0,4.0,1.0,35.0,5.0,36.0,2.0,2.0,4.0,2.0,0.0,1.0,0.0,0.0,0.0,0.0,0.0,2.0,1.0,0.0,0.0,0.0,0.0,0.0,0.0,0.0,0.0,0.0,0.0,0.0,8.0,174.0
7.0,265.0,173.0,68.0,51.0,129.0,10.0,81.0,12.0,0.0,46.0,8.0,45.0,4.0,14.0,0.0,0.0,1.0,0.0,0.0,0.0,0.0,0.0,0.0,0.0,0.0,0.0,0.0,0.0,0.0,0.0,0.0,0.0,0.0,0.0,0.0,0.0,54.0,1086.0
2.0,69.0,82.0,11.0,9.0,33.0,11.0,18.0,4.0,3.0,11.0,3.0,14.0,2.0,2.0,2.0,0.0,0.0,0.0,0.0,0.0,0.0,0.0,0.0,0.0,0.0,0.0,0.0,0.0,0.0,0.0,0.0,0.0,0.0,0.0,0.0,0.0,73.0,1881.0
10.0,278.0,314.0,34.0,59.0,129.0,48.0,66.0,6.0,1.0,42.0,7.0,46.0,16.0,2.0,4.0,2.0,0.0,0.0,0.0,0.0,0.0,0.0,0.0,0.0,0.0,1.0,0.0,0.0,0.0,0.0,0.0,0.0,0.0,0.0,0.0,0.0,13.0,457.0
3.0,111.0,51.0,21.0,15.0,58.0,4.0,46.0,5.0,6.0,32.0,3.0,17.0,3.0,6.0,0.0,0.0,3.0,0.0,0.0,0.0,0.0,0.0,0.0,0.0,0.0,0.0,2.0,0.0,0.0,0.0,0.0,0.0,0.0,0.0,0.0,0.0,69.0,1888.0
6.0,179.0,202.0,30.0,28.0,93.0,36.0,89.0,3.0,0.0,46.0,13.0,40.0,3.0,8.0,2.0,0.0,4.0,0.0,0.0,0.0,0.0,0.0,0.0,0.0,0.0,0.0,0.0,0.0,0.0,0.0,0.0,0.0,0.0,0.0,0.0,0.0,23.0,623.0
9.0,200.0,146.0,19.0,19.0,104.0,30.0,87.0,7.0,0.0,45.0,3.0,42.0,4.0,11.0,4.0,0.0,4.0,0.0,0.0,0.0,0.0,0.0,0.0,0.0,0.0,0.0,0.0,0.0,0.0,0.0,0.0,0.0,0.0,0.0,0.0,0.0,41.0,1261.0
1.0,41.0,51.0,4.0,5.0,24.0,11.0,14.0,0.0,1.0,7.0,1.0,8.0,3.0,0.0,1.0,0.0,0.0,0.0,0.0,0.0,0.0,0.0,0.0,0.0,0.0,0.0,0.0,0.0,0.0,0.0,0.0,0.0,0.0,0.0,0.0,0.0,48.0,1216.0
0.0,109.0,92.0,20.0,10.0,47.0,4.0,42.0,0.0,3.0,13.0,14.0,30.0,2.0,8.0,1.0,1.0,2.0,0.0,0.0,0.0,0.0,0.0,0.0,0.0,0.0,1.0,0.0,0.0,0.0,0.0,0.0,0.0,0.0,0.0,0.0,0.0,13.0,266.0
18.0,191.0,236.0,55.0,37.0,140.0,23.0,69.0,7.0,4.0,33.0,13.0,74.0,6.0,31.0,2.0,1.0,2.0,0.0,0.0,0.0,0.0,0.0,0.0,0.0,1.0,0.0,0.0,0.0,0.0,0.0,0.0,0.0,0.0,0.0,0.0,0.0,51.0,793.0
4.0,95.0,79.0,24.0,15.0,71.0,9.0,60.0,0.0,0.0,17.0,6.0,25.0,2.0,3.0,0.0,0.0,1.0,0.0,0.0,0.0,1.0,0.0,0.0,0.0,0.0,0.0,0.0,0.0,0.0,0.0,0.0,0.0,0.0,0.0,0.0,0.0,75.0,1832.0
3.0,40.0,21.0,6.0,4.0,18.0,5.0,17.0,1.0,1.0,10.0,0.0,4.0,2.0,1.0,0.0,0.0,1.0,0.0,0.0,1.0,0.0,0.0,0.0,0.0,0.0,0.0,0.0,0.0,0.0,0.0,0.0,0.0,0.0,0.0,0.0,0.0,37.0,782.0
12.0,191.0,77.0,29.0,30.0,116.0,12.0,67.0,5.0,2.0,16.0,6.0,26.0,6.0,5.0,2.0,0.0,3.0,0.0,0.0,0.0,0.0,0.0,0.0,0.0,0.0,0.0,0.0,0.0,0.0,0.0,0.0,0.0,0.0,0.0,0.0,0.0,8.0,216.0
18.0,277.0,210.0,93.0,67.0,218.0,39.0,152.0,8.0,3.0,28.0,16.0,59.0,8.0,28.0,5.0,1.0,3.0,0.0,0.0,1.0,0.0,0.0,0.0,0.0,0.0,0.0,0.0,0.0,0.0,0.0,0.0,0.0,0.0,0.0,0.0,0.0,54.0,1131.0
5.0,161.0,35.0,23.0,19.0,73.0,11.0,62.0,0.0,2.0,24.0,5.0,17.0,15.0,3.0,0.0,0.0,3.0,1.0,0.0,0.0,0.0,0.0,0.0,0.0,0.0,0.0,0.0,0.0,0.0,0.0,0.0,0.0,0.0,0.0,0.0,0.0,120.0,2388.0
0.0,49.0,82.0,8.0,5.0,31.0,21.0,37.0,0.0,1.0,6.0,0.0,4.0,5.0,4.0,1.0,0.0,0.0,0.0,0.0,0.0,0.0,0.0,0.0,0.0,0.0,0.0,0.0,0.0,0.0,0.0,0.0,0.0,0.0,0.0,0.0,0.0,29.0,753.0
13.0,132.0,99.0,31.0,21.0,87.0,11.0,65.0,1.0,1.0,17.0,5.0,21.0,4.0,9.0,9.0,0.0,1.0,0.0,0.0,0.0,0.0,0.0,0.0,0.0,0.0,0.0,0.0,0.0,0.0,0.0,0.0,0.0,0.0,0.0,0.0,0.0,54.0,398.0
6.0,69.0,36.0,16.0,9.0,49.0,6.0,23.0,6.0,2.0,16.0,4.0,12.0,1.0,3.0,1.0,0.0,0.0,0.0,0.0,0.0,1.0,0.0,0.0,0.0,0.0,0.0,0.0,0.0,0.0,0.0,0.0,0.0,0.0,0.0,0.0,0.0,50.0,941.0
10.0,231.0,195.0,50.0,46.0,114.0,41.0,144.0,7.0,2.0,41.0,7.0,42.0,18.0,7.0,8.0,2.0,1.0,0.0,0.0,0.0,0.0,0.0,0.0,0.0,0.0,0.0,0.0,0.0,0.0,0.0,0.0,0.0,0.0,0.0,0.0,0.0,19.0,454.0
2.0,96.0,145.0,10.0,12.0,59.0,21.0,34.0,4.0,1.0,28.0,10.0,22.0,1.0,3.0,3.0,0.0,1.0,0.0,0.0,1.0,1.0,0.0,0.0,0.0,0.0,0.0,0.0,0.0,0.0,0.0,0.0,0.0,0.0,0.0,0.0,0.0,66.0,1632.0
20.0,327.0,181.0,58.0,37.0,136.0,48.0,132.0,4.0,1.0,40.0,21.0,40.0,8.0,17.0,15.0,6.0,9.0,0.0,0.0,0.0,0.0,0.0,0.0,0.0,3.0,0.0,0.0,0.0,0.0,0.0,1.0,0.0,0.0,0.0,0.0,0.0,24.0,771.0
9.0,98.0,125.0,20.0,20.0,69.0,18.0,75.0,2.0,0.0,26.0,3.0,34.0,1.0,4.0,1.0,1.0,0.0,0.0,0.0,0.0,0.0,0.0,0.0,0.0,0.0,0.0,0.0,0.0,0.0,0.0,0.0,0.0,0.0,0.0,0.0,0.0,98.0,1977.0
0.0,8.0,20.0,0.0,4.0,13.0,3.0,10.0,0.0,0.0,0.0,0.0,3.0,0.0,1.0,0.0,0.0,0.0,0.0,0.0,0.0,0.0,0.0,0.0,0.0,0.0,0.0,0.0,0.0,0.0,0.0,0.0,0.0,0.0,0.0,0.0,0.0,30.0,868.0
4.0,112.0,84.0,29.0,16.0,77.0,7.0,55.0,2.0,1.0,20.0,14.0,25.0,4.0,8.0,1.0,0.0,0.0,0.0,0.0,0.0,1.0,0.0,0.0,0.0,0.0,0.0,0.0,0.0,0.0,0.0,0.0,0.0,0.0,0.0,0.0,0.0,4.0,96.0
4.0,129.0,82.0,13.0,10.0,63.0,26.0,50.0,2.0,0.0,26.0,0.0,28.0,0.0,6.0,0.0,0.0,2.0,0.0,0.0,0.0,1.0,0.0,0.0,0.0,0.0,0.0,0.0,0.0,0.0,0.0,0.0,0.0,0.0,0.0,0.0,0.0,39.0,807.0
6.0,65.0,29.0,2.0,7.0,30.0,7.0,31.0,5.0,0.0,8.0,3.0,13.0,0.0,4.0,2.0,0.0,0.0,0.0,0.0,0.0,0.0,0.0,0.0,0.0,0.0,0.0,0.0,0.0,0.0,0.0,0.0,0.0,0.0,0.0,0.0,0.0,26.0,697.0
0.0,0.0,0.0,0.0,0.0,0.0,0.0,0.0,0.0,0.0,0.0,0.0,0.0,0.0,0.0,0.0,0.0,0.0,0.0,0.0,0.0,0.0,0.0,0.0,0.0,0.0,0.0,0.0,0.0,0.0,0.0,0.0,0.0,0.0,0.0,0.0,0.0,18.0,355.0
14.0,206.0,137.0,26.0,31.0,116.0,35.0,108.0,2.0,0.0,48.0,8.0,49.0,6.0,13.0,3.0,0.0,3.0,0.0,0.0,1.0,0.0,0.0,0.0,0.0,0.0,0.0,0.0,0.0,0.0,0.0,0.0,0.0,0.0,0.0,0.0,0.0,0.0,0.0
2.0,37.0,44.0,4.0,6.0,13.0,11.0,15.0,2.0,0.0,4.0,1.0,5.0,0.0,0.0,0.0,0.0,0.0,0.0,0.0,1.0,0.0,0.0,0.0,0.0,0.0,0.0,0.0,0.0,0.0,0.0,0.0,0.0,0.0,0.0,0.0,0.0,39.0,1349.0
2.0,19.0,40.0,1.0,1.0,11.0,4.0,4.0,0.0,0.0,2.0,0.0,2.0,0.0,0.0,0.0,0.0,0.0,0.0,0.0,0.0,0.0,0.0,0.0,0.0,0.0,0.0,0.0,0.0,0.0,0.0,0.0,0.0,0.0,0.0,0.0,0.0,15.0,242.0
2.0,115.0,141.0,18.0,13.0,73.0,10.0,56.0,6.0,1.0,17.0,8.0,35.0,2.0,2.0,2.0,0.0,1.0,0.0,0.0,0.0,0.0,0.0,0.0,1.0,0.0,0.0,0.0,0.0,0.0,0.0,0.0,0.0,0.0,0.0,0.0,0.0,9.0,131.0
3.0,83.0,93.0,7.0,10.0,37.0,16.0,23.0,1.0,0.0,7.0,2.0,21.0,1.0,3.0,2.0,0.0,1.0,0.0,0.0,0.0,0.0,0.0,0.0,0.0,0.0,0.0,0.0,0.0,0.0,0.0,0.0,0.0,0.0,0.0,0.0,0.0,35.0,931.0
7.0,66.0,82.0,16.0,18.0,43.0,13.0,32.0,5.0,0.0,9.0,9.0,20.0,1.0,4.0,2.0,0.0,1.0,0.0,0.0,0.0,0.0,0.0,0.0,0.0,0.0,0.0,0.0,0.0,0.0,0.0,0.0,0.0,0.0,0.0,0.0,0.0,18.0,543.0
13.0,225.0,149.0,30.0,30.0,125.0,34.0,109.0,5.0,1.0,41.0,7.0,59.0,6.0,9.0,3.0,1.0,1.0,0.0,0.0,1.0,0.0,0.0,0.0,0.0,2.0,0.0,0.0,0.0,0.0,0.0,0.0,0.0,0.0,0.0,0.0,0.0,26.0,580.0
7.0,107.0,62.0,26.0,24.0,60.0,5.0,54.0,8.0,0.0,26.0,10.0,28.0,2.0,4.0,2.0,1.0,4.0,0.0,0.0,1.0,1.0,0.0,0.0,0.0,0.0,0.0,0.0,0.0,0.0,0.0,0.0,0.0,0.0,0.0,0.0,0.0,48.0,1464.0
0.0,26.0,20.0,3.0,2.0,15.0,0.0,11.0,0.0,0.0,11.0,0.0,1.0,1.0,1.0,0.0,0.0,0.0,0.0,0.0,0.0,0.0,0.0,0.0,0.0,0.0,0.0,0.0,0.0,0.0,0.0,0.0,0.0,0.0,0.0,0.0,0.0,44.0,774.0
1.0,97.0,48.0,12.0,17.0,37.0,19.0,38.0,0.0,1.0,16.0,2.0,5.0,7.0,2.0,5.0,0.0,1.0,0.0,0.0,0.0,0.0,0.0,0.0,0.0,0.0,0.0,0.0,0.0,0.0,0.0,0.0,0.0,0.0,0.0,0.0,0.0,3.0,150.0
4.0,101.0,83.0,14.0,10.0,93.0,6.0,64.0,3.0,1.0,29.0,5.0,21.0,2.0,3.0,1.0,0.0,4.0,0.0,0.0,0.0,0.0,0.0,0.0,0.0,0.0,0.0,0.0,0.0,0.0,0.0,0.0,0.0,0.0,0.0,0.0,0.0,24.0,537.0
1.0,34.0,45.0,7.0,5.0,23.0,8.0,22.0,2.0,0.0,9.0,3.0,13.0,1.0,0.0,0.0,0.0,0.0,0.0,0.0,0.0,0.0,0.0,0.0,0.0,0.0,0.0,0.0,0.0,0.0,0.0,0.0,0.0,0.0,0.0,0.0,0.0,25.0,737.0
1.0,40.0,55.0,2.0,9.0,28.0,16.0,8.0,0.0,1.0,5.0,0.0,2.0,1.0,0.0,0.0,0.0,0.0,0.0,0.0,1.0,0.0,0.0,0.0,0.0,0.0,0.0,0.0,0.0,0.0,0.0,0.0,0.0,0.0,0.0,0.0,0.0,10.0,296.0
10.0,217.0,110.0,21.0,28.0,78.0,14.0,60.0,0.0,1.0,44.0,11.0,9.0,7.0,4.0,2.0,0.0,1.0,0.0,0.0,0.0,0.0,0.0,0.0,0.0,0.0,0.0,0.0,0.0,0.0,0.0,0.0,0.0,0.0,0.0,0.0,0.0,19.0,265.0
3.0,106.0,61.0,11.0,10.0,31.0,10.0,37.0,2.0,3.0,15.0,3.0,16.0,4.0,0.0,2.0,3.0,1.0,0.0,0.0,0.0,0.0,0.0,0.0,0.0,0.0,0.0,0.0,0.0,0.0,0.0,0.0,0.0,0.0,0.0,0.0,0.0,34.0,1004.0
8.0,158.0,139.0,30.0,16.0,69.0,8.0,66.0,9.0,1.0,41.0,5.0,50.0,3.0,16.0,2.0,1.0,2.0,0.0,0.0,0.0,0.0,0.0,0.0,0.0,1.0,0.0,0.0,0.0,0.0,0.0,0.0,0.0,0.0,0.0,0.0,0.0,22.0,522.0
3.0,67.0,21.0,5.0,7.0,16.0,8.0,23.0,3.0,0.0,4.0,5.0,10.0,6.0,0.0,0.0,1.0,0.0,0.0,0.0,1.0,0.0,0.0,0.0,0.0,0.0,0.0,0.0,0.0,0.0,0.0,0.0,0.0,0.0,0.0,0.0,0.0,61.0,1245.0
19.0,273.0,253.0,44.0,63.0,113.0,64.0,156.0,11.0,1.0,36.0,22.0,48.0,16.0,23.0,2.0,2.0,1.0,1.0,0.0,0.0,0.0,0.0,0.0,3.0,2.0,0.0,1.0,0.0,0.0,0.0,0.0,0.0,0.0,0.0,0.0,0.0,15.0,307.0
15.0,138.0,207.0,24.0,26.0,60.0,33.0,72.0,8.0,2.0,36.0,10.0,50.0,2.0,2.0,8.0,0.0,0.0,0.0,0.0,0.0,0.0,0.0,0.0,0.0,0.0,0.0,0.0,0.0,0.0,0.0,0.0,0.0,0.0,0.0,0.0,0.0,105.0,2233.0
4.0,103.0,119.0,8.0,13.0,36.0,16.0,49.0,2.0,3.0,20.0,3.0,20.0,5.0,2.0,2.0,1.0,0.0,0.0,0.0,0.0,0.0,0.0,0.0,0.0,0.0,0.0,0.0,0.0,0.0,0.0,0.0,0.0,0.0,0.0,0.0,0.0,36.0,1178.0
9.0,298.0,203.0,47.0,33.0,129.0,66.0,104.0,5.0,1.0,21.0,5.0,42.0,9.0,3.0,0.0,0.0,2.0,0.0,0.0,1.0,1.0,0.0,0.0,3.0,0.0,0.0,0.0,0.0,0.0,0.0,0.0,0.0,0.0,0.0,0.0,0.0,24.0,659.0
0.0,11.0,25.0,1.0,2.0,5.0,3.0,5.0,0.0,0.0,1.0,1.0,1.0,1.0,0.0,0.0,0.0,0.0,0.0,0.0,0.0,0.0,0.0,0.0,0.0,0.0,0.0,0.0,0.0,0.0,0.0,0.0,0.0,0.0,0.0,0.0,1.0,60.0,1679.0
0.0,35.0,40.0,6.0,4.0,14.0,5.0,4.0,0.0,0.0,3.0,1.0,9.0,0.0,1.0,0.0,0.0,0.0,0.0,0.0,0.0,0.0,0.0,0.0,0.0,0.0,0.0,0.0,0.0,0.0,0.0,0.0,0.0,0.0,0.0,0.0,0.0,5.0,79.0
2.0,74.0,31.0,2.0,8.0,29.0,8.0,25.0,1.0,0.0,10.0,2.0,7.0,0.0,2.0,0.0,0.0,0.0,0.0,0.0,1.0,0.0,0.0,0.0,0.0,1.0,0.0,0.0,0.0,0.0,0.0,0.0,0.0,0.0,0.0,0.0,0.0,8.0,217.0
1.0,49.0,56.0,5.0,3.0,32.0,16.0,23.0,0.0,1.0,5.0,0.0,3.0,2.0,3.0,1.0,1.0,1.0,0.0,0.0,0.0,0.0,0.0,0.0,0.0,0.0,0.0,0.0,0.0,0.0,0.0,0.0,0.0,0.0,0.0,0.0,0.0,9.0,333.0
4.0,119.0,72.0,17.0,17.0,64.0,9.0,39.0,3.0,0.0,6.0,11.0,29.0,7.0,9.0,1.0,1.0,0.0,0.0,0.0,1.0,0.0,0.0,0.0,0.0,0.0,1.0,0.0,0.0,1.0,0.0,0.0,0.0,0.0,0.0,0.0,0.0,37.0,341.0
9.0,205.0,137.0,21.0,27.0,98.0,8.0,81.0,3.0,1.0,33.0,9.0,24.0,4.0,10.0,7.0,0.0,2.0,0.0,0.0,0.0,0.0,0.0,0.0,0.0,0.0,0.0,0.0,0.0,0.0,0.0,0.0,0.0,0.0,0.0,0.0,0.0,30.0,743.0
4.0,135.0,52.0,9.0,14.0,89.0,5.0,66.0,1.0,0.0,25.0,6.0,26.0,7.0,4.0,0.0,0.0,2.0,0.0,0.0,0.0,1.0,0.0,0.0,0.0,0.0,0.0,0.0,0.0,0.0,0.0,0.0,0.0,0.0,0.0,0.0,0.0,46.0,1181.0
13.0,232.0,117.0,31.0,19.0,138.0,21.0,68.0,1.0,1.0,32.0,8.0,27.0,2.0,7.0,2.0,1.0,6.0,0.0,0.0,0.0,0.0,0.0,0.0,0.0,0.0,0.0,1.0,0.0,0.0,0.0,0.0,0.0,0.0,0.0,0.0,0.0,42.0,761.0
4.0,94.0,74.0,15.0,17.0,60.0,6.0,57.0,1.0,0.0,25.0,3.0,20.0,2.0,1.0,0.0,1.0,5.0,0.0,0.0,0.0,0.0,0.0,0.0,0.0,0.0,0.0,0.0,0.0,0.0,0.0,0.0,0.0,0.0,0.0,0.0,0.0,39.0,1204.0
3.0,94.0,88.0,13.0,20.0,50.0,14.0,65.0,11.0,0.0,15.0,6.0,30.0,4.0,0.0,1.0,0.0,1.0,0.0,0.0,0.0,0.0,0.0,0.0,0.0,0.0,0.0,0.0,0.0,0.0,0.0,0.0,0.0,0.0,0.0,0.0,0.0,28.0,676.0
4.0,152.0,88.0,12.0,15.0,81.0,18.0,56.0,0.0,2.0,12.0,4.0,13.0,2.0,2.0,1.0,0.0,2.0,0.0,0.0,0.0,0.0,0.0,0.0,0.0,0.0,0.0,0.0,0.0,0.0,0.0,0.0,0.0,0.0,0.0,0.0,0.0,23.0,719.0
6.0,96.0,73.0,20.0,19.0,75.0,12.0,42.0,2.0,2.0,22.0,9.0,23.0,2.0,3.0,0.0,1.0,0.0,0.0,0.0,0.0,0.0,0.0,0.0,0.0,0.0,0.0,0.0,0.0,0.0,0.0,0.0,0.0,0.0,0.0,0.0,0.0,27.0,760.0
1.0,26.0,59.0,6.0,24.0,28.0,16.0,27.0,3.0,0.0,11.0,3.0,3.0,3.0,0.0,2.0,0.0,0.0,0.0,0.0,0.0,0.0,0.0,0.0,0.0,0.0,0.0,0.0,0.0,0.0,0.0,0.0,0.0,0.0,0.0,0.0,0.0,31.0,704.0
1.0,25.0,42.0,2.0,4.0,9.0,10.0,22.0,1.0,0.0,4.0,3.0,6.0,1.0,1.0,0.0,0.0,1.0,0.0,0.0,0.0,0.0,0.0,0.0,0.0,0.0,0.0,0.0,0.0,0.0,0.0,0.0,0.0,0.0,0.0,0.0,0.0,19.0,383.0
2.0,82.0,84.0,19.0,22.0,65.0,4.0,43.0,6.0,0.0,14.0,9.0,17.0,0.0,2.0,3.0,0.0,0.0,0.0,0.0,0.0,0.0,0.0,0.0,0.0,0.0,0.0,0.0,0.0,0.0,0.0,0.0,0.0,0.0,0.0,0.0,0.0,9.0,226.0
7.0,214.0,213.0,20.0,25.0,102.0,30.0,63.0,6.0,1.0,44.0,13.0,49.0,3.0,3.0,7.0,1.0,2.0,0.0,0.0,0.0,1.0,0.0,0.0,0.0,0.0,0.0,0.0,0.0,0.0,0.0,0.0,0.0,0.0,0.0,0.0,0.0,34.0,656.0
11.0,430.0,248.0,69.0,46.0,307.0,17.0,216.0,9.0,2.0,59.0,21.0,68.0,20.0,21.0,0.0,2.0,1.0,0.0,0.0,0.0,0.0,0.0,0.0,0.0,1.0,0.0,0.0,0.0,0.0,0.0,1.0,0.0,0.0,0.0,0.0,0.0,47.0,1381.0
174.0,3565.0,2967.0,524.0,665.0,1969.0,396.0,2022.0,46.0,46.0,572.0,225.0,505.0,192.0,128.0,89.0,26.0,41.0,2.0,0.0,1.0,6.0,0.0,0.0,6.0,5.0,1.0,1.0,0.0,3.0,0.0,0.0,0.0,0.0,0.0,0.0,2.0,108.0,2808.0
5.0,106.0,100.0,17.0,18.0,44.0,20.0,67.0,1.0,1.0,17.0,10.0,19.0,8.0,2.0,1.0,2.0,2.0,0.0,0.0,0.0,0.0,0.0,0.0,0.0,1.0,0.0,0.0,0.0,0.0,0.0,0.0,0.0,0.0,0.0,0.0,0.0,1117.0,24337.0
13.0,185.0,283.0,25.0,26.0,107.0,35.0,89.0,7.0,0.0,33.0,14.0,42.0,4.0,8.0,5.0,2.0,1.0,0.0,0.0,1.0,0.0,0.0,0.0,0.0,0.0,0.0,0.0,0.0,0.0,0.0,0.0,0.0,0.0,0.0,0.0,0.0,28.0,765.0
3.0,122.0,74.0,24.0,18.0,69.0,6.0,47.0,0.0,0.0,28.0,5.0,28.0,0.0,4.0,1.0,0.0,0.0,0.0,0.0,0.0,1.0,0.0,0.0,0.0,0.0,0.0,0.0,0.0,0.0,0.0,0.0,0.0,0.0,0.0,0.0,0.0,57.0,1473.0
5.0,72.0,23.0,11.0,12.0,14.0,5.0,39.0,4.0,3.0,16.0,4.0,15.0,1.0,0.0,0.0,0.0,0.0,0.0,0.0,0.0,0.0,0.0,0.0,0.0,0.0,0.0,0.0,0.0,0.0,0.0,0.0,0.0,0.0,0.0,0.0,0.0,30.0,757.0
9.0,56.0,51.0,7.0,4.0,17.0,10.0,16.0,2.0,0.0,4.0,5.0,12.0,1.0,0.0,0.0,0.0,1.0,0.0,0.0,0.0,0.0,0.0,0.0,0.0,0.0,0.0,0.0,0.0,0.0,0.0,0.0,0.0,0.0,0.0,0.0,0.0,16.0,385.0
12.0,153.0,130.0,32.0,13.0,75.0,22.0,81.0,5.0,0.0,43.0,9.0,31.0,6.0,3.0,4.0,0.0,2.0,0.0,0.0,0.0,0.0,0.0,0.0,0.0,0.0,0.0,0.0,0.0,0.0,0.0,0.0,0.0,0.0,0.0,0.0,0.0,12.0,312.0
4.0,72.0,62.0,15.0,12.0,34.0,14.0,39.0,1.0,2.0,18.0,3.0,14.0,7.0,2.0,1.0,0.0,0.0,0.0,0.0,0.0,0.0,0.0,0.0,0.0,0.0,0.0,0.0,0.0,0.0,0.0,0.0,0.0,0.0,0.0,0.0,0.0,37.0,1019.0
4.0,100.0,105.0,21.0,15.0,56.0,8.0,36.0,2.0,2.0,7.0,10.0,19.0,7.0,2.0,1.0,1.0,0.0,0.0,0.0,1.0,0.0,0.0,0.0,0.0,0.0,0.0,0.0,0.0,0.0,0.0,0.0,0.0,0.0,0.0,0.0,0.0,18.0,489.0
6.0,75.0,70.0,14.0,11.0,42.0,13.0,24.0,4.0,1.0,15.0,9.0,17.0,2.0,3.0,2.0,0.0,3.0,0.0,0.0,0.0,0.0,0.0,0.0,0.0,0.0,0.0,0.0,0.0,0.0,0.0,0.0,0.0,0.0,0.0,0.0,0.0,46.0,714.0
6.0,220.0,116.0,34.0,19.0,155.0,33.0,102.0,2.0,1.0,29.0,10.0,33.0,11.0,9.0,0.0,2.0,2.0,0.0,0.0,0.0,0.0,0.0,0.0,0.0,0.0,1.0,0.0,0.0,0.0,0.0,0.0,0.0,0.0,0.0,0.0,0.0,25.0,547.0
0.0,10.0,12.0,1.0,0.0,8.0,2.0,0.0,0.0,0.0,1.0,0.0,1.0,0.0,1.0,0.0,0.0,0.0,0.0,0.0,0.0,0.0,0.0,0.0,0.0,0.0,0.0,0.0,0.0,0.0,0.0,0.0,0.0,0.0,0.0,0.0,0.0,47.0,1352.0
7.0,70.0,138.0,20.0,30.0,63.0,7.0,71.0,4.0,4.0,24.0,5.0,10.0,2.0,11.0,0.0,0.0,1.0,0.0,0.0,0.0,0.0,0.0,0.0,0.0,0.0,0.0,0.0,0.0,0.0,0.0,0.0,0.0,0.0,0.0,0.0,0.0,3.0,50.0
4.0,175.0,148.0,11.0,30.0,97.0,13.0,53.0,6.0,0.0,24.0,10.0,20.0,3.0,4.0,5.0,1.0,0.0,0.0,0.0,1.0,0.0,1.0,0.0,0.0,0.0,0.0,0.0,0.0,0.0,0.0,0.0,0.0,0.0,0.0,0.0,0.0,36.0,769.0
2.0,55.0,56.0,11.0,3.0,21.0,15.0,30.0,0.0,5.0,10.0,1.0,7.0,1.0,3.0,2.0,0.0,0.0,0.0,0.0,0.0,0.0,0.0,0.0,1.0,0.0,0.0,0.0,0.0,0.0,0.0,0.0,0.0,0.0,0.0,0.0,0.0,56.0,1081.0
2.0,92.0,78.0,12.0,6.0,33.0,22.0,32.0,1.0,1.0,13.0,1.0,19.0,4.0,2.0,2.0,1.0,0.0,0.0,0.0,2.0,0.0,0.0,0.0,0.0,0.0,0.0,0.0,0.0,0.0,0.0,0.0,0.0,0.0,0.0,0.0,0.0,41.0,393.0
12.0,160.0,91.0,16.0,17.0,93.0,20.0,64.0,4.0,5.0,27.0,7.0,14.0,1.0,1.0,4.0,2.0,4.0,0.0,0.0,0.0,0.0,0.0,0.0,0.0,0.0,0.0,0.0,0.0,0.0,0.0,0.0,0.0,0.0,0.0,0.0,0.0,35.0,548.0
7.0,79.0,36.0,15.0,8.0,40.0,13.0,33.0,5.0,3.0,24.0,1.0,21.0,1.0,3.0,0.0,1.0,0.0,0.0,0.0,0.0,0.0,0.0,0.0,0.0,0.0,0.0,0.0,0.0,0.0,0.0,0.0,0.0,0.0,0.0,0.0,0.0,28.0,844.0
5.0,73.0,73.0,13.0,8.0,50.0,9.0,52.0,0.0,0.0,20.0,10.0,25.0,1.0,3.0,1.0,0.0,0.0,0.0,0.0,0.0,0.0,0.0,0.0,0.0,0.0,0.0,0.0,0.0,0.0,0.0,0.0,0.0,0.0,0.0,0.0,0.0,19.0,540.0
3.0,67.0,118.0,18.0,13.0,51.0,12.0,49.0,1.0,1.0,11.0,2.0,16.0,6.0,7.0,4.0,1.0,0.0,0.0,0.0,0.0,0.0,0.0,0.0,0.0,0.0,0.0,0.0,0.0,0.0,0.0,0.0,0.0,0.0,0.0,0.0,0.0,22.0,648.0
3.0,201.0,215.0,22.0,22.0,72.0,23.0,76.0,0.0,1.0,50.0,20.0,41.0,2.0,6.0,5.0,1.0,4.0,0.0,0.0,0.0,1.0,0.0,0.0,0.0,0.0,0.0,0.0,0.0,0.0,0.0,0.0,0.0,0.0,0.0,0.0,0.0,23.0,636.0
7.0,153.0,112.0,13.0,9.0,80.0,28.0,64.0,2.0,0.0,21.0,3.0,31.0,4.0,3.0,3.0,0.0,0.0,0.0,0.0,0.0,0.0,0.0,0.0,0.0,0.0,0.0,0.0,0.0,0.0,0.0,0.0,0.0,0.0,0.0,0.0,0.0,34.0,1274.0
0.0,14.0,12.0,0.0,4.0,10.0,3.0,6.0,0.0,0.0,1.0,0.0,5.0,0.0,0.0,0.0,0.0,1.0,0.0,0.0,0.0,0.0,0.0,0.0,0.0,0.0,0.0,0.0,0.0,0.0,0.0,0.0,0.0,0.0,0.0,0.0,0.0,27.0,865.0
1.0,32.0,19.0,5.0,1.0,18.0,8.0,12.0,0.0,0.0,3.0,1.0,7.0,0.0,0.0,0.0,0.0,0.0,0.0,0.0,0.0,0.0,0.0,0.0,0.0,0.0,0.0,0.0,0.0,0.0,0.0,0.0,0.0,0.0,0.0,0.0,0.0,4.0,95.0
6.0,124.0,48.0,6.0,10.0,56.0,15.0,34.0,0.0,2.0,24.0,5.0,14.0,4.0,0.0,2.0,0.0,1.0,0.0,0.0,0.0,0.0,0.0,0.0,0.0,0.0,0.0,0.0,0.0,0.0,0.0,0.0,0.0,0.0,0.0,0.0,0.0,10.0,182.0
17.0,237.0,80.0,27.0,34.0,90.0,24.0,89.0,2.0,2.0,24.0,7.0,15.0,7.0,2.0,1.0,0.0,2.0,0.0,0.0,0.0,0.0,0.0,0.0,0.0,0.0,0.0,0.0,0.0,0.0,0.0,0.0,0.0,0.0,0.0,0.0,0.0,31.0,562.0
5.0,86.0,77.0,14.0,10.0,36.0,7.0,30.0,4.0,1.0,14.0,5.0,21.0,4.0,5.0,4.0,1.0,1.0,1.0,0.0,0.0,0.0,0.0,0.0,0.0,1.0,0.0,0.0,0.0,0.0,0.0,0.0,0.0,0.0,0.0,0.0,0.0,39.0,1102.0
1.0,86.0,61.0,17.0,9.0,36.0,10.0,47.0,5.0,3.0,13.0,2.0,15.0,2.0,9.0,1.0,0.0,3.0,0.0,0.0,1.0,0.0,0.0,0.0,0.0,1.0,0.0,1.0,0.0,0.0,0.0,0.0,0.0,0.0,0.0,0.0,0.0,35.0,572.0
9.0,199.0,178.0,20.0,19.0,101.0,31.0,82.0,4.0,0.0,41.0,5.0,33.0,6.0,3.0,5.0,0.0,0.0,0.0,0.0,1.0,0.0,0.0,0.0,0.0,0.0,0.0,0.0,0.0,0.0,0.0,0.0,0.0,0.0,0.0,0.0,0.0,21.0,597.0
3.0,47.0,56.0,3.0,0.0,26.0,11.0,19.0,1.0,0.0,6.0,3.0,9.0,1.0,0.0,0.0,0.0,0.0,0.0,0.0,0.0,0.0,0.0,0.0,0.0,0.0,0.0,0.0,0.0,0.0,0.0,0.0,0.0,0.0,0.0,0.0,0.0,40.0,1210.0
2.0,72.0,48.0,6.0,7.0,16.0,7.0,17.0,0.0,0.0,8.0,1.0,12.0,3.0,2.0,0.0,0.0,0.0,0.0,0.0,0.0,0.0,0.0,0.0,0.0,0.0,0.0,0.0,0.0,0.0,0.0,0.0,0.0,0.0,0.0,0.0,0.0,13.0,297.0
5.0,128.0,145.0,24.0,12.0,62.0,24.0,65.0,6.0,0.0,19.0,7.0,32.0,3.0,1.0,4.0,0.0,2.0,0.0,0.0,0.0,0.0,0.0,0.0,0.0,0.0,0.0,0.0,0.0,0.0,0.0,0.0,0.0,0.0,0.0,0.0,0.0,20.0,356.0
0.0,0.0,0.0,0.0,0.0,0.0,0.0,0.0,0.0,0.0,0.0,0.0,0.0,0.0,0.0,0.0,0.0,0.0,0.0,0.0,0.0,0.0,0.0,0.0,0.0,0.0,0.0,0.0,0.0,0.0,0.0,0.0,0.0,0.0,0.0,0.0,0.0,26.0,939.0
10.0,174.0,162.0,26.0,15.0,105.0,22.0,69.0,0.0,0.0,32.0,10.0,39.0,7.0,3.0,6.0,0.0,1.0,0.0,0.0,1.0,0.0,0.0,0.0,0.0,0.0,0.0,0.0,0.0,0.0,0.0,0.0,0.0,0.0,0.0,0.0,0.0,0.0,0.0
4.0,34.0,31.0,3.0,3.0,11.0,6.0,4.0,1.0,0.0,1.0,0.0,4.0,3.0,0.0,0.0,1.0,0.0,0.0,0.0,0.0,0.0,0.0,0.0,0.0,0.0,0.0,0.0,0.0,0.0,0.0,0.0,0.0,0.0,0.0,0.0,0.0,31.0,1181.0
1.0,33.0,30.0,1.0,3.0,14.0,4.0,14.0,0.0,0.0,1.0,2.0,3.0,4.0,2.0,1.0,0.0,0.0,0.0,0.0,0.0,0.0,0.0,0.0,0.0,0.0,0.0,0.0,0.0,0.0,0.0,0.0,0.0,0.0,0.0,0.0,0.0,8.0,166.0
1.0,32.0,23.0,3.0,1.0,17.0,7.0,12.0,0.0,0.0,4.0,0.0,6.0,2.0,1.0,1.0,0.0,0.0,0.0,0.0,0.0,0.0,0.0,0.0,0.0,0.0,0.0,0.0,0.0,0.0,0.0,0.0,0.0,0.0,0.0,0.0,0.0,11.0,172.0
3.0,132.0,75.0,20.0,14.0,60.0,2.0,47.0,2.0,0.0,24.0,7.0,27.0,3.0,0.0,1.0,1.0,0.0,0.0,0.0,0.0,0.0,0.0,0.0,0.0,0.0,0.0,0.0,0.0,0.0,0.0,0.0,0.0,0.0,0.0,0.0,0.0,13.0,164.0
12.0,74.0,36.0,12.0,12.0,33.0,19.0,43.0,0.0,4.0,17.0,4.0,8.0,7.0,1.0,1.0,2.0,0.0,0.0,0.0,1.0,2.0,0.0,0.0,0.0,0.0,0.0,0.0,0.0,0.0,0.0,0.0,0.0,0.0,0.0,0.0,0.0,29.0,768.0
5.0,88.0,87.0,16.0,17.0,43.0,20.0,50.0,3.0,0.0,18.0,5.0,23.0,8.0,6.0,0.0,1.0,0.0,0.0,0.0,0.0,0.0,0.0,0.0,0.0,1.0,0.0,0.0,0.0,0.0,0.0,0.0,0.0,0.0,0.0,0.0,0.0,25.0,465.0
6.0,97.0,84.0,8.0,20.0,74.0,6.0,47.0,0.0,1.0,22.0,6.0,15.0,3.0,1.0,0.0,0.0,0.0,0.0,0.0,0.0,2.0,0.0,0.0,0.0,0.0,0.0,0.0,0.0,0.0,0.0,0.0,0.0,0.0,0.0,0.0,0.0,41.0,670.0
8.0,296.0,185.0,57.0,70.0,183.0,64.0,191.0,3.0,2.0,54.0,14.0,38.0,5.0,12.0,10.0,0.0,1.0,0.0,0.0,0.0,0.0,0.0,0.0,3.0,0.0,0.0,0.0,0.0,0.0,0.0,0.0,1.0,0.0,0.0,0.0,0.0,34.0,701.0
12.0,186.0,76.0,11.0,23.0,87.0,13.0,62.0,3.0,5.0,26.0,5.0,6.0,4.0,4.0,3.0,1.0,3.0,0.0,0.0,2.0,0.0,0.0,0.0,0.0,0.0,0.0,0.0,0.0,0.0,0.0,0.0,0.0,0.0,0.0,0.0,0.0,72.0,2102.0
0.0,19.0,21.0,1.0,7.0,13.0,4.0,22.0,1.0,0.0,7.0,0.0,1.0,0.0,1.0,0.0,0.0,0.0,0.0,0.0,0.0,0.0,0.0,0.0,0.0,0.0,0.0,0.0,0.0,0.0,0.0,0.0,0.0,0.0,0.0,0.0,0.0,36.0,885.0
0.0,27.0,13.0,4.0,4.0,12.0,4.0,10.0,0.0,0.0,1.0,1.0,4.0,0.0,0.0,0.0,0.0,0.0,0.0,0.0,0.0,0.0,0.0,0.0,0.0,0.0,0.0,0.0,0.0,0.0,0.0,0.0,0.0,0.0,0.0,0.0,0.0,5.0,158.0
0.0,13.0,30.0,1.0,3.0,8.0,6.0,5.0,1.0,0.0,3.0,0.0,2.0,0.0,0.0,0.0,0.0,0.0,0.0,0.0,0.0,0.0,0.0,0.0,0.0,0.0,0.0,0.0,0.0,0.0,0.0,0.0,0.0,0.0,0.0,0.0,0.0,6.0,141.0
4.0,106.0,36.0,4.0,16.0,36.0,9.0,27.0,0.0,1.0,11.0,2.0,12.0,9.0,0.0,2.0,0.0,1.0,0.0,0.0,1.0,0.0,0.0,0.0,0.0,0.0,0.0,0.0,0.0,0.0,0.0,0.0,0.0,0.0,0.0,0.0,0.0,6.0,105.0
5.0,111.0,67.0,24.0,20.0,55.0,11.0,51.0,1.0,0.0,9.0,7.0,13.0,5.0,3.0,2.0,1.0,2.0,0.0,0.0,0.0,0.0,0.0,0.0,0.0,0.0,0.0,0.0,0.0,0.0,0.0,0.0,0.0,0.0,0.0,0.0,0.0,18.0,436.0
6.0,116.0,44.0,27.0,7.0,63.0,10.0,37.0,4.0,2.0,16.0,2.0,28.0,2.0,1.0,1.0,1.0,3.0,0.0,0.0,1.0,0.0,0.0,0.0,0.0,0.0,0.0,1.0,0.0,0.0,0.0,0.0,0.0,0.0,0.0,0.0,0.0,41.0,717.0
3.0,53.0,38.0,5.0,5.0,32.0,7.0,17.0,0.0,0.0,13.0,3.0,10.0,3.0,2.0,1.0,0.0,0.0,0.0,0.0,0.0,0.0,0.0,0.0,0.0,0.0,0.0,0.0,0.0,0.0,0.0,0.0,0.0,0.0,0.0,0.0,0.0,31.0,610.0
6.0,80.0,131.0,20.0,17.0,37.0,29.0,32.0,2.0,3.0,11.0,0.0,17.0,14.0,5.0,0.0,0.0,0.0,0.0,0.0,1.0,0.0,0.0,0.0,0.0,1.0,0.0,0.0,0.0,0.0,0.0,0.0,0.0,0.0,0.0,0.0,0.0,11.0,309.0
1.0,64.0,71.0,18.0,7.0,44.0,16.0,51.0,3.0,0.0,17.0,3.0,24.0,8.0,3.0,8.0,1.0,0.0,0.0,0.0,0.0,0.0,0.0,0.0,0.0,0.0,0.0,0.0,0.0,0.0,0.0,0.0,0.0,0.0,0.0,0.0,0.0,32.0,733.0
0.0,54.0,68.0,8.0,5.0,36.0,12.0,30.0,1.0,0.0,5.0,1.0,17.0,2.0,0.0,1.0,0.0,0.0,0.0,0.0,0.0,0.0,0.0,0.0,1.0,0.0,0.0,0.0,0.0,0.0,0.0,0.0,0.0,0.0,0.0,0.0,0.0,46.0,571.0
2.0,134.0,184.0,28.0,18.0,82.0,34.0,79.0,7.0,5.0,22.0,5.0,50.0,19.0,4.0,4.0,0.0,1.0,0.0,0.0,0.0,0.0,0.0,0.0,0.0,1.0,0.0,0.0,0.0,0.0,0.0,0.0,0.0,0.0,0.0,0.0,0.0,21.0,417.0
2.0,114.0,134.0,23.0,11.0,70.0,10.0,49.0,1.0,0.0,19.0,8.0,30.0,4.0,3.0,3.0,0.0,1.0,0.0,0.0,0.0,0.0,0.0,0.0,0.0,0.0,0.0,0.0,0.0,0.0,0.0,0.0,0.0,0.0,0.0,0.0,0.0,32.0,1195.0
11.0,190.0,116.0,26.0,17.0,88.0,31.0,83.0,7.0,1.0,21.0,3.0,31.0,5.0,3.0,5.0,0.0,1.0,0.0,0.0,0.0,0.0,0.0,0.0,1.0,0.0,0.0,0.0,0.0,0.0,0.0,0.0,0.0,0.0,0.0,0.0,0.0,36.0,835.0
6.0,80.0,64.0,11.0,11.0,54.0,7.0,34.0,3.0,0.0,8.0,6.0,21.0,3.0,3.0,0.0,0.0,0.0,0.0,0.0,0.0,0.0,0.0,0.0,0.0,1.0,0.0,0.0,0.0,0.0,0.0,0.0,0.0,0.0,0.0,0.0,0.0,49.0,1088.0
7.0,136.0,66.0,9.0,19.0,51.0,13.0,58.0,1.0,1.0,31.0,4.0,11.0,7.0,2.0,1.0,1.0,1.0,0.0,0.0,1.0,0.0,0.0,0.0,0.0,0.0,0.0,0.0,0.0,0.0,0.0,0.0,0.0,0.0,0.0,0.0,0.0,19.0,567.0
5.0,100.0,80.0,13.0,13.0,48.0,18.0,46.0,3.0,2.0,23.0,3.0,27.0,2.0,2.0,2.0,0.0,1.0,0.0,0.0,1.0,0.0,0.0,0.0,0.0,0.0,0.0,0.0,0.0,0.0,0.0,0.0,0.0,0.0,0.0,0.0,0.0,29.0,669.0
2.0,67.0,56.0,11.0,23.0,28.0,11.0,35.0,3.0,2.0,8.0,1.0,9.0,14.0,0.0,1.0,6.0,0.0,0.0,0.0,0.0,0.0,0.0,0.0,0.0,0.0,0.0,0.0,0.0,0.0,0.0,0.0,0.0,0.0,0.0,0.0,0.0,34.0,641.0
4.0,88.0,110.0,9.0,5.0,44.0,15.0,36.0,0.0,0.0,7.0,5.0,19.0,4.0,4.0,3.0,0.0,0.0,0.0,0.0,0.0,0.0,0.0,0.0,0.0,0.0,1.0,0.0,0.0,0.0,0.0,0.0,0.0,0.0,0.0,0.0,0.0,13.0,465.0
2.0,58.0,65.0,8.0,9.0,28.0,18.0,21.0,2.0,1.0,7.0,2.0,15.0,1.0,1.0,0.0,1.0,1.0,0.0,0.0,0.0,0.0,0.0,0.0,0.0,0.0,0.0,0.0,0.0,0.0,0.0,0.0,0.0,0.0,0.0,0.0,0.0,21.0,598.0
3.0,82.0,73.0,19.0,8.0,40.0,8.0,31.0,2.0,0.0,13.0,4.0,19.0,3.0,4.0,1.0,0.0,0.0,0.0,0.0,0.0,0.0,0.0,0.0,0.0,0.0,0.0,0.0,0.0,0.0,0.0,0.0,0.0,0.0,0.0,0.0,0.0,11.0,425.0
17.0,345.0,124.0,72.0,53.0,224.0,13.0,101.0,15.0,0.0,39.0,17.0,82.0,6.0,12.0,1.0,1.0,2.0,0.0,0.0,0.0,0.0,0.0,0.0,0.0,0.0,0.0,0.0,0.0,0.0,0.0,0.0,0.0,0.0,0.0,0.0,0.0,26.0,548.0
3.0,119.0,89.0,14.0,9.0,54.0,12.0,20.0,2.0,4.0,11.0,5.0,13.0,0.0,1.0,11.0,2.0,1.0,0.0,0.0,0.0,0.0,0.0,0.0,0.0,0.0,0.0,0.0,0.0,0.0,0.0,0.0,0.0,0.0,0.0,0.0,0.0,95.0,2126.0
1.0,67.0,35.0,7.0,8.0,47.0,8.0,17.0,6.0,0.0,8.0,3.0,11.0,0.0,3.0,2.0,1.0,1.0,0.0,0.0,1.0,0.0,0.0,0.0,0.0,0.0,0.0,0.0,0.0,0.0,0.0,0.0,0.0,0.0,0.0,0.0,0.0,29.0,672.0
16.0,187.0,84.0,42.0,31.0,113.0,18.0,92.0,1.0,1.0,33.0,6.0,40.0,7.0,12.0,0.0,1.0,4.0,0.0,0.0,0.0,0.0,0.0,0.0,0.0,6.0,1.0,0.0,0.0,0.0,0.0,0.0,0.0,0.0,0.0,0.0,0.0,17.0,386.0
4.0,98.0,66.0,31.0,9.0,61.0,4.0,42.0,0.0,0.0,18.0,11.0,17.0,3.0,6.0,0.0,0.0,2.0,0.0,0.0,1.0,0.0,0.0,0.0,0.0,1.0,0.0,0.0,0.0,0.0,0.0,0.0,0.0,0.0,0.0,0.0,0.0,42.0,1365.0
5.0,86.0,90.0,14.0,7.0,43.0,35.0,11.0,0.0,0.0,12.0,0.0,4.0,3.0,1.0,3.0,1.0,0.0,0.0,0.0,0.0,0.0,0.0,0.0,0.0,0.0,0.0,0.0,0.0,0.0,0.0,0.0,0.0,0.0,0.0,0.0,0.0,34.0,674.0
7.0,94.0,119.0,15.0,13.0,49.0,36.0,20.0,3.0,1.0,13.0,2.0,13.0,11.0,6.0,1.0,2.0,0.0,0.0,0.0,0.0,0.0,0.0,0.0,0.0,0.0,0.0,0.0,0.0,0.0,0.0,0.0,0.0,0.0,0.0,0.0,0.0,20.0,534.0
2.0,157.0,169.0,22.0,12.0,65.0,24.0,70.0,2.0,1.0,26.0,13.0,50.0,13.0,2.0,8.0,0.0,0.0,0.0,0.0,0.0,0.0,0.0,0.0,0.0,0.0,0.0,0.0,0.0,0.0,0.0,0.0,0.0,0.0,0.0,0.0,0.0,26.0,715.0
0.0,3.0,6.0,0.0,0.0,1.0,0.0,0.0,0.0,0.0,0.0,1.0,1.0,0.0,0.0,0.0,0.0,0.0,0.0,0.0,0.0,0.0,0.0,0.0,0.0,0.0,0.0,0.0,0.0,0.0,0.0,0.0,0.0,0.0,0.0,0.0,0.0,30.0,1060.0
8.0,158.0,182.0,33.0,10.0,96.0,29.0,66.0,6.0,1.0,41.0,7.0,56.0,5.0,7.0,2.0,1.0,1.0,0.0,0.0,0.0,0.0,0.0,0.0,0.0,0.0,0.0,0.0,0.0,0.0,0.0,0.0,0.0,0.0,0.0,0.0,0.0,1.0,16.0
5.0,210.0,249.0,33.0,27.0,130.0,49.0,109.0,4.0,0.0,36.0,13.0,53.0,6.0,4.0,5.0,0.0,2.0,0.0,0.0,0.0,0.0,0.0,0.0,0.0,1.0,0.0,0.0,0.0,0.0,0.0,0.0,0.0,0.0,0.0,0.0,0.0,32.0,1219.0
1.0,29.0,12.0,4.0,3.0,17.0,9.0,19.0,1.0,1.0,1.0,1.0,3.0,2.0,0.0,0.0,0.0,6.0,0.0,0.0,0.0,0.0,0.0,0.0,0.0,0.0,0.0,0.0,0.0,0.0,0.0,0.0,0.0,0.0,0.0,0.0,0.0,66.0,1641.0
6.0,174.0,189.0,28.0,14.0,83.0,26.0,69.0,7.0,1.0,33.0,12.0,71.0,3.0,3.0,4.0,0.0,1.0,0.0,0.0,0.0,0.0,0.0,0.0,0.0,0.0,0.0,0.0,0.0,0.0,0.0,0.0,1.0,0.0,0.0,0.0,0.0,9.0,169.0
0.0,46.0,53.0,6.0,5.0,39.0,10.0,26.0,3.0,0.0,4.0,2.0,6.0,2.0,3.0,1.0,0.0,0.0,0.0,0.0,0.0,0.0,0.0,0.0,0.0,0.0,0.0,0.0,0.0,0.0,0.0,0.0,0.0,0.0,0.0,0.0,0.0,26.0,1239.0
0.0,12.0,17.0,1.0,0.0,15.0,3.0,16.0,0.0,0.0,7.0,0.0,2.0,1.0,1.0,0.0,0.0,1.0,0.0,0.0,0.0,0.0,0.0,0.0,0.0,0.0,0.0,0.0,0.0,0.0,0.0,0.0,0.0,0.0,0.0,0.0,0.0,10.0,346.0
4.0,120.0,136.0,11.0,10.0,80.0,24.0,50.0,3.0,1.0,23.0,9.0,30.0,8.0,3.0,2.0,0.0,3.0,0.0,0.0,0.0,0.0,0.0,0.0,0.0,0.0,0.0,0.0,0.0,0.0,0.0,0.0,0.0,0.0,0.0,0.0,0.0,6.0,108.0
0.0,67.0,84.0,15.0,1.0,41.0,19.0,34.0,0.0,1.0,13.0,4.0,21.0,8.0,0.0,0.0,1.0,0.0,0.0,0.0,0.0,0.0,0.0,0.0,0.0,0.0,0.0,0.0,0.0,0.0,0.0,0.0,0.0,0.0,0.0,0.0,0.0,28.0,837.0
6.0,72.0,64.0,19.0,14.0,48.0,4.0,34.0,2.0,0.0,14.0,17.0,16.0,3.0,1.0,4.0,0.0,0.0,0.0,0.0,0.0,0.0,0.0,0.0,0.0,0.0,0.0,0.0,0.0,0.0,0.0,0.0,0.0,0.0,0.0,0.0,0.0,18.0,487.0
0.0,0.0,0.0,0.0,0.0,0.0,0.0,0.0,0.0,0.0,0.0,0.0,0.0,0.0,0.0,0.0,0.0,0.0,0.0,0.0,0.0,0.0,0.0,0.0,0.0,0.0,0.0,0.0,0.0,0.0,0.0,0.0,0.0,0.0,0.0,0.0,0.0,22.0,556.0
12.0,242.0,97.0,31.0,17.0,99.0,25.0,112.0,8.0,5.0,26.0,3.0,45.0,1.0,5.0,3.0,0.0,3.0,0.0,0.0,0.0,0.0,0.0,0.0,0.0,0.0,0.0,0.0,0.0,0.0,0.0,0.0,0.0,0.0,0.0,0.0,0.0,0.0,0.0
1.0,85.0,56.0,11.0,15.0,53.0,18.0,61.0,0.0,2.0,7.0,2.0,5.0,5.0,2.0,1.0,0.0,0.0,0.0,0.0,0.0,0.0,0.0,0.0,0.0,0.0,0.0,0.0,0.0,0.0,0.0,0.0,0.0,0.0,0.0,0.0,0.0,42.0,1181.0
0.0,12.0,21.0,2.0,3.0,7.0,5.0,6.0,2.0,0.0,1.0,0.0,2.0,1.0,0.0,0.0,0.0,0.0,0.0,0.0,0.0,0.0,0.0,0.0,0.0,0.0,0.0,0.0,0.0,0.0,0.0,0.0,0.0,0.0,0.0,0.0,0.0,30.0,547.0
2.0,24.0,24.0,6.0,5.0,17.0,7.0,14.0,0.0,1.0,8.0,0.0,0.0,2.0,0.0,1.0,0.0,2.0,0.0,0.0,0.0,0.0,0.0,0.0,0.0,0.0,0.0,0.0,0.0,0.0,0.0,0.0,0.0,0.0,0.0,0.0,0.0,3.0,93.0
5.0,68.0,21.0,9.0,5.0,32.0,7.0,35.0,2.0,1.0,11.0,5.0,11.0,3.0,0.0,0.0,0.0,1.0,0.0,0.0,0.0,0.0,0.0,0.0,0.0,0.0,0.0,0.0,0.0,0.0,0.0,0.0,0.0,0.0,0.0,0.0,0.0,13.0,192.0
5.0,83.0,38.0,4.0,6.0,30.0,14.0,29.0,1.0,0.0,14.0,0.0,8.0,5.0,0.0,2.0,0.0,0.0,0.0,0.0,0.0,0.0,0.0,0.0,0.0,0.0,0.0,0.0,0.0,0.0,0.0,0.0,0.0,0.0,0.0,0.0,0.0,19.0,383.0
5.0,115.0,104.0,46.0,23.0,55.0,35.0,29.0,7.0,1.0,19.0,1.0,24.0,1.0,3.0,2.0,0.0,0.0,0.0,0.0,0.0,0.0,0.0,0.0,0.0,0.0,2.0,0.0,0.0,0.0,0.0,0.0,0.0,0.0,0.0,0.0,0.0,28.0,368.0
5.0,98.0,28.0,4.0,7.0,36.0,16.0,51.0,8.0,1.0,9.0,4.0,21.0,9.0,1.0,0.0,0.0,4.0,0.0,0.0,0.0,0.0,0.0,0.0,0.0,0.0,0.0,0.0,0.0,0.0,0.0,0.0,0.0,0.0,0.0,0.0,0.0,42.0,884.0
9.0,203.0,202.0,45.0,33.0,115.0,48.0,128.0,9.0,3.0,37.0,11.0,48.0,5.0,11.0,3.0,0.0,0.0,0.0,0.0,0.0,0.0,0.0,0.0,0.0,0.0,0.0,0.0,0.0,1.0,0.0,0.0,0.0,0.0,0.0,0.0,0.0,26.0,510.0
2.0,102.0,106.0,19.0,9.0,58.0,10.0,32.0,4.0,0.0,21.0,10.0,26.0,1.0,3.0,2.0,0.0,0.0,0.0,0.0,0.0,1.0,0.0,0.0,0.0,0.0,0.0,0.0,0.0,0.0,0.0,0.0,0.0,0.0,0.0,0.0,0.0,66.0,1645.0
7.0,116.0,59.0,3.0,15.0,42.0,17.0,42.0,4.0,2.0,18.0,4.0,14.0,4.0,3.0,2.0,1.0,0.0,0.0,0.0,1.0,0.0,0.0,0.0,0.0,0.0,0.0,0.0,0.0,0.0,0.0,0.0,0.0,0.0,0.0,0.0,0.0,31.0,723.0
6.0,78.0,57.0,5.0,14.0,51.0,19.0,43.0,3.0,1.0,9.0,2.0,7.0,15.0,2.0,1.0,0.0,0.0,0.0,0.0,2.0,0.0,0.0,0.0,0.0,0.0,0.0,0.0,0.0,0.0,0.0,0.0,0.0,0.0,0.0,0.0,0.0,30.0,533.0
2.0,53.0,61.0,13.0,3.0,44.0,15.0,32.0,3.0,0.0,7.0,5.0,22.0,1.0,3.0,2.0,0.0,0.0,0.0,0.0,0.0,0.0,0.0,0.0,0.0,0.0,0.0,0.0,0.0,0.0,0.0,0.0,0.0,0.0,0.0,0.0,0.0,37.0,505.0
4.0,90.0,81.0,23.0,15.0,54.0,5.0,31.0,4.0,0.0,22.0,9.0,17.0,0.0,3.0,0.0,1.0,0.0,1.0,0.0,0.0,0.0,0.0,0.0,0.0,0.0,0.0,0.0,0.0,0.0,0.0,0.0,0.0,0.0,0.0,0.0,0.0,15.0,411.0
1.0,37.0,22.0,1.0,4.0,20.0,6.0,23.0,0.0,0.0,9.0,3.0,4.0,2.0,0.0,0.0,0.0,0.0,0.0,0.0,0.0,0.0,0.0,0.0,0.0,0.0,0.0,0.0,0.0,0.0,0.0,0.0,0.0,0.0,0.0,0.0,0.0,28.0,633.0
4.0,66.0,41.0,2.0,11.0,29.0,4.0,33.0,1.0,0.0,10.0,2.0,11.0,9.0,0.0,0.0,1.0,1.0,0.0,0.0,0.0,0.0,0.0,0.0,0.0,0.0,0.0,0.0,0.0,0.0,0.0,0.0,0.0,0.0,0.0,0.0,0.0,10.0,220.0
2.0,140.0,70.0,17.0,17.0,77.0,5.0,66.0,1.0,0.0,20.0,6.0,35.0,7.0,5.0,1.0,1.0,1.0,0.0,0.0,0.0,0.0,0.0,0.0,0.0,0.0,0.0,0.0,0.0,0.0,0.0,0.0,0.0,0.0,0.0,0.0,0.0,20.0,348.0
3.0,99.0,64.0,9.0,15.0,56.0,12.0,31.0,0.0,0.0,19.0,10.0,11.0,1.0,5.0,1.0,1.0,0.0,0.0,0.0,0.0,0.0,0.0,0.0,0.0,0.0,0.0,0.0,0.0,0.0,0.0,0.0,0.0,0.0,0.0,0.0,0.0,41.0,837.0
5.0,70.0,28.0,14.0,11.0,26.0,7.0,31.0,3.0,4.0,10.0,3.0,7.0,6.0,3.0,0.0,0.0,1.0,0.0,0.0,0.0,0.0,0.0,0.0,0.0,0.0,0.0,0.0,0.0,0.0,0.0,0.0,0.0,0.0,0.0,0.0,0.0,23.0,583.0
6.0,147.0,83.0,12.0,17.0,67.0,22.0,58.0,9.0,2.0,22.0,5.0,16.0,4.0,5.0,3.0,0.0,4.0,0.0,0.0,0.0,0.0,0.0,0.0,0.0,0.0,0.0,0.0,0.0,0.0,0.0,0.0,0.0,0.0,0.0,0.0,0.0,23.0,387.0
3.0,103.0,35.0,13.0,8.0,58.0,10.0,42.0,3.0,0.0,19.0,3.0,16.0,3.0,0.0,0.0,0.0,2.0,0.0,0.0,0.0,0.0,0.0,0.0,0.0,0.0,0.0,0.0,0.0,0.0,0.0,0.0,0.0,0.0,0.0,0.0,0.0,39.0,784.0
2.0,129.0,106.0,16.0,8.0,78.0,29.0,57.0,1.0,0.0,22.0,1.0,21.0,4.0,2.0,3.0,0.0,0.0,0.0,0.0,0.0,0.0,0.0,0.0,0.0,0.0,0.0,0.0,0.0,0.0,0.0,0.0,0.0,0.0,0.0,0.0,0.0,24.0,535.0
3.0,94.0,49.0,12.0,14.0,34.0,14.0,57.0,1.0,1.0,9.0,4.0,9.0,8.0,6.0,6.0,0.0,1.0,0.0,0.0,0.0,0.0,0.0,0.0,0.0,0.0,0.0,0.0,0.0,0.0,0.0,0.0,0.0,0.0,0.0,0.0,0.0,21.0,776.0
6.0,79.0,74.0,12.0,12.0,35.0,11.0,33.0,3.0,1.0,13.0,16.0,22.0,1.0,0.0,3.0,0.0,3.0,0.0,0.0,1.0,0.0,0.0,0.0,0.0,1.0,0.0,0.0,0.0,0.0,0.0,0.0,0.0,0.0,0.0,0.0,0.0,22.0,530.0
5.0,77.0,115.0,22.0,9.0,51.0,4.0,58.0,3.0,0.0,11.0,11.0,29.0,2.0,3.0,2.0,0.0,1.0,0.0,0.0,0.0,0.0,0.0,0.0,0.0,0.0,0.0,0.0,0.0,0.0,0.0,0.0,0.0,0.0,0.0,0.0,0.0,25.0,603.0
4.0,97.0,76.0,22.0,25.0,59.0,3.0,59.0,8.0,0.0,12.0,5.0,17.0,1.0,0.0,1.0,0.0,1.0,0.0,0.0,2.0,0.0,0.0,0.0,0.0,0.0,0.0,0.0,0.0,0.0,0.0,0.0,0.0,0.0,0.0,0.0,0.0,40.0,735.0
2.0,64.0,35.0,7.0,6.0,29.0,12.0,25.0,0.0,0.0,16.0,1.0,8.0,1.0,1.0,0.0,0.0,1.0,0.0,0.0,0.0,0.0,0.0,0.0,0.0,0.0,1.0,0.0,0.0,0.0,0.0,0.0,0.0,0.0,0.0,0.0,0.0,29.0,765.0
6.0,160.0,167.0,26.0,35.0,85.0,24.0,79.0,8.0,0.0,19.0,16.0,46.0,0.0,4.0,9.0,2.0,0.0,1.0,0.0,2.0,1.0,1.0,0.0,1.0,0.0,0.0,0.0,0.0,0.0,0.0,0.0,0.0,0.0,0.0,0.0,0.0,13.0,342.0
0.0,66.0,17.0,8.0,9.0,51.0,5.0,39.0,0.0,0.0,13.0,2.0,21.0,1.0,0.0,1.0,0.0,0.0,0.0,0.0,0.0,0.0,0.0,0.0,0.0,0.0,0.0,0.0,0.0,0.0,0.0,0.0,0.0,0.0,0.0,0.0,0.0,28.0,1236.0
1.0,22.0,28.0,1.0,3.0,10.0,5.0,13.0,0.0,0.0,5.0,0.0,7.0,1.0,0.0,0.0,0.0,0.0,0.0,0.0,1.0,0.0,0.0,0.0,0.0,0.0,0.0,0.0,0.0,0.0,0.0,0.0,0.0,0.0,0.0,0.0,0.0,20.0,407.0
