JJ,NNP,VBD,CD,NNS,VBG,VB,NN,VBN,IN,MD,RB,WP$,VBZ,NNPS,RP,JJS,VBP,JJR,FW,RBR,CC,DT,UH,PRP,WDT,PDT,LS,``,WRB,RBS,WP,$,PRP$,SYM,sentence_count,word_count
55.0,67.0,14.0,1.0,47.0,7.0,27.0,90.0,28.0,6.0,6.0,19.0,1.0,3.0,1.0,1.0,1.0,1.0,0.0,0.0,0.0,0.0,0.0,0.0,0.0,0.0,0.0,0.0,0.0,0.0,0.0,0.0,0.0,0.0,0.0,38,705
10.0,28.0,6.0,2.0,4.0,3.0,2.0,15.0,1.0,0.0,1.0,2.0,0.0,2.0,0.0,0.0,0.0,1.0,0.0,0.0,0.0,0.0,0.0,0.0,0.0,0.0,0.0,0.0,0.0,0.0,0.0,0.0,0.0,0.0,0.0,5,136
14.0,32.0,8.0,2.0,14.0,5.0,7.0,10.0,5.0,0.0,3.0,2.0,0.0,1.0,2.0,0.0,1.0,1.0,0.0,0.0,0.0,0.0,0.0,0.0,0.0,0.0,0.0,0.0,0.0,0.0,0.0,0.0,0.0,0.0,0.0,7,197
19.0,44.0,12.0,2.0,11.0,1.0,12.0,28.0,4.0,0.0,1.0,5.0,0.0,0.0,0.0,0.0,0.0,2.0,1.0,0.0,0.0,0.0,0.0,0.0,0.0,0.0,0.0,0.0,0.0,0.0,0.0,0.0,0.0,0.0,0.0,10,247
40.0,72.0,15.0,4.0,27.0,12.0,14.0,76.0,6.0,1.0,1.0,6.0,0.0,7.0,1.0,0.0,0.0,2.0,2.0,1.0,0.0,0.0,0.0,0.0,0.0,0.0,0.0,0.0,0.0,0.0,0.0,0.0,0.0,0.0,0.0,25,474
14.0,37.0,8.0,1.0,10.0,4.0,2.0,24.0,2.0,0.0,0.0,6.0,0.0,0.0,1.0,0.0,0.0,0.0,1.0,0.0,0.0,0.0,0.0,0.0,0.0,0.0,0.0,0.0,0.0,0.0,0.0,0.0,0.0,0.0,0.0,7,182
17.0,70.0,16.0,5.0,20.0,6.0,9.0,34.0,3.0,0.0,0.0,6.0,0.0,3.0,2.0,0.0,0.0,0.0,0.0,0.0,1.0,0.0,0.0,0.0,0.0,0.0,0.0,0.0,0.0,0.0,0.0,0.0,0.0,0.0,0.0,20,313
16.0,24.0,4.0,0.0,13.0,7.0,2.0,26.0,2.0,3.0,0.0,4.0,0.0,0.0,0.0,0.0,0.0,1.0,0.0,0.0,0.0,0.0,0.0,0.0,0.0,0.0,0.0,0.0,0.0,0.0,0.0,0.0,0.0,0.0,0.0,6,182
56.0,86.0,8.0,0.0,32.0,17.0,12.0,82.0,8.0,5.0,1.0,12.0,0.0,7.0,0.0,0.0,0.0,5.0,0.0,2.0,2.0,1.0,1.0,0.0,0.0,0.0,0.0,0.0,0.0,0.0,0.0,0.0,0.0,0.0,0.0,34,575
44.0,84.0,15.0,3.0,24.0,15.0,26.0,100.0,13.0,2.0,2.0,24.0,0.0,3.0,0.0,0.0,0.0,0.0,0.0,0.0,0.0,0.0,0.0,0.0,0.0,0.0,0.0,0.0,0.0,0.0,0.0,0.0,0.0,0.0,0.0,34,655
5.0,13.0,4.0,0.0,8.0,4.0,6.0,20.0,2.0,3.0,1.0,4.0,0.0,0.0,0.0,0.0,1.0,0.0,0.0,0.0,0.0,0.0,0.0,0.0,0.0,0.0,0.0,0.0,0.0,0.0,0.0,0.0,0.0,0.0,0.0,4,126
70.0,89.0,6.0,3.0,34.0,15.0,50.0,121.0,9.0,8.0,8.0,14.0,0.0,11.0,0.0,0.0,1.0,4.0,0.0,0.0,0.0,0.0,0.0,2.0,0.0,0.0,0.0,0.0,0.0,0.0,0.0,0.0,0.0,0.0,0.0,51,813
56.0,85.0,17.0,2.0,63.0,22.0,8.0,125.0,16.0,7.0,1.0,17.0,0.0,5.0,5.0,0.0,1.0,3.0,1.0,0.0,0.0,0.0,1.0,0.0,1.0,0.0,0.0,0.0,0.0,0.0,0.0,0.0,0.0,0.0,0.0,25,800
52.0,78.0,5.0,1.0,53.0,17.0,26.0,102.0,18.0,10.0,4.0,22.0,0.0,9.0,2.0,0.0,2.0,4.0,1.0,1.0,0.0,1.0,1.0,0.0,0.0,0.0,0.0,0.0,0.0,0.0,0.0,0.0,0.0,0.0,0.0,46,743
59.0,81.0,8.0,3.0,37.0,11.0,23.0,85.0,12.0,7.0,4.0,10.0,0.0,6.0,2.0,1.0,2.0,1.0,0.0,0.0,0.0,0.0,0.0,0.0,0.0,0.0,0.0,0.0,0.0,0.0,0.0,0.0,0.0,0.0,0.0,19,630
116.0,183.0,33.0,19.0,106.0,30.0,47.0,192.0,26.0,12.0,10.0,44.0,0.0,12.0,10.0,0.0,2.0,15.0,1.0,0.0,0.0,0.0,0.0,0.0,1.0,0.0,0.0,0.0,0.0,0.0,0.0,0.0,0.0,0.0,0.0,46,1555
47.0,81.0,23.0,0.0,45.0,19.0,14.0,76.0,20.0,4.0,3.0,24.0,0.0,7.0,9.0,0.0,1.0,9.0,1.0,0.0,0.0,1.0,1.0,0.0,0.0,0.0,0.0,0.0,0.0,0.0,0.0,0.0,0.0,0.0,0.0,28,684
34.0,47.0,25.0,3.0,25.0,10.0,5.0,56.0,7.0,2.0,0.0,13.0,0.0,0.0,12.0,0.0,2.0,2.0,1.0,0.0,0.0,0.0,0.0,0.0,0.0,0.0,0.0,0.0,0.0,0.0,0.0,0.0,0.0,0.0,0.0,33,461
0.0,0.0,0.0,0.0,0.0,0.0,0.0,0.0,0.0,0.0,0.0,0.0,0.0,0.0,0.0,0.0,0.0,0.0,0.0,0.0,0.0,0.0,0.0,0.0,0.0,0.0,0.0,0.0,0.0,0.0,0.0,0.0,0.0,0.0,0.0,0,0
21.0,70.0,17.0,4.0,21.0,5.0,13.0,46.0,4.0,0.0,0.0,7.0,0.0,1.0,1.0,0.0,0.0,1.0,0.0,0.0,1.0,0.0,1.0,0.0,0.0,0.0,0.0,0.0,0.0,0.0,0.0,0.0,0.0,0.0,0.0,13,372
21.0,70.0,17.0,4.0,21.0,5.0,13.0,46.0,4.0,0.0,0.0,7.0,0.0,1.0,1.0,0.0,0.0,1.0,0.0,0.0,1.0,0.0,1.0,0.0,0.0,0.0,0.0,0.0,0.0,0.0,0.0,0.0,0.0,0.0,0.0,13,372
17.0,38.0,12.0,2.0,27.0,3.0,2.0,32.0,8.0,2.0,1.0,7.0,0.0,0.0,1.0,0.0,2.0,1.0,1.0,0.0,0.0,0.0,0.0,0.0,0.0,0.0,0.0,0.0,0.0,0.0,0.0,0.0,0.0,0.0,0.0,23,232
13.0,37.0,5.0,2.0,11.0,1.0,3.0,16.0,2.0,0.0,0.0,3.0,0.0,2.0,0.0,0.0,0.0,2.0,0.0,0.0,0.0,0.0,0.0,0.0,0.0,0.0,0.0,0.0,0.0,0.0,0.0,0.0,0.0,0.0,0.0,6,156
61.0,121.0,26.0,4.0,46.0,8.0,18.0,103.0,14.0,1.0,0.0,17.0,0.0,7.0,1.0,0.0,0.0,2.0,0.0,0.0,0.0,0.0,0.0,0.0,1.0,0.0,0.0,0.0,0.0,0.0,0.0,0.0,0.0,0.0,0.0,23,717
24.0,60.0,15.0,2.0,23.0,8.0,13.0,35.0,7.0,0.0,0.0,6.0,0.0,1.0,0.0,0.0,0.0,0.0,0.0,0.0,0.0,0.0,0.0,0.0,0.0,0.0,0.0,0.0,0.0,0.0,0.0,0.0,0.0,0.0,0.0,14,324
19.0,47.0,7.0,2.0,16.0,2.0,6.0,30.0,3.0,0.0,0.0,2.0,0.0,0.0,0.0,0.0,0.0,1.0,1.0,0.0,0.0,0.0,0.0,0.0,0.0,0.0,0.0,0.0,0.0,0.0,0.0,0.0,0.0,0.0,0.0,8,225
21.0,70.0,17.0,4.0,21.0,5.0,13.0,46.0,4.0,0.0,0.0,7.0,0.0,1.0,1.0,0.0,0.0,1.0,0.0,0.0,1.0,0.0,1.0,0.0,0.0,0.0,0.0,0.0,0.0,0.0,0.0,0.0,0.0,0.0,0.0,13,372
19.0,45.0,8.0,2.0,20.0,6.0,8.0,25.0,4.0,1.0,0.0,9.0,0.0,1.0,2.0,0.0,0.0,0.0,0.0,0.0,0.0,0.0,0.0,0.0,0.0,0.0,0.0,0.0,0.0,0.0,0.0,0.0,0.0,0.0,0.0,15,241
4.0,8.0,2.0,0.0,4.0,0.0,1.0,7.0,0.0,0.0,0.0,0.0,0.0,0.0,0.0,0.0,0.0,0.0,0.0,0.0,0.0,0.0,0.0,0.0,0.0,0.0,0.0,0.0,0.0,0.0,0.0,0.0,0.0,0.0,0.0,2,38
11.0,29.0,5.0,0.0,13.0,7.0,6.0,33.0,3.0,0.0,0.0,1.0,0.0,1.0,0.0,0.0,0.0,0.0,0.0,0.0,2.0,0.0,0.0,0.0,0.0,0.0,0.0,0.0,0.0,0.0,0.0,0.0,0.0,0.0,0.0,8,192
92.0,161.0,36.0,3.0,82.0,23.0,28.0,135.0,17.0,9.0,10.0,14.0,0.0,8.0,5.0,0.0,2.0,1.0,0.0,1.0,0.0,0.0,1.0,0.0,0.0,0.0,0.0,0.0,0.0,0.0,0.0,0.0,0.0,0.0,0.0,41,1022
176.0,233.0,56.0,12.0,191.0,38.0,24.0,184.0,36.0,13.0,1.0,55.0,0.0,9.0,36.0,0.0,4.0,10.0,2.0,0.0,0.0,0.0,3.0,0.0,0.0,0.0,0.0,0.0,0.0,0.0,0.0,0.0,0.0,0.0,0.0,64,1748
52.0,58.0,6.0,1.0,41.0,11.0,22.0,85.0,8.0,2.0,6.0,17.0,0.0,10.0,0.0,0.0,2.0,1.0,1.0,0.0,0.0,0.0,0.0,0.0,0.0,0.0,0.0,0.0,0.0,0.0,0.0,0.0,0.0,0.0,0.0,21,528
147.0,271.0,40.0,8.0,97.0,28.0,57.0,178.0,40.0,7.0,15.0,33.0,0.0,11.0,8.0,0.0,2.0,8.0,0.0,0.0,1.0,0.0,1.0,0.0,0.0,0.0,0.0,0.0,0.0,0.0,0.0,0.0,0.0,0.0,0.0,53,1651
40.0,85.0,5.0,3.0,34.0,15.0,16.0,77.0,16.0,2.0,1.0,17.0,0.0,7.0,1.0,0.0,3.0,1.0,0.0,0.0,0.0,0.0,0.0,0.0,1.0,0.0,0.0,0.0,0.0,0.0,0.0,0.0,0.0,0.0,0.0,32,584
48.0,73.0,3.0,4.0,43.0,17.0,22.0,91.0,7.0,3.0,1.0,20.0,0.0,8.0,1.0,0.0,0.0,4.0,0.0,0.0,0.0,1.0,1.0,0.0,0.0,0.0,0.0,0.0,0.0,0.0,0.0,0.0,0.0,0.0,0.0,42,647
32.0,94.0,14.0,2.0,31.0,11.0,13.0,59.0,14.0,2.0,1.0,10.0,0.0,1.0,3.0,0.0,0.0,3.0,0.0,0.0,0.0,0.0,2.0,0.0,0.0,0.0,0.0,0.0,0.0,0.0,0.0,0.0,0.0,0.0,0.0,18,502
49.0,93.0,18.0,1.0,35.0,15.0,13.0,74.0,9.0,7.0,1.0,17.0,0.0,12.0,2.0,0.0,1.0,3.0,0.0,0.0,1.0,1.0,0.0,0.0,0.0,0.0,0.0,0.0,0.0,0.0,0.0,0.0,0.0,0.0,0.0,27,599
192.0,297.0,87.0,14.0,174.0,56.0,52.0,323.0,36.0,16.0,4.0,47.0,0.0,17.0,54.0,0.0,6.0,11.0,3.0,0.0,1.0,0.0,5.0,0.0,0.0,0.0,0.0,0.0,0.0,0.0,0.0,0.0,0.0,0.0,0.0,81,2364
54.0,50.0,4.0,3.0,27.0,20.0,17.0,115.0,18.0,1.0,0.0,11.0,0.0,0.0,1.0,0.0,1.0,2.0,3.0,0.0,1.0,0.0,0.0,0.0,0.0,0.0,0.0,0.0,0.0,0.0,0.0,0.0,0.0,0.0,0.0,21,523
45.0,109.0,28.0,1.0,42.0,20.0,21.0,92.0,20.0,4.0,1.0,23.0,0.0,1.0,2.0,0.0,0.0,4.0,1.0,0.0,0.0,0.0,1.0,0.0,0.0,0.0,0.0,0.0,0.0,0.0,0.0,0.0,0.0,0.0,0.0,28,700
165.0,173.0,36.0,16.0,124.0,34.0,90.0,283.0,33.0,13.0,18.0,57.0,0.0,14.0,17.0,4.0,3.0,36.0,2.0,0.0,2.0,0.0,0.0,0.0,7.0,1.0,0.0,0.0,0.0,0.0,0.0,0.0,0.0,0.0,0.0,150,2392
77.0,97.0,13.0,6.0,67.0,24.0,34.0,129.0,23.0,10.0,6.0,21.0,0.0,8.0,0.0,0.0,3.0,0.0,2.0,0.0,2.0,0.0,2.0,0.0,0.0,0.0,0.0,0.0,0.0,0.0,0.0,0.0,0.0,0.0,0.0,38,892
38.0,53.0,11.0,2.0,45.0,18.0,15.0,66.0,8.0,1.0,2.0,5.0,0.0,2.0,2.0,0.0,0.0,0.0,1.0,0.0,0.0,0.0,1.0,0.0,0.0,0.0,0.0,0.0,0.0,0.0,0.0,0.0,0.0,0.0,0.0,16,455
60.0,105.0,13.0,4.0,43.0,19.0,43.0,118.0,15.0,3.0,3.0,27.0,0.0,10.0,3.0,1.0,0.0,2.0,0.0,0.0,0.0,0.0,0.0,0.0,0.0,0.0,0.0,0.0,0.0,0.0,0.0,0.0,0.0,0.0,0.0,43,849
78.0,180.0,31.0,2.0,73.0,34.0,56.0,146.0,21.0,14.0,5.0,20.0,0.0,8.0,3.0,0.0,1.0,13.0,2.0,0.0,0.0,0.0,0.0,0.0,0.0,0.0,0.0,0.0,0.0,0.0,0.0,0.0,0.0,0.0,0.0,33,1216
96.0,173.0,53.0,2.0,93.0,33.0,24.0,159.0,20.0,8.0,3.0,30.0,0.0,7.0,19.0,0.0,0.0,17.0,1.0,0.0,0.0,0.0,1.0,0.0,2.0,0.0,0.0,0.0,0.0,0.0,0.0,0.0,0.0,0.0,0.0,46,1284
46.0,68.0,15.0,4.0,41.0,26.0,29.0,115.0,18.0,1.0,0.0,21.0,0.0,9.0,1.0,0.0,1.0,2.0,1.0,0.0,0.0,0.0,1.0,0.0,0.0,0.0,1.0,0.0,0.0,0.0,0.0,0.0,0.0,0.0,0.0,35,760
0.0,0.0,0.0,0.0,0.0,0.0,0.0,0.0,0.0,0.0,0.0,0.0,0.0,0.0,0.0,0.0,0.0,0.0,0.0,0.0,0.0,0.0,0.0,0.0,0.0,0.0,0.0,0.0,0.0,0.0,0.0,0.0,0.0,0.0,0.0,0,0
17.0,38.0,7.0,0.0,13.0,16.0,11.0,46.0,2.0,1.0,2.0,5.0,0.0,3.0,1.0,0.0,0.0,2.0,0.0,0.0,0.0,0.0,0.0,0.0,0.0,0.0,0.0,0.0,0.0,0.0,0.0,0.0,0.0,0.0,0.0,7,262
0.0,0.0,0.0,0.0,0.0,0.0,0.0,0.0,0.0,0.0,0.0,0.0,0.0,0.0,0.0,0.0,0.0,0.0,0.0,0.0,0.0,0.0,0.0,0.0,0.0,0.0,0.0,0.0,0.0,0.0,0.0,0.0,0.0,0.0,0.0,0,0
44.0,71.0,23.0,3.0,33.0,13.0,21.0,114.0,18.0,6.0,4.0,29.0,1.0,8.0,1.0,0.0,0.0,7.0,0.0,0.0,1.0,1.0,0.0,0.0,0.0,0.0,0.0,1.0,0.0,0.0,0.0,0.0,0.0,0.0,0.0,35,731
96.0,190.0,50.0,3.0,72.0,28.0,37.0,175.0,24.0,10.0,4.0,30.0,0.0,13.0,5.0,0.0,2.0,3.0,1.0,0.0,1.0,1.0,0.0,0.0,0.0,0.0,0.0,0.0,0.0,0.0,0.0,0.0,0.0,0.0,0.0,42,1233
35.0,59.0,27.0,13.0,29.0,13.0,10.0,82.0,1.0,5.0,3.0,8.0,0.0,3.0,6.0,0.0,4.0,1.0,1.0,0.0,1.0,0.0,2.0,0.0,0.0,0.0,0.0,0.0,1.0,0.0,0.0,0.0,0.0,0.0,0.0,35,509
62.0,50.0,19.0,9.0,43.0,13.0,23.0,82.0,7.0,1.0,0.0,11.0,0.0,3.0,1.0,0.0,0.0,5.0,0.0,0.0,0.0,1.0,0.0,0.0,0.0,0.0,0.0,0.0,0.0,0.0,0.0,0.0,0.0,0.0,0.0,24,539
45.0,78.0,3.0,4.0,35.0,20.0,14.0,75.0,8.0,3.0,3.0,14.0,0.0,6.0,0.0,0.0,0.0,1.0,1.0,0.0,0.0,0.0,0.0,0.0,0.0,0.0,0.0,0.0,0.0,0.0,0.0,0.0,0.0,0.0,0.0,34,525
47.0,79.0,4.0,6.0,19.0,15.0,25.0,91.0,8.0,4.0,4.0,18.0,0.0,6.0,1.0,0.0,1.0,1.0,0.0,0.0,0.0,0.0,1.0,0.0,0.0,0.0,0.0,0.0,0.0,0.0,0.0,0.0,0.0,0.0,0.0,32,623
38.0,45.0,8.0,3.0,43.0,16.0,14.0,93.0,25.0,3.0,7.0,9.0,0.0,5.0,0.0,0.0,3.0,3.0,3.0,0.0,0.0,1.0,0.0,0.0,0.0,0.0,0.0,0.0,0.0,0.0,0.0,0.0,0.0,0.0,0.0,29,550
0.0,0.0,0.0,0.0,0.0,0.0,0.0,0.0,0.0,0.0,0.0,0.0,0.0,0.0,0.0,0.0,0.0,0.0,0.0,0.0,0.0,0.0,0.0,0.0,0.0,0.0,0.0,0.0,0.0,0.0,0.0,0.0,0.0,0.0,0.0,0,0
21.0,65.0,10.0,3.0,12.0,6.0,9.0,47.0,7.0,3.0,3.0,8.0,0.0,2.0,0.0,0.0,0.0,3.0,0.0,0.0,0.0,2.0,1.0,0.0,0.0,0.0,0.0,0.0,1.0,0.0,0.0,0.0,0.0,0.0,0.0,19,338
2.0,10.0,1.0,0.0,1.0,0.0,1.0,5.0,0.0,0.0,0.0,0.0,0.0,0.0,0.0,0.0,0.0,0.0,0.0,0.0,0.0,0.0,0.0,0.0,0.0,0.0,0.0,0.0,0.0,0.0,0.0,0.0,0.0,0.0,0.0,1,29
36.0,66.0,6.0,1.0,26.0,5.0,12.0,87.0,14.0,6.0,2.0,7.0,0.0,6.0,5.0,0.0,0.0,1.0,1.0,0.0,0.0,0.0,0.0,0.0,0.0,0.0,0.0,0.0,0.0,0.0,0.0,0.0,0.0,0.0,0.0,30,532
49.0,57.0,7.0,0.0,39.0,16.0,19.0,92.0,12.0,6.0,5.0,18.0,0.0,9.0,0.0,0.0,1.0,2.0,0.0,0.0,0.0,0.0,0.0,0.0,0.0,0.0,0.0,0.0,0.0,1.0,0.0,0.0,0.0,0.0,0.0,26,595
53.0,77.0,7.0,4.0,59.0,34.0,16.0,116.0,9.0,5.0,3.0,22.0,0.0,7.0,0.0,0.0,0.0,3.0,2.0,0.0,0.0,0.0,2.0,0.0,0.0,2.0,0.0,0.0,0.0,0.0,0.0,0.0,0.0,0.0,0.0,28,728
46.0,47.0,11.0,2.0,67.0,22.0,10.0,132.0,14.0,6.0,3.0,9.0,0.0,3.0,4.0,0.0,2.0,3.0,1.0,0.0,0.0,0.0,0.0,0.0,0.0,0.0,0.0,0.0,0.0,0.0,0.0,0.0,0.0,0.0,0.0,30,653
70.0,134.0,10.0,8.0,41.0,20.0,29.0,133.0,22.0,5.0,5.0,26.0,0.0,11.0,1.0,0.0,4.0,4.0,2.0,0.0,1.0,3.0,1.0,0.0,0.0,0.0,0.0,0.0,0.0,0.0,0.0,0.0,0.0,0.0,0.0,55,958
46.0,102.0,18.0,3.0,47.0,10.0,29.0,118.0,11.0,5.0,3.0,23.0,0.0,10.0,1.0,0.0,2.0,3.0,1.0,0.0,1.0,0.0,1.0,0.0,0.0,1.0,0.0,0.0,0.0,1.0,0.0,0.0,0.0,0.0,0.0,32,777
35.0,30.0,8.0,1.0,14.0,8.0,6.0,50.0,6.0,2.0,1.0,5.0,0.0,0.0,1.0,0.0,0.0,2.0,0.0,0.0,0.0,0.0,1.0,0.0,0.0,0.0,0.0,0.0,0.0,0.0,0.0,0.0,0.0,0.0,0.0,11,289
28.0,37.0,9.0,0.0,23.0,11.0,14.0,32.0,3.0,1.0,0.0,5.0,0.0,2.0,0.0,0.0,0.0,2.0,0.0,0.0,0.0,0.0,0.0,0.0,0.0,0.0,0.0,0.0,0.0,0.0,0.0,0.0,0.0,0.0,0.0,11,273
51.0,124.0,10.0,0.0,29.0,15.0,24.0,102.0,9.0,11.0,5.0,13.0,0.0,8.0,0.0,0.0,0.0,2.0,1.0,0.0,0.0,0.0,0.0,0.0,0.0,0.0,0.0,0.0,0.0,0.0,0.0,0.0,0.0,0.0,0.0,34,706
34.0,67.0,7.0,7.0,29.0,14.0,18.0,76.0,6.0,1.0,1.0,15.0,0.0,8.0,3.0,1.0,0.0,5.0,1.0,0.0,0.0,0.0,1.0,0.0,0.0,1.0,0.0,0.0,0.0,0.0,0.0,0.0,0.0,0.0,0.0,25,545
57.0,121.0,25.0,6.0,34.0,16.0,26.0,96.0,12.0,8.0,4.0,18.0,0.0,6.0,7.0,1.0,0.0,3.0,0.0,0.0,2.0,0.0,1.0,0.0,0.0,0.0,0.0,0.0,0.0,0.0,0.0,0.0,0.0,0.0,0.0,22,764
88.0,68.0,10.0,3.0,52.0,11.0,23.0,90.0,25.0,5.0,2.0,29.0,0.0,6.0,0.0,0.0,1.0,5.0,1.0,1.0,1.0,0.0,3.0,0.0,0.0,0.0,0.0,0.0,0.0,0.0,0.0,0.0,0.0,0.0,0.0,26,777
84.0,156.0,35.0,2.0,51.0,32.0,33.0,158.0,14.0,7.0,2.0,23.0,0.0,13.0,3.0,0.0,0.0,2.0,3.0,0.0,1.0,1.0,2.0,0.0,0.0,0.0,0.0,0.0,0.0,0.0,0.0,0.0,0.0,0.0,0.0,33,1075
82.0,185.0,24.0,0.0,64.0,40.0,64.0,131.0,16.0,11.0,11.0,27.0,0.0,12.0,6.0,0.0,1.0,8.0,0.0,0.0,0.0,0.0,1.0,0.0,0.0,0.0,0.0,0.0,0.0,0.0,0.0,0.0,0.0,0.0,0.0,39,1170
42.0,86.0,5.0,4.0,36.0,10.0,22.0,88.0,13.0,4.0,0.0,21.0,0.0,13.0,1.0,0.0,3.0,4.0,0.0,0.0,0.0,0.0,2.0,0.0,0.0,0.0,0.0,0.0,0.0,0.0,0.0,0.0,0.0,0.0,0.0,34,644
65.0,156.0,32.0,5.0,69.0,20.0,50.0,131.0,15.0,12.0,10.0,24.0,0.0,7.0,7.0,0.0,2.0,2.0,1.0,0.0,1.0,1.0,1.0,0.0,0.0,1.0,0.0,0.0,0.0,0.0,0.0,0.0,0.0,0.0,0.0,31,1051
0.0,0.0,0.0,0.0,0.0,0.0,0.0,0.0,0.0,0.0,0.0,0.0,0.0,0.0,0.0,0.0,0.0,0.0,0.0,0.0,0.0,0.0,0.0,0.0,0.0,0.0,0.0,0.0,0.0,0.0,0.0,0.0,0.0,0.0,0.0,0,0
46.0,103.0,7.0,14.0,35.0,16.0,10.0,108.0,11.0,4.0,1.0,6.0,0.0,3.0,1.0,0.0,3.0,2.0,1.0,0.0,0.0,0.0,1.0,0.0,0.0,0.0,0.0,0.0,0.0,0.0,0.0,0.0,0.0,0.0,0.0,24,600
46.0,88.0,11.0,1.0,42.0,15.0,32.0,106.0,18.0,6.0,2.0,17.0,0.0,13.0,0.0,1.0,1.0,2.0,0.0,0.0,0.0,0.0,1.0,0.0,0.0,0.0,0.0,0.0,0.0,0.0,1.0,0.0,0.0,0.0,0.0,36,742
65.0,84.0,18.0,3.0,39.0,16.0,21.0,94.0,15.0,7.0,3.0,10.0,0.0,5.0,0.0,0.0,3.0,5.0,0.0,0.0,0.0,0.0,0.0,0.0,1.0,0.0,0.0,0.0,0.0,0.0,0.0,0.0,0.0,0.0,0.0,33,634
0.0,0.0,0.0,0.0,0.0,0.0,0.0,0.0,0.0,0.0,0.0,0.0,0.0,0.0,0.0,0.0,0.0,0.0,0.0,0.0,0.0,0.0,0.0,0.0,0.0,0.0,0.0,0.0,0.0,0.0,0.0,0.0,0.0,0.0,0.0,0,0
55.0,82.0,11.0,1.0,37.0,21.0,31.0,105.0,17.0,4.0,2.0,27.0,0.0,6.0,0.0,0.0,2.0,4.0,0.0,2.0,1.0,0.0,0.0,0.0,1.0,0.0,0.0,0.0,0.0,0.0,0.0,0.0,0.0,0.0,0.0,35,736
35.0,93.0,16.0,4.0,42.0,13.0,14.0,64.0,11.0,1.0,0.0,15.0,0.0,3.0,5.0,0.0,0.0,4.0,0.0,0.0,1.0,0.0,0.0,0.0,1.0,0.0,0.0,0.0,0.0,0.0,0.0,0.0,0.0,0.0,0.0,26,583
35.0,106.0,12.0,0.0,27.0,15.0,27.0,73.0,10.0,12.0,4.0,14.0,0.0,7.0,2.0,0.0,0.0,2.0,2.0,0.0,1.0,0.0,1.0,0.0,0.0,0.0,0.0,0.0,0.0,0.0,0.0,0.0,0.0,0.0,0.0,20,593
56.0,156.0,25.0,2.0,59.0,22.0,22.0,98.0,13.0,4.0,1.0,12.0,0.0,3.0,11.0,0.0,1.0,3.0,3.0,0.0,0.0,0.0,0.0,0.0,0.0,0.0,0.0,0.0,0.0,0.0,0.0,0.0,0.0,0.0,0.0,22,794
64.0,64.0,5.0,7.0,48.0,6.0,26.0,86.0,19.0,2.0,1.0,21.0,0.0,3.0,3.0,0.0,0.0,4.0,0.0,0.0,0.0,0.0,1.0,0.0,0.0,0.0,0.0,0.0,0.0,0.0,0.0,0.0,0.0,0.0,0.0,36,672
111.0,158.0,24.0,17.0,70.0,26.0,30.0,157.0,18.0,9.0,4.0,22.0,0.0,10.0,10.0,0.0,1.0,4.0,3.0,0.0,0.0,0.0,0.0,0.0,0.0,0.0,0.0,0.0,0.0,0.0,0.0,0.0,0.0,0.0,0.0,35,1105
55.0,77.0,19.0,15.0,40.0,17.0,16.0,87.0,12.0,3.0,0.0,14.0,0.0,3.0,2.0,0.0,0.0,1.0,1.0,0.0,1.0,0.0,0.0,0.0,0.0,0.0,0.0,0.0,0.0,0.0,0.0,0.0,0.0,0.0,0.0,20,578
56.0,71.0,4.0,3.0,41.0,18.0,28.0,100.0,8.0,2.0,1.0,11.0,0.0,7.0,6.0,0.0,0.0,5.0,0.0,0.0,0.0,0.0,2.0,0.0,0.0,0.0,0.0,0.0,0.0,0.0,0.0,1.0,0.0,0.0,0.0,32,652
51.0,101.0,11.0,2.0,36.0,17.0,45.0,114.0,16.0,2.0,3.0,24.0,0.0,17.0,0.0,1.0,2.0,3.0,1.0,0.0,0.0,1.0,1.0,0.0,1.0,0.0,0.0,0.0,0.0,0.0,0.0,1.0,0.0,0.0,0.0,38,849
88.0,154.0,28.0,13.0,91.0,29.0,20.0,148.0,19.0,9.0,1.0,22.0,0.0,5.0,24.0,0.0,2.0,4.0,2.0,0.0,0.0,0.0,0.0,0.0,0.0,0.0,0.0,0.0,0.0,0.0,0.0,0.0,0.0,0.0,0.0,32,1086
73.0,194.0,34.0,0.0,63.0,25.0,49.0,144.0,19.0,6.0,6.0,20.0,0.0,14.0,12.0,0.0,1.0,3.0,0.0,0.0,0.0,0.0,0.0,0.0,1.0,0.0,0.0,0.0,0.0,0.0,0.0,0.0,0.0,0.0,0.0,37,1163
34.0,75.0,10.0,4.0,21.0,7.0,14.0,46.0,10.0,2.0,0.0,12.0,0.0,3.0,2.0,0.0,0.0,2.0,1.0,0.0,0.0,1.0,0.0,0.0,0.0,0.0,0.0,0.0,0.0,0.0,0.0,0.0,0.0,0.0,0.0,29,439
0.0,0.0,0.0,0.0,0.0,0.0,0.0,0.0,0.0,0.0,0.0,0.0,0.0,0.0,0.0,0.0,0.0,0.0,0.0,0.0,0.0,0.0,0.0,0.0,0.0,0.0,0.0,0.0,0.0,0.0,0.0,0.0,0.0,0.0,0.0,0,0
12.0,40.0,11.0,5.0,25.0,3.0,2.0,42.0,8.0,1.0,1.0,5.0,0.0,0.0,0.0,0.0,2.0,0.0,0.0,0.0,1.0,0.0,0.0,0.0,0.0,0.0,0.0,0.0,0.0,0.0,0.0,0.0,0.0,0.0,0.0,23,241
79.0,87.0,10.0,3.0,49.0,16.0,19.0,113.0,16.0,7.0,0.0,14.0,0.0,8.0,2.0,0.0,0.0,2.0,0.0,0.0,1.0,0.0,1.0,0.0,1.0,0.0,0.0,0.0,0.0,0.0,0.0,0.0,0.0,0.0,0.0,31,799
89.0,178.0,29.0,7.0,59.0,35.0,33.0,130.0,16.0,5.0,0.0,31.0,0.0,9.0,9.0,0.0,0.0,3.0,1.0,0.0,0.0,0.0,2.0,0.0,0.0,0.0,0.0,0.0,0.0,0.0,0.0,0.0,0.0,0.0,0.0,32,1104
91.0,112.0,13.0,5.0,75.0,22.0,41.0,178.0,33.0,10.0,4.0,34.0,1.0,11.0,5.0,1.0,2.0,13.0,1.0,0.0,1.0,0.0,0.0,0.0,0.0,0.0,0.0,0.0,0.0,0.0,0.0,0.0,0.0,0.0,0.0,53,1242
24.0,51.0,18.0,0.0,34.0,10.0,14.0,57.0,25.0,0.0,5.0,9.0,0.0,4.0,0.0,0.0,1.0,2.0,0.0,0.0,0.0,0.0,0.0,0.0,0.0,0.0,0.0,0.0,0.0,0.0,0.0,0.0,0.0,0.0,0.0,21,481
69.0,99.0,19.0,9.0,69.0,22.0,15.0,95.0,11.0,5.0,5.0,12.0,0.0,3.0,4.0,0.0,0.0,2.0,0.0,0.0,0.0,0.0,1.0,0.0,0.0,0.0,0.0,0.0,0.0,0.0,0.0,0.0,0.0,0.0,0.0,27,737
27.0,31.0,18.0,2.0,22.0,7.0,12.0,33.0,10.0,1.0,1.0,13.0,0.0,0.0,1.0,0.0,0.0,1.0,0.0,0.0,0.0,0.0,0.0,0.0,0.0,0.0,0.0,0.0,0.0,0.0,0.0,0.0,0.0,0.0,0.0,11,310
28.0,39.0,18.0,1.0,24.0,3.0,6.0,57.0,3.0,2.0,2.0,5.0,0.0,3.0,2.0,0.0,2.0,0.0,1.0,0.0,0.0,0.0,0.0,0.0,0.0,0.0,0.0,0.0,0.0,0.0,0.0,0.0,0.0,0.0,0.0,12,333
78.0,119.0,28.0,5.0,74.0,22.0,23.0,111.0,17.0,4.0,1.0,22.0,0.0,7.0,4.0,0.0,3.0,8.0,0.0,0.0,0.0,0.0,0.0,0.0,1.0,0.0,0.0,0.0,0.0,0.0,0.0,0.0,0.0,0.0,0.0,38,914
32.0,44.0,12.0,3.0,15.0,3.0,6.0,44.0,3.0,1.0,0.0,3.0,0.0,1.0,1.0,0.0,0.0,1.0,0.0,0.0,0.0,0.0,0.0,0.0,0.0,0.0,0.0,0.0,0.0,0.0,0.0,0.0,0.0,0.0,0.0,14,287
55.0,98.0,11.0,3.0,31.0,13.0,28.0,89.0,11.0,12.0,3.0,23.0,0.0,8.0,5.0,0.0,1.0,1.0,1.0,0.0,0.0,0.0,0.0,0.0,0.0,0.0,0.0,0.0,0.0,0.0,0.0,0.0,0.0,0.0,0.0,39,715
84.0,183.0,41.0,2.0,86.0,27.0,34.0,142.0,21.0,16.0,9.0,26.0,0.0,7.0,6.0,0.0,0.0,9.0,3.0,0.0,0.0,0.0,1.0,0.0,0.0,0.0,0.0,0.0,0.0,0.0,0.0,0.0,0.0,0.0,0.0,37,1193
70.0,126.0,20.0,1.0,48.0,20.0,25.0,102.0,10.0,9.0,4.0,16.0,0.0,9.0,6.0,0.0,1.0,6.0,1.0,0.0,1.0,1.0,0.0,0.0,0.0,0.0,0.0,0.0,0.0,0.0,0.0,0.0,0.0,0.0,0.0,28,798
0.0,0.0,0.0,0.0,0.0,0.0,0.0,0.0,0.0,0.0,0.0,0.0,0.0,0.0,0.0,0.0,0.0,0.0,0.0,0.0,0.0,0.0,0.0,0.0,0.0,0.0,0.0,0.0,0.0,0.0,0.0,0.0,0.0,0.0,0.0,0,0
9.0,21.0,3.0,0.0,11.0,7.0,3.0,15.0,4.0,1.0,0.0,7.0,0.0,1.0,1.0,0.0,0.0,0.0,0.0,0.0,0.0,0.0,0.0,0.0,0.0,0.0,0.0,0.0,0.0,0.0,0.0,0.0,0.0,0.0,0.0,10,131
101.0,143.0,33.0,5.0,72.0,25.0,34.0,154.0,25.0,6.0,10.0,29.0,0.0,13.0,9.0,0.0,0.0,5.0,4.0,0.0,2.0,0.0,1.0,0.0,0.0,0.0,0.0,0.0,0.0,0.0,0.0,0.0,0.0,0.0,0.0,38,1177
23.0,39.0,3.0,1.0,29.0,9.0,6.0,34.0,6.0,4.0,0.0,2.0,0.0,2.0,2.0,0.0,0.0,1.0,2.0,0.0,0.0,0.0,0.0,0.0,0.0,0.0,0.0,0.0,0.0,0.0,0.0,0.0,0.0,0.0,0.0,7,244
50.0,110.0,6.0,3.0,45.0,40.0,16.0,97.0,11.0,5.0,4.0,24.0,0.0,14.0,0.0,0.0,3.0,4.0,0.0,0.0,0.0,0.0,0.0,0.0,0.0,0.0,0.0,0.0,0.0,0.0,0.0,0.0,0.0,0.0,0.0,22,752
40.0,112.0,19.0,5.0,37.0,22.0,24.0,118.0,15.0,8.0,4.0,16.0,0.0,6.0,7.0,0.0,1.0,2.0,1.0,0.0,1.0,1.0,1.0,0.0,0.0,0.0,0.0,0.0,0.0,0.0,0.0,0.0,0.0,0.0,0.0,42,745
127.0,202.0,62.0,2.0,94.0,30.0,45.0,248.0,36.0,6.0,8.0,37.0,0.0,17.0,5.0,0.0,1.0,3.0,3.0,2.0,1.0,0.0,1.0,0.0,0.0,0.0,0.0,0.0,0.0,0.0,0.0,0.0,1.0,0.0,0.0,51,1531
56.0,73.0,19.0,2.0,63.0,10.0,21.0,92.0,25.0,5.0,4.0,17.0,0.0,4.0,0.0,0.0,2.0,5.0,0.0,0.0,0.0,0.0,1.0,0.0,0.0,0.0,1.0,0.0,0.0,0.0,0.0,0.0,0.0,0.0,0.0,27,670
19.0,32.0,7.0,1.0,21.0,1.0,13.0,27.0,3.0,5.0,0.0,6.0,0.0,0.0,0.0,0.0,0.0,5.0,1.0,0.0,0.0,0.0,0.0,0.0,0.0,0.0,0.0,0.0,0.0,0.0,0.0,0.0,0.0,0.0,0.0,14,284
24.0,42.0,4.0,0.0,23.0,4.0,15.0,26.0,5.0,1.0,1.0,10.0,0.0,2.0,2.0,0.0,0.0,2.0,0.0,0.0,0.0,0.0,1.0,0.0,0.0,0.0,0.0,0.0,0.0,0.0,0.0,0.0,0.0,0.0,0.0,11,264
23.0,38.0,10.0,2.0,18.0,5.0,7.0,47.0,6.0,2.0,0.0,1.0,0.0,1.0,0.0,0.0,0.0,1.0,0.0,0.0,0.0,0.0,0.0,0.0,0.0,0.0,0.0,0.0,0.0,0.0,0.0,0.0,0.0,0.0,0.0,9,289
53.0,97.0,5.0,2.0,32.0,16.0,42.0,91.0,9.0,5.0,4.0,14.0,0.0,9.0,1.0,0.0,2.0,6.0,0.0,0.0,0.0,0.0,0.0,0.0,0.0,0.0,0.0,0.0,0.0,0.0,0.0,0.0,0.0,0.0,0.0,34,710
38.0,106.0,6.0,7.0,34.0,19.0,21.0,95.0,19.0,3.0,1.0,26.0,0.0,7.0,0.0,0.0,1.0,1.0,0.0,0.0,0.0,0.0,2.0,0.0,0.0,0.0,0.0,0.0,0.0,0.0,0.0,0.0,0.0,0.0,0.0,31,717
89.0,207.0,38.0,8.0,77.0,28.0,34.0,155.0,15.0,7.0,11.0,16.0,0.0,2.0,6.0,0.0,1.0,3.0,3.0,0.0,0.0,0.0,0.0,0.0,0.0,0.0,0.0,0.0,0.0,0.0,0.0,0.0,0.0,0.0,0.0,30,1180
62.0,50.0,12.0,4.0,57.0,5.0,14.0,91.0,27.0,3.0,8.0,13.0,0.0,3.0,0.0,0.0,2.0,1.0,0.0,0.0,0.0,0.0,4.0,0.0,0.0,0.0,0.0,0.0,0.0,0.0,0.0,0.0,0.0,0.0,0.0,39,620
32.0,63.0,11.0,4.0,26.0,4.0,16.0,41.0,6.0,2.0,5.0,9.0,0.0,0.0,3.0,0.0,0.0,7.0,0.0,0.0,0.0,0.0,1.0,0.0,0.0,0.0,0.0,0.0,0.0,0.0,0.0,0.0,0.0,0.0,0.0,19,414
61.0,78.0,16.0,2.0,53.0,17.0,17.0,93.0,20.0,10.0,1.0,18.0,0.0,10.0,1.0,1.0,1.0,1.0,1.0,0.0,1.0,0.0,1.0,0.0,0.0,0.0,0.0,0.0,0.0,0.0,0.0,0.0,0.0,0.0,0.0,29,689
60.0,127.0,7.0,3.0,43.0,19.0,20.0,83.0,6.0,4.0,1.0,20.0,0.0,7.0,1.0,0.0,0.0,7.0,1.0,0.0,0.0,0.0,0.0,0.0,0.0,0.0,0.0,0.0,0.0,0.0,0.0,0.0,0.0,0.0,0.0,36,690
51.0,100.0,1.0,7.0,36.0,16.0,48.0,87.0,9.0,6.0,3.0,20.0,0.0,10.0,0.0,0.0,1.0,1.0,0.0,0.0,0.0,0.0,0.0,0.0,0.0,0.0,0.0,0.0,0.0,0.0,0.0,0.0,0.0,0.0,0.0,42,713
16.0,36.0,14.0,5.0,19.0,9.0,2.0,37.0,6.0,1.0,0.0,5.0,0.0,0.0,1.0,0.0,0.0,0.0,0.0,0.0,0.0,0.0,0.0,0.0,0.0,0.0,0.0,0.0,0.0,0.0,0.0,0.0,0.0,0.0,0.0,11,251
50.0,51.0,7.0,9.0,51.0,17.0,16.0,68.0,14.0,9.0,3.0,16.0,0.0,8.0,1.0,0.0,0.0,2.0,0.0,0.0,0.0,0.0,1.0,0.0,0.0,0.0,0.0,0.0,0.0,0.0,0.0,0.0,0.0,0.0,0.0,31,581
111.0,104.0,29.0,8.0,83.0,40.0,27.0,153.0,26.0,12.0,4.0,24.0,0.0,6.0,3.0,0.0,2.0,3.0,0.0,0.0,0.0,0.0,2.0,0.0,0.0,0.0,0.0,0.0,0.0,0.0,0.0,0.0,0.0,0.0,0.0,38,1176
74.0,40.0,14.0,7.0,35.0,18.0,9.0,79.0,5.0,1.0,4.0,8.0,0.0,5.0,3.0,0.0,0.0,7.0,0.0,0.0,0.0,0.0,0.0,0.0,0.0,0.0,0.0,0.0,0.0,0.0,0.0,0.0,0.0,0.0,0.0,15,533
106.0,104.0,8.0,1.0,89.0,16.0,42.0,162.0,16.0,7.0,3.0,36.0,0.0,7.0,1.0,1.0,4.0,14.0,2.0,0.0,2.0,0.0,1.0,0.0,0.0,0.0,0.0,0.0,0.0,0.0,0.0,0.0,0.0,0.0,0.0,64,1212
14.0,33.0,4.0,0.0,13.0,9.0,5.0,23.0,3.0,3.0,2.0,3.0,0.0,3.0,0.0,0.0,2.0,1.0,1.0,0.0,0.0,0.0,0.0,0.0,0.0,0.0,0.0,0.0,0.0,0.0,0.0,0.0,0.0,0.0,0.0,6,186
9.0,41.0,5.0,0.0,16.0,5.0,8.0,18.0,5.0,3.0,1.0,3.0,0.0,0.0,1.0,0.0,0.0,0.0,0.0,0.0,0.0,0.0,0.0,0.0,0.0,0.0,0.0,0.0,0.0,0.0,0.0,0.0,0.0,0.0,0.0,7,185
57.0,115.0,14.0,5.0,52.0,29.0,39.0,98.0,22.0,11.0,9.0,21.0,0.0,6.0,0.0,0.0,3.0,1.0,0.0,0.0,1.0,2.0,1.0,0.0,0.0,0.0,0.0,0.0,0.0,0.0,0.0,0.0,0.0,0.0,0.0,42,881
56.0,101.0,30.0,0.0,48.0,17.0,24.0,95.0,10.0,5.0,6.0,19.0,0.0,5.0,4.0,1.0,1.0,5.0,1.0,0.0,1.0,0.0,0.0,0.0,1.0,0.0,0.0,0.0,0.0,0.0,0.0,0.0,0.0,0.0,0.0,33,814
118.0,132.0,11.0,8.0,62.0,20.0,41.0,192.0,16.0,8.0,3.0,29.0,0.0,15.0,1.0,0.0,0.0,14.0,4.0,0.0,0.0,2.0,0.0,0.0,0.0,0.0,0.0,0.0,0.0,0.0,0.0,0.0,0.0,0.0,0.0,64,1345
152.0,163.0,50.0,4.0,169.0,32.0,43.0,191.0,39.0,11.0,4.0,46.0,0.0,5.0,4.0,1.0,1.0,25.0,0.0,0.0,0.0,0.0,2.0,0.0,0.0,1.0,0.0,0.0,0.0,0.0,0.0,1.0,0.0,0.0,0.0,66,1670
84.0,69.0,3.0,5.0,41.0,12.0,17.0,105.0,8.0,8.0,8.0,27.0,0.0,11.0,1.0,0.0,0.0,2.0,1.0,0.0,0.0,0.0,1.0,0.0,0.0,0.0,0.0,0.0,0.0,0.0,0.0,0.0,0.0,0.0,0.0,34,715
58.0,134.0,12.0,2.0,38.0,23.0,16.0,105.0,8.0,5.0,0.0,21.0,0.0,2.0,2.0,1.0,0.0,4.0,0.0,0.0,0.0,0.0,0.0,0.0,0.0,0.0,0.0,0.0,0.0,0.0,0.0,0.0,0.0,0.0,0.0,30,733
63.0,107.0,24.0,6.0,40.0,17.0,23.0,86.0,10.0,2.0,4.0,9.0,1.0,9.0,4.0,0.0,0.0,1.0,0.0,0.0,0.0,0.0,0.0,0.0,0.0,0.0,0.0,0.0,0.0,0.0,1.0,0.0,0.0,0.0,0.0,31,659
52.0,93.0,20.0,2.0,40.0,14.0,32.0,70.0,15.0,6.0,9.0,10.0,0.0,9.0,6.0,0.0,1.0,3.0,0.0,0.0,0.0,0.0,0.0,0.0,1.0,0.0,0.0,0.0,0.0,0.0,0.0,0.0,0.0,0.0,0.0,25,700
134.0,208.0,30.0,6.0,146.0,40.0,66.0,204.0,44.0,12.0,6.0,46.0,0.0,8.0,6.0,0.0,0.0,18.0,10.0,0.0,2.0,0.0,2.0,0.0,0.0,0.0,0.0,0.0,0.0,0.0,0.0,0.0,0.0,0.0,0.0,88,1804
35.0,95.0,16.0,6.0,32.0,14.0,18.0,80.0,9.0,5.0,1.0,10.0,0.0,3.0,0.0,0.0,2.0,1.0,1.0,0.0,0.0,0.0,0.0,0.0,0.0,0.0,0.0,0.0,0.0,0.0,0.0,0.0,0.0,0.0,0.0,19,566
340.0,412.0,75.0,24.0,351.0,106.0,88.0,757.0,136.0,33.0,14.0,126.0,0.0,43.0,9.0,0.0,5.0,25.0,6.0,3.0,2.0,1.0,6.0,0.0,9.0,0.0,0.0,0.0,0.0,0.0,0.0,0.0,0.0,0.0,0.0,225,4669
57.0,77.0,11.0,7.0,37.0,17.0,23.0,82.0,16.0,6.0,2.0,17.0,0.0,2.0,0.0,0.0,0.0,1.0,0.0,0.0,0.0,1.0,0.0,0.0,0.0,0.0,0.0,0.0,0.0,0.0,0.0,0.0,0.0,0.0,0.0,35,685
161.0,329.0,74.0,14.0,140.0,30.0,88.0,214.0,30.0,4.0,8.0,46.0,0.0,18.0,22.0,0.0,2.0,14.0,6.0,0.0,0.0,0.0,0.0,0.0,0.0,0.0,0.0,0.0,0.0,0.0,0.0,0.0,0.0,0.0,0.0,72,2070
34.0,86.0,12.0,1.0,26.0,15.0,21.0,75.0,12.0,5.0,3.0,15.0,0.0,10.0,1.0,0.0,1.0,2.0,0.0,0.0,0.0,1.0,1.0,0.0,0.0,1.0,0.0,0.0,0.0,0.0,0.0,0.0,0.0,0.0,0.0,32,574
91.0,184.0,28.0,3.0,110.0,33.0,50.0,168.0,21.0,13.0,2.0,19.0,0.0,10.0,7.0,0.0,2.0,3.0,1.0,0.0,1.0,0.0,1.0,0.0,0.0,0.0,0.0,0.0,0.0,0.0,0.0,0.0,0.0,0.0,0.0,39,1253
77.0,130.0,27.0,14.0,60.0,14.0,24.0,123.0,11.0,4.0,2.0,18.0,0.0,2.0,5.0,0.0,0.0,8.0,0.0,0.0,0.0,0.0,1.0,0.0,0.0,0.0,0.0,0.0,0.0,0.0,0.0,0.0,0.0,0.0,0.0,25,876
78.0,96.0,15.0,5.0,60.0,17.0,17.0,115.0,17.0,4.0,8.0,20.0,0.0,1.0,6.0,0.0,0.0,4.0,0.0,0.0,1.0,0.0,2.0,0.0,1.0,0.0,0.0,0.0,0.0,0.0,0.0,0.0,0.0,0.0,0.0,34,805
178.0,214.0,48.0,20.0,140.0,54.0,47.0,339.0,46.0,18.0,4.0,45.0,0.0,19.0,7.0,0.0,0.0,24.0,4.0,0.0,2.0,1.0,3.0,1.0,0.0,0.0,0.0,0.0,0.0,0.0,0.0,0.0,0.0,0.0,0.0,72,2156
41.0,83.0,9.0,3.0,24.0,17.0,49.0,107.0,9.0,3.0,6.0,33.0,0.0,11.0,1.0,2.0,1.0,2.0,0.0,0.0,0.0,1.0,1.0,0.0,0.0,0.0,0.0,0.0,0.0,0.0,0.0,0.0,0.0,0.0,0.0,34,739
244.0,480.0,100.0,26.0,198.0,54.0,116.0,368.0,44.0,8.0,12.0,66.0,0.0,24.0,14.0,2.0,0.0,8.0,10.0,0.0,0.0,4.0,2.0,0.0,0.0,0.0,0.0,0.0,0.0,0.0,0.0,0.0,0.0,0.0,0.0,102,3116
64.0,97.0,23.0,8.0,63.0,14.0,22.0,124.0,24.0,9.0,2.0,26.0,0.0,8.0,2.0,0.0,3.0,4.0,5.0,1.0,0.0,1.0,3.0,0.0,0.0,0.0,0.0,0.0,0.0,0.0,0.0,0.0,0.0,1.0,0.0,55,883
50.0,131.0,12.0,6.0,40.0,19.0,28.0,88.0,16.0,10.0,1.0,16.0,0.0,9.0,1.0,0.0,1.0,1.0,0.0,0.0,2.0,1.0,0.0,0.0,0.0,0.0,0.0,0.0,0.0,0.0,0.0,0.0,0.0,0.0,0.0,38,741
88.0,127.0,57.0,5.0,103.0,21.0,23.0,145.0,22.0,17.0,3.0,27.0,0.0,5.0,1.0,0.0,0.0,4.0,0.0,0.0,0.0,0.0,0.0,0.0,0.0,0.0,0.0,0.0,0.0,0.0,0.0,0.0,0.0,0.0,0.0,60,1093
63.0,81.0,15.0,3.0,49.0,18.0,25.0,87.0,15.0,3.0,4.0,35.0,0.0,8.0,0.0,2.0,2.0,6.0,0.0,0.0,1.0,0.0,0.0,0.0,0.0,0.0,0.0,0.0,0.0,0.0,0.0,0.0,0.0,0.0,0.0,28,687
57.0,79.0,20.0,3.0,34.0,10.0,25.0,91.0,9.0,4.0,1.0,18.0,0.0,11.0,2.0,0.0,1.0,3.0,1.0,0.0,0.0,0.0,0.0,1.0,0.0,0.0,0.0,0.0,0.0,0.0,0.0,0.0,0.0,0.0,0.0,26,685
326.0,478.0,72.0,14.0,275.0,62.0,65.0,445.0,92.0,39.0,8.0,82.0,0.0,26.0,8.0,0.0,6.0,15.0,2.0,0.0,0.0,1.0,2.0,0.0,0.0,0.0,0.0,0.0,0.0,0.0,0.0,0.0,0.0,0.0,0.0,121,3388
786.0,830.0,125.0,54.0,733.0,150.0,152.0,1390.0,276.0,57.0,28.0,187.0,1.0,104.0,43.0,0.0,19.0,76.0,13.0,3.0,6.0,5.0,10.0,0.0,0.0,0.0,0.0,0.0,0.0,0.0,0.0,0.0,0.0,0.0,0.0,437,8948
47.0,72.0,5.0,5.0,49.0,14.0,33.0,108.0,11.0,7.0,2.0,20.0,0.0,10.0,1.0,0.0,0.0,5.0,1.0,0.0,1.0,0.0,2.0,0.0,1.0,0.0,0.0,0.0,0.0,0.0,0.0,0.0,0.0,0.0,0.0,44,751
28.0,80.0,11.0,2.0,25.0,7.0,15.0,42.0,9.0,3.0,2.0,5.0,0.0,5.0,3.0,0.0,1.0,2.0,0.0,0.0,0.0,0.0,0.0,0.0,0.0,0.0,0.0,0.0,0.0,0.0,0.0,0.0,0.0,0.0,0.0,18,416
47.0,106.0,19.0,13.0,26.0,20.0,24.0,97.0,15.0,12.0,4.0,32.0,0.0,6.0,1.0,0.0,0.0,9.0,3.0,0.0,0.0,0.0,4.0,0.0,0.0,0.0,0.0,0.0,0.0,0.0,0.0,0.0,0.0,0.0,0.0,44,872
5.0,11.0,4.0,0.0,12.0,4.0,0.0,21.0,1.0,1.0,0.0,8.0,0.0,1.0,0.0,0.0,0.0,0.0,0.0,0.0,0.0,0.0,2.0,0.0,0.0,0.0,0.0,0.0,0.0,0.0,0.0,0.0,0.0,0.0,0.0,6,115
16.0,54.0,6.0,0.0,7.0,2.0,1.0,30.0,10.0,1.0,0.0,3.0,0.0,3.0,0.0,0.0,0.0,1.0,0.0,0.0,0.0,0.0,0.0,0.0,0.0,0.0,0.0,0.0,0.0,0.0,0.0,0.0,0.0,0.0,0.0,9,240
138.0,225.0,42.0,10.0,178.0,47.0,52.0,270.0,47.0,15.0,1.0,40.0,0.0,10.0,2.0,1.0,2.0,10.0,0.0,0.0,0.0,0.0,2.0,0.0,0.0,0.0,0.0,0.0,0.0,0.0,0.0,0.0,0.0,0.0,0.0,86,1879
63.0,56.0,3.0,1.0,55.0,22.0,17.0,95.0,20.0,7.0,6.0,9.0,0.0,3.0,0.0,0.0,0.0,2.0,4.0,0.0,3.0,0.0,0.0,0.0,0.0,0.0,0.0,0.0,0.0,0.0,0.0,0.0,0.0,0.0,0.0,27,630
23.0,50.0,8.0,3.0,28.0,5.0,5.0,48.0,10.0,3.0,0.0,8.0,0.0,2.0,5.0,0.0,1.0,0.0,0.0,0.0,0.0,0.0,0.0,0.0,0.0,0.0,0.0,0.0,0.0,0.0,0.0,0.0,0.0,0.0,0.0,16,328
53.0,62.0,13.0,2.0,32.0,9.0,17.0,68.0,14.0,3.0,5.0,11.0,0.0,3.0,0.0,0.0,0.0,0.0,0.0,0.0,0.0,0.0,0.0,0.0,0.0,0.0,0.0,0.0,0.0,0.0,0.0,0.0,0.0,0.0,0.0,22,510
42.0,53.0,16.0,3.0,32.0,13.0,12.0,61.0,8.0,1.0,1.0,7.0,0.0,2.0,2.0,0.0,0.0,0.0,0.0,0.0,0.0,0.0,0.0,0.0,0.0,0.0,0.0,0.0,0.0,0.0,0.0,0.0,0.0,0.0,0.0,17,421
129.0,180.0,47.0,6.0,104.0,35.0,33.0,228.0,32.0,4.0,4.0,32.0,0.0,6.0,8.0,0.0,0.0,4.0,0.0,0.0,1.0,0.0,1.0,0.0,0.0,0.0,0.0,0.0,0.0,0.0,0.0,0.0,0.0,0.0,0.0,41,1512
84.0,142.0,46.0,10.0,92.0,26.0,12.0,216.0,24.0,14.0,10.0,46.0,0.0,0.0,4.0,0.0,0.0,2.0,6.0,0.0,2.0,0.0,0.0,0.0,0.0,0.0,0.0,0.0,0.0,0.0,0.0,0.0,0.0,0.0,0.0,52,1208
63.0,123.0,11.0,2.0,52.0,12.0,30.0,115.0,10.0,14.0,0.0,26.0,0.0,6.0,2.0,0.0,1.0,13.0,2.0,0.0,1.0,0.0,0.0,0.0,1.0,0.0,0.0,0.0,0.0,0.0,0.0,0.0,0.0,0.0,0.0,61,975
30.0,76.0,17.0,1.0,40.0,14.0,9.0,74.0,10.0,4.0,4.0,7.0,0.0,2.0,4.0,0.0,1.0,2.0,1.0,0.0,0.0,0.0,0.0,0.0,0.0,0.0,0.0,0.0,0.0,0.0,0.0,0.0,0.0,0.0,0.0,19,493
35.0,132.0,31.0,12.0,32.0,18.0,18.0,79.0,13.0,3.0,3.0,22.0,1.0,1.0,3.0,0.0,0.0,6.0,0.0,0.0,0.0,0.0,0.0,0.0,0.0,0.0,0.0,0.0,0.0,0.0,0.0,1.0,0.0,0.0,0.0,34,724
24.0,22.0,6.0,7.0,34.0,7.0,11.0,45.0,5.0,6.0,2.0,9.0,0.0,2.0,1.0,0.0,4.0,3.0,1.0,0.0,0.0,0.0,2.0,0.0,0.0,0.0,1.0,0.0,0.0,0.0,0.0,0.0,0.0,0.0,0.0,16,319
135.0,157.0,40.0,9.0,67.0,13.0,21.0,310.0,29.0,6.0,1.0,22.0,0.0,15.0,2.0,0.0,0.0,2.0,2.0,0.0,1.0,0.0,0.0,0.0,0.0,0.0,0.0,0.0,0.0,0.0,0.0,0.0,0.0,0.0,0.0,53,1316
30.0,146.0,33.0,15.0,21.0,14.0,19.0,86.0,15.0,5.0,2.0,12.0,0.0,1.0,1.0,0.0,1.0,5.0,1.0,0.0,1.0,0.0,3.0,0.0,1.0,0.0,0.0,0.0,0.0,0.0,0.0,1.0,0.0,0.0,0.0,30,681
35.0,30.0,9.0,12.0,38.0,9.0,0.0,57.0,11.0,8.0,2.0,15.0,0.0,3.0,0.0,0.0,2.0,3.0,3.0,0.0,0.0,0.0,0.0,0.0,0.0,0.0,0.0,0.0,0.0,0.0,0.0,0.0,0.0,0.0,0.0,20,401
31.0,46.0,21.0,4.0,21.0,4.0,6.0,64.0,9.0,2.0,0.0,11.0,0.0,1.0,3.0,0.0,2.0,3.0,2.0,0.0,0.0,0.0,3.0,0.0,0.0,0.0,0.0,0.0,0.0,0.0,0.0,0.0,0.0,0.0,0.0,17,438
10.0,8.0,8.0,4.0,20.0,4.0,10.0,24.0,8.0,3.0,0.0,3.0,0.0,0.0,1.0,0.0,0.0,1.0,0.0,0.0,0.0,0.0,0.0,0.0,1.0,0.0,0.0,0.0,0.0,0.0,0.0,0.0,0.0,0.0,0.0,11,177
44.0,52.0,36.0,8.0,58.0,18.0,28.0,118.0,22.0,12.0,8.0,14.0,0.0,0.0,2.0,0.0,2.0,0.0,2.0,0.0,2.0,0.0,2.0,0.0,4.0,0.0,0.0,0.0,0.0,0.0,0.0,0.0,0.0,0.0,0.0,36,772
38.0,96.0,34.0,7.0,42.0,24.0,13.0,138.0,27.0,6.0,1.0,17.0,1.0,10.0,0.0,1.0,2.0,2.0,0.0,0.0,0.0,0.0,1.0,0.0,1.0,0.0,0.0,0.0,0.0,0.0,0.0,0.0,0.0,0.0,0.0,36,783
36.0,147.0,38.0,9.0,18.0,6.0,7.0,75.0,11.0,4.0,0.0,15.0,0.0,1.0,0.0,0.0,1.0,2.0,0.0,0.0,0.0,0.0,1.0,0.0,0.0,0.0,0.0,0.0,0.0,0.0,0.0,0.0,0.0,0.0,0.0,26,601
69.0,122.0,21.0,4.0,37.0,15.0,36.0,125.0,6.0,3.0,10.0,40.0,0.0,5.0,2.0,0.0,0.0,3.0,1.0,0.0,2.0,0.0,1.0,0.0,0.0,0.0,0.0,0.0,0.0,0.0,0.0,0.0,0.0,0.0,0.0,40,884
72.0,111.0,20.0,0.0,56.0,15.0,13.0,93.0,20.0,7.0,3.0,26.0,0.0,8.0,2.0,0.0,0.0,11.0,1.0,0.0,0.0,1.0,0.0,0.0,2.0,0.0,0.0,0.0,0.0,0.0,0.0,0.0,0.0,0.0,0.0,41,768
44.0,76.0,8.0,0.0,25.0,6.0,18.0,68.0,8.0,4.0,4.0,9.0,0.0,9.0,0.0,0.0,1.0,0.0,1.0,0.0,0.0,0.0,0.0,0.0,1.0,0.0,0.0,0.0,0.0,0.0,0.0,0.0,0.0,0.0,0.0,17,455
58.0,113.0,34.0,9.0,49.0,14.0,16.0,121.0,13.0,4.0,1.0,9.0,0.0,3.0,1.0,0.0,1.0,4.0,0.0,0.0,0.0,0.0,0.0,0.0,0.0,0.0,0.0,0.0,0.0,0.0,0.0,0.0,0.0,0.0,0.0,29,843
39.0,104.0,18.0,6.0,28.0,12.0,12.0,102.0,12.0,3.0,3.0,9.0,0.0,5.0,1.0,0.0,2.0,4.0,0.0,0.0,0.0,0.0,0.0,0.0,0.0,0.0,0.0,0.0,0.0,0.0,0.0,0.0,0.0,0.0,0.0,33,591
39.0,79.0,9.0,3.0,43.0,12.0,16.0,56.0,16.0,3.0,1.0,14.0,0.0,9.0,0.0,0.0,0.0,0.0,0.0,0.0,0.0,1.0,0.0,0.0,0.0,0.0,0.0,0.0,0.0,0.0,0.0,0.0,0.0,0.0,0.0,28,540
88.0,120.0,20.0,0.0,70.0,21.0,14.0,97.0,30.0,18.0,4.0,16.0,0.0,3.0,3.0,0.0,4.0,1.0,0.0,0.0,0.0,0.0,1.0,0.0,0.0,0.0,1.0,0.0,0.0,0.0,0.0,0.0,0.0,0.0,0.0,26,858
59.0,96.0,43.0,12.0,21.0,12.0,24.0,85.0,5.0,3.0,0.0,9.0,0.0,4.0,0.0,0.0,3.0,3.0,0.0,2.0,1.0,0.0,2.0,0.0,0.0,0.0,0.0,0.0,0.0,0.0,0.0,0.0,0.0,0.0,0.0,45,641
31.0,75.0,21.0,3.0,16.0,9.0,9.0,64.0,6.0,3.0,1.0,7.0,0.0,1.0,4.0,0.0,0.0,2.0,0.0,1.0,1.0,0.0,0.0,0.0,0.0,0.0,0.0,0.0,0.0,0.0,0.0,0.0,0.0,0.0,1.0,18,427
52.0,65.0,24.0,4.0,46.0,14.0,11.0,121.0,13.0,3.0,4.0,15.0,1.0,4.0,0.0,0.0,0.0,2.0,1.0,0.0,0.0,0.0,0.0,0.0,0.0,0.0,0.0,0.0,0.0,0.0,0.0,0.0,0.0,0.0,0.0,31,645
28.0,85.0,30.0,7.0,11.0,3.0,8.0,67.0,2.0,2.0,2.0,14.0,0.0,0.0,3.0,0.0,0.0,4.0,2.0,0.0,0.0,0.0,1.0,0.0,1.0,0.0,0.0,0.0,0.0,0.0,0.0,0.0,0.0,0.0,0.0,25,468
62.0,99.0,4.0,4.0,24.0,13.0,15.0,97.0,8.0,3.0,2.0,14.0,0.0,10.0,1.0,0.0,2.0,0.0,0.0,0.0,0.0,0.0,1.0,0.0,1.0,0.0,0.0,0.0,0.0,0.0,0.0,0.0,0.0,0.0,0.0,32,615
30.0,87.0,30.0,11.0,23.0,14.0,4.0,70.0,3.0,7.0,0.0,12.0,1.0,3.0,1.0,0.0,1.0,4.0,0.0,1.0,0.0,0.0,1.0,0.0,0.0,0.0,0.0,0.0,0.0,0.0,0.0,0.0,0.0,0.0,0.0,24,500
14.0,47.0,13.0,3.0,15.0,7.0,3.0,39.0,7.0,0.0,0.0,7.0,0.0,1.0,1.0,0.0,0.0,0.0,0.0,0.0,0.0,0.0,0.0,0.0,0.0,0.0,0.0,0.0,0.0,0.0,0.0,0.0,0.0,0.0,0.0,13,253
43.0,67.0,21.0,2.0,42.0,15.0,13.0,91.0,15.0,7.0,0.0,17.0,0.0,4.0,1.0,0.0,0.0,8.0,0.0,0.0,0.0,0.0,1.0,0.0,0.0,0.0,0.0,0.0,0.0,0.0,0.0,0.0,0.0,0.0,0.0,33,606
0.0,0.0,0.0,0.0,0.0,0.0,0.0,0.0,0.0,0.0,0.0,0.0,0.0,0.0,0.0,0.0,0.0,0.0,0.0,0.0,0.0,0.0,0.0,0.0,0.0,0.0,0.0,0.0,0.0,0.0,0.0,0.0,0.0,0.0,0.0,0,0
3.0,9.0,0.0,0.0,1.0,1.0,0.0,5.0,0.0,0.0,0.0,0.0,0.0,0.0,1.0,0.0,0.0,0.0,0.0,0.0,0.0,0.0,0.0,0.0,0.0,0.0,0.0,0.0,0.0,0.0,0.0,0.0,0.0,0.0,0.0,1,31
15.0,27.0,9.0,6.0,19.0,9.0,8.0,28.0,2.0,0.0,1.0,11.0,0.0,1.0,0.0,0.0,0.0,0.0,0.0,0.0,0.0,0.0,3.0,0.0,0.0,0.0,0.0,0.0,0.0,0.0,0.0,0.0,0.0,0.0,0.0,13,229
55.0,67.0,14.0,1.0,47.0,7.0,27.0,90.0,28.0,6.0,6.0,19.0,1.0,3.0,1.0,1.0,1.0,1.0,0.0,0.0,0.0,0.0,0.0,0.0,0.0,0.0,0.0,0.0,0.0,0.0,0.0,0.0,0.0,0.0,0.0,38,705
10.0,28.0,6.0,2.0,4.0,3.0,2.0,15.0,1.0,0.0,1.0,2.0,0.0,2.0,0.0,0.0,0.0,1.0,0.0,0.0,0.0,0.0,0.0,0.0,0.0,0.0,0.0,0.0,0.0,0.0,0.0,0.0,0.0,0.0,0.0,5,136
14.0,32.0,8.0,2.0,14.0,5.0,7.0,10.0,5.0,0.0,3.0,2.0,0.0,1.0,2.0,0.0,1.0,1.0,0.0,0.0,0.0,0.0,0.0,0.0,0.0,0.0,0.0,0.0,0.0,0.0,0.0,0.0,0.0,0.0,0.0,7,197
19.0,44.0,12.0,2.0,11.0,1.0,12.0,28.0,4.0,0.0,1.0,5.0,0.0,0.0,0.0,0.0,0.0,2.0,1.0,0.0,0.0,0.0,0.0,0.0,0.0,0.0,0.0,0.0,0.0,0.0,0.0,0.0,0.0,0.0,0.0,10,247
40.0,72.0,15.0,4.0,27.0,12.0,14.0,76.0,6.0,1.0,1.0,6.0,0.0,7.0,1.0,0.0,0.0,2.0,2.0,1.0,0.0,0.0,0.0,0.0,0.0,0.0,0.0,0.0,0.0,0.0,0.0,0.0,0.0,0.0,0.0,25,474
14.0,37.0,8.0,1.0,10.0,4.0,2.0,24.0,2.0,0.0,0.0,6.0,0.0,0.0,1.0,0.0,0.0,0.0,1.0,0.0,0.0,0.0,0.0,0.0,0.0,0.0,0.0,0.0,0.0,0.0,0.0,0.0,0.0,0.0,0.0,7,182
17.0,70.0,16.0,5.0,20.0,6.0,9.0,34.0,3.0,0.0,0.0,6.0,0.0,3.0,2.0,0.0,0.0,0.0,0.0,0.0,1.0,0.0,0.0,0.0,0.0,0.0,0.0,0.0,0.0,0.0,0.0,0.0,0.0,0.0,0.0,20,313
16.0,24.0,4.0,0.0,13.0,7.0,2.0,26.0,2.0,3.0,0.0,4.0,0.0,0.0,0.0,0.0,0.0,1.0,0.0,0.0,0.0,0.0,0.0,0.0,0.0,0.0,0.0,0.0,0.0,0.0,0.0,0.0,0.0,0.0,0.0,6,182
56.0,86.0,8.0,0.0,32.0,17.0,12.0,82.0,8.0,5.0,1.0,12.0,0.0,7.0,0.0,0.0,0.0,5.0,0.0,2.0,2.0,1.0,1.0,0.0,0.0,0.0,0.0,0.0,0.0,0.0,0.0,0.0,0.0,0.0,0.0,34,575
44.0,84.0,15.0,3.0,24.0,15.0,26.0,100.0,13.0,2.0,2.0,24.0,0.0,3.0,0.0,0.0,0.0,0.0,0.0,0.0,0.0,0.0,0.0,0.0,0.0,0.0,0.0,0.0,0.0,0.0,0.0,0.0,0.0,0.0,0.0,34,655
55.0,67.0,14.0,1.0,47.0,7.0,27.0,90.0,28.0,6.0,6.0,19.0,1.0,3.0,1.0,1.0,1.0,1.0,0.0,0.0,0.0,0.0,0.0,0.0,0.0,0.0,0.0,0.0,0.0,0.0,0.0,0.0,0.0,0.0,0.0,38,705
10.0,28.0,6.0,2.0,4.0,3.0,2.0,15.0,1.0,0.0,1.0,2.0,0.0,2.0,0.0,0.0,0.0,1.0,0.0,0.0,0.0,0.0,0.0,0.0,0.0,0.0,0.0,0.0,0.0,0.0,0.0,0.0,0.0,0.0,0.0,5,136
14.0,32.0,8.0,2.0,14.0,5.0,7.0,10.0,5.0,0.0,3.0,2.0,0.0,1.0,2.0,0.0,1.0,1.0,0.0,0.0,0.0,0.0,0.0,0.0,0.0,0.0,0.0,0.0,0.0,0.0,0.0,0.0,0.0,0.0,0.0,7,197
19.0,44.0,12.0,2.0,11.0,1.0,12.0,28.0,4.0,0.0,1.0,5.0,0.0,0.0,0.0,0.0,0.0,2.0,1.0,0.0,0.0,0.0,0.0,0.0,0.0,0.0,0.0,0.0,0.0,0.0,0.0,0.0,0.0,0.0,0.0,10,247
40.0,72.0,15.0,4.0,27.0,12.0,14.0,76.0,6.0,1.0,1.0,6.0,0.0,7.0,1.0,0.0,0.0,2.0,2.0,1.0,0.0,0.0,0.0,0.0,0.0,0.0,0.0,0.0,0.0,0.0,0.0,0.0,0.0,0.0,0.0,25,474
14.0,37.0,8.0,1.0,10.0,4.0,2.0,24.0,2.0,0.0,0.0,6.0,0.0,0.0,1.0,0.0,0.0,0.0,1.0,0.0,0.0,0.0,0.0,0.0,0.0,0.0,0.0,0.0,0.0,0.0,0.0,0.0,0.0,0.0,0.0,7,182
17.0,70.0,16.0,5.0,20.0,6.0,9.0,34.0,3.0,0.0,0.0,6.0,0.0,3.0,2.0,0.0,0.0,0.0,0.0,0.0,1.0,0.0,0.0,0.0,0.0,0.0,0.0,0.0,0.0,0.0,0.0,0.0,0.0,0.0,0.0,20,313
16.0,24.0,4.0,0.0,13.0,7.0,2.0,26.0,2.0,3.0,0.0,4.0,0.0,0.0,0.0,0.0,0.0,1.0,0.0,0.0,0.0,0.0,0.0,0.0,0.0,0.0,0.0,0.0,0.0,0.0,0.0,0.0,0.0,0.0,0.0,6,182
56.0,86.0,8.0,0.0,32.0,17.0,12.0,82.0,8.0,5.0,1.0,12.0,0.0,7.0,0.0,0.0,0.0,5.0,0.0,2.0,2.0,1.0,1.0,0.0,0.0,0.0,0.0,0.0,0.0,0.0,0.0,0.0,0.0,0.0,0.0,34,575
44.0,84.0,15.0,3.0,24.0,15.0,26.0,100.0,13.0,2.0,2.0,24.0,0.0,3.0,0.0,0.0,0.0,0.0,0.0,0.0,0.0,0.0,0.0,0.0,0.0,0.0,0.0,0.0,0.0,0.0,0.0,0.0,0.0,0.0,0.0,34,655
55.0,67.0,14.0,1.0,47.0,7.0,27.0,90.0,28.0,6.0,6.0,19.0,1.0,3.0,1.0,1.0,1.0,1.0,0.0,0.0,0.0,0.0,0.0,0.0,0.0,0.0,0.0,0.0,0.0,0.0,0.0,0.0,0.0,0.0,0.0,38,705
10.0,28.0,6.0,2.0,4.0,3.0,2.0,15.0,1.0,0.0,1.0,2.0,0.0,2.0,0.0,0.0,0.0,1.0,0.0,0.0,0.0,0.0,0.0,0.0,0.0,0.0,0.0,0.0,0.0,0.0,0.0,0.0,0.0,0.0,0.0,5,136
14.0,32.0,8.0,2.0,14.0,5.0,7.0,10.0,5.0,0.0,3.0,2.0,0.0,1.0,2.0,0.0,1.0,1.0,0.0,0.0,0.0,0.0,0.0,0.0,0.0,0.0,0.0,0.0,0.0,0.0,0.0,0.0,0.0,0.0,0.0,7,197
19.0,44.0,12.0,2.0,11.0,1.0,12.0,28.0,4.0,0.0,1.0,5.0,0.0,0.0,0.0,0.0,0.0,2.0,1.0,0.0,0.0,0.0,0.0,0.0,0.0,0.0,0.0,0.0,0.0,0.0,0.0,0.0,0.0,0.0,0.0,10,247
40.0,72.0,15.0,4.0,27.0,12.0,14.0,76.0,6.0,1.0,1.0,6.0,0.0,7.0,1.0,0.0,0.0,2.0,2.0,1.0,0.0,0.0,0.0,0.0,0.0,0.0,0.0,0.0,0.0,0.0,0.0,0.0,0.0,0.0,0.0,25,474
14.0,37.0,8.0,1.0,10.0,4.0,2.0,24.0,2.0,0.0,0.0,6.0,0.0,0.0,1.0,0.0,0.0,0.0,1.0,0.0,0.0,0.0,0.0,0.0,0.0,0.0,0.0,0.0,0.0,0.0,0.0,0.0,0.0,0.0,0.0,7,182
17.0,70.0,16.0,5.0,20.0,6.0,9.0,34.0,3.0,0.0,0.0,6.0,0.0,3.0,2.0,0.0,0.0,0.0,0.0,0.0,1.0,0.0,0.0,0.0,0.0,0.0,0.0,0.0,0.0,0.0,0.0,0.0,0.0,0.0,0.0,20,313
16.0,24.0,4.0,0.0,13.0,7.0,2.0,26.0,2.0,3.0,0.0,4.0,0.0,0.0,0.0,0.0,0.0,1.0,0.0,0.0,0.0,0.0,0.0,0.0,0.0,0.0,0.0,0.0,0.0,0.0,0.0,0.0,0.0,0.0,0.0,6,182
56.0,86.0,8.0,0.0,32.0,17.0,12.0,82.0,8.0,5.0,1.0,12.0,0.0,7.0,0.0,0.0,0.0,5.0,0.0,2.0,2.0,1.0,1.0,0.0,0.0,0.0,0.0,0.0,0.0,0.0,0.0,0.0,0.0,0.0,0.0,34,575
44.0,84.0,15.0,3.0,24.0,15.0,26.0,100.0,13.0,2.0,2.0,24.0,0.0,3.0,0.0,0.0,0.0,0.0,0.0,0.0,0.0,0.0,0.0,0.0,0.0,0.0,0.0,0.0,0.0,0.0,0.0,0.0,0.0,0.0,0.0,34,655
55.0,67.0,14.0,1.0,47.0,7.0,27.0,90.0,28.0,6.0,6.0,19.0,1.0,3.0,1.0,1.0,1.0,1.0,0.0,0.0,0.0,0.0,0.0,0.0,0.0,0.0,0.0,0.0,0.0,0.0,0.0,0.0,0.0,0.0,0.0,38,705
10.0,28.0,6.0,2.0,4.0,3.0,2.0,15.0,1.0,0.0,1.0,2.0,0.0,2.0,0.0,0.0,0.0,1.0,0.0,0.0,0.0,0.0,0.0,0.0,0.0,0.0,0.0,0.0,0.0,0.0,0.0,0.0,0.0,0.0,0.0,5,136
14.0,32.0,8.0,2.0,14.0,5.0,7.0,10.0,5.0,0.0,3.0,2.0,0.0,1.0,2.0,0.0,1.0,1.0,0.0,0.0,0.0,0.0,0.0,0.0,0.0,0.0,0.0,0.0,0.0,0.0,0.0,0.0,0.0,0.0,0.0,7,197
19.0,44.0,12.0,2.0,11.0,1.0,12.0,28.0,4.0,0.0,1.0,5.0,0.0,0.0,0.0,0.0,0.0,2.0,1.0,0.0,0.0,0.0,0.0,0.0,0.0,0.0,0.0,0.0,0.0,0.0,0.0,0.0,0.0,0.0,0.0,10,247
40.0,72.0,15.0,4.0,27.0,12.0,14.0,76.0,6.0,1.0,1.0,6.0,0.0,7.0,1.0,0.0,0.0,2.0,2.0,1.0,0.0,0.0,0.0,0.0,0.0,0.0,0.0,0.0,0.0,0.0,0.0,0.0,0.0,0.0,0.0,25,474
14.0,37.0,8.0,1.0,10.0,4.0,2.0,24.0,2.0,0.0,0.0,6.0,0.0,0.0,1.0,0.0,0.0,0.0,1.0,0.0,0.0,0.0,0.0,0.0,0.0,0.0,0.0,0.0,0.0,0.0,0.0,0.0,0.0,0.0,0.0,7,182
17.0,70.0,16.0,5.0,20.0,6.0,9.0,34.0,3.0,0.0,0.0,6.0,0.0,3.0,2.0,0.0,0.0,0.0,0.0,0.0,1.0,0.0,0.0,0.0,0.0,0.0,0.0,0.0,0.0,0.0,0.0,0.0,0.0,0.0,0.0,20,313
16.0,24.0,4.0,0.0,13.0,7.0,2.0,26.0,2.0,3.0,0.0,4.0,0.0,0.0,0.0,0.0,0.0,1.0,0.0,0.0,0.0,0.0,0.0,0.0,0.0,0.0,0.0,0.0,0.0,0.0,0.0,0.0,0.0,0.0,0.0,6,182
56.0,86.0,8.0,0.0,32.0,17.0,12.0,82.0,8.0,5.0,1.0,12.0,0.0,7.0,0.0,0.0,0.0,5.0,0.0,2.0,2.0,1.0,1.0,0.0,0.0,0.0,0.0,0.0,0.0,0.0,0.0,0.0,0.0,0.0,0.0,34,575
44.0,84.0,15.0,3.0,24.0,15.0,26.0,100.0,13.0,2.0,2.0,24.0,0.0,3.0,0.0,0.0,0.0,0.0,0.0,0.0,0.0,0.0,0.0,0.0,0.0,0.0,0.0,0.0,0.0,0.0,0.0,0.0,0.0,0.0,0.0,34,655
55.0,67.0,14.0,1.0,47.0,7.0,27.0,90.0,28.0,6.0,6.0,19.0,1.0,3.0,1.0,1.0,1.0,1.0,0.0,0.0,0.0,0.0,0.0,0.0,0.0,0.0,0.0,0.0,0.0,0.0,0.0,0.0,0.0,0.0,0.0,38,705
10.0,28.0,6.0,2.0,4.0,3.0,2.0,15.0,1.0,0.0,1.0,2.0,0.0,2.0,0.0,0.0,0.0,1.0,0.0,0.0,0.0,0.0,0.0,0.0,0.0,0.0,0.0,0.0,0.0,0.0,0.0,0.0,0.0,0.0,0.0,5,136
14.0,32.0,8.0,2.0,14.0,5.0,7.0,10.0,5.0,0.0,3.0,2.0,0.0,1.0,2.0,0.0,1.0,1.0,0.0,0.0,0.0,0.0,0.0,0.0,0.0,0.0,0.0,0.0,0.0,0.0,0.0,0.0,0.0,0.0,0.0,7,197
19.0,44.0,12.0,2.0,11.0,1.0,12.0,28.0,4.0,0.0,1.0,5.0,0.0,0.0,0.0,0.0,0.0,2.0,1.0,0.0,0.0,0.0,0.0,0.0,0.0,0.0,0.0,0.0,0.0,0.0,0.0,0.0,0.0,0.0,0.0,10,247
40.0,72.0,15.0,4.0,27.0,12.0,14.0,76.0,6.0,1.0,1.0,6.0,0.0,7.0,1.0,0.0,0.0,2.0,2.0,1.0,0.0,0.0,0.0,0.0,0.0,0.0,0.0,0.0,0.0,0.0,0.0,0.0,0.0,0.0,0.0,25,474
14.0,37.0,8.0,1.0,10.0,4.0,2.0,24.0,2.0,0.0,0.0,6.0,0.0,0.0,1.0,0.0,0.0,0.0,1.0,0.0,0.0,0.0,0.0,0.0,0.0,0.0,0.0,0.0,0.0,0.0,0.0,0.0,0.0,0.0,0.0,7,182
17.0,70.0,16.0,5.0,20.0,6.0,9.0,34.0,3.0,0.0,0.0,6.0,0.0,3.0,2.0,0.0,0.0,0.0,0.0,0.0,1.0,0.0,0.0,0.0,0.0,0.0,0.0,0.0,0.0,0.0,0.0,0.0,0.0,0.0,0.0,20,313
16.0,24.0,4.0,0.0,13.0,7.0,2.0,26.0,2.0,3.0,0.0,4.0,0.0,0.0,0.0,0.0,0.0,1.0,0.0,0.0,0.0,0.0,0.0,0.0,0.0,0.0,0.0,0.0,0.0,0.0,0.0,0.0,0.0,0.0,0.0,6,182
56.0,86.0,8.0,0.0,32.0,17.0,12.0,82.0,8.0,5.0,1.0,12.0,0.0,7.0,0.0,0.0,0.0,5.0,0.0,2.0,2.0,1.0,1.0,0.0,0.0,0.0,0.0,0.0,0.0,0.0,0.0,0.0,0.0,0.0,0.0,34,575
44.0,84.0,15.0,3.0,24.0,15.0,26.0,100.0,13.0,2.0,2.0,24.0,0.0,3.0,0.0,0.0,0.0,0.0,0.0,0.0,0.0,0.0,0.0,0.0,0.0,0.0,0.0,0.0,0.0,0.0,0.0,0.0,0.0,0.0,0.0,34,655
55.0,67.0,14.0,1.0,47.0,7.0,27.0,90.0,28.0,6.0,6.0,19.0,1.0,3.0,1.0,1.0,1.0,1.0,0.0,0.0,0.0,0.0,0.0,0.0,0.0,0.0,0.0,0.0,0.0,0.0,0.0,0.0,0.0,0.0,0.0,38,705
10.0,28.0,6.0,2.0,4.0,3.0,2.0,15.0,1.0,0.0,1.0,2.0,0.0,2.0,0.0,0.0,0.0,1.0,0.0,0.0,0.0,0.0,0.0,0.0,0.0,0.0,0.0,0.0,0.0,0.0,0.0,0.0,0.0,0.0,0.0,5,136
14.0,32.0,8.0,2.0,14.0,5.0,7.0,10.0,5.0,0.0,3.0,2.0,0.0,1.0,2.0,0.0,1.0,1.0,0.0,0.0,0.0,0.0,0.0,0.0,0.0,0.0,0.0,0.0,0.0,0.0,0.0,0.0,0.0,0.0,0.0,7,197
19.0,44.0,12.0,2.0,11.0,1.0,12.0,28.0,4.0,0.0,1.0,5.0,0.0,0.0,0.0,0.0,0.0,2.0,1.0,0.0,0.0,0.0,0.0,0.0,0.0,0.0,0.0,0.0,0.0,0.0,0.0,0.0,0.0,0.0,0.0,10,247
40.0,72.0,15.0,4.0,27.0,12.0,14.0,76.0,6.0,1.0,1.0,6.0,0.0,7.0,1.0,0.0,0.0,2.0,2.0,1.0,0.0,0.0,0.0,0.0,0.0,0.0,0.0,0.0,0.0,0.0,0.0,0.0,0.0,0.0,0.0,25,474
14.0,37.0,8.0,1.0,10.0,4.0,2.0,24.0,2.0,0.0,0.0,6.0,0.0,0.0,1.0,0.0,0.0,0.0,1.0,0.0,0.0,0.0,0.0,0.0,0.0,0.0,0.0,0.0,0.0,0.0,0.0,0.0,0.0,0.0,0.0,7,182
17.0,70.0,16.0,5.0,20.0,6.0,9.0,34.0,3.0,0.0,0.0,6.0,0.0,3.0,2.0,0.0,0.0,0.0,0.0,0.0,1.0,0.0,0.0,0.0,0.0,0.0,0.0,0.0,0.0,0.0,0.0,0.0,0.0,0.0,0.0,20,313
16.0,24.0,4.0,0.0,13.0,7.0,2.0,26.0,2.0,3.0,0.0,4.0,0.0,0.0,0.0,0.0,0.0,1.0,0.0,0.0,0.0,0.0,0.0,0.0,0.0,0.0,0.0,0.0,0.0,0.0,0.0,0.0,0.0,0.0,0.0,6,182
56.0,86.0,8.0,0.0,32.0,17.0,12.0,82.0,8.0,5.0,1.0,12.0,0.0,7.0,0.0,0.0,0.0,5.0,0.0,2.0,2.0,1.0,1.0,0.0,0.0,0.0,0.0,0.0,0.0,0.0,0.0,0.0,0.0,0.0,0.0,34,575
44.0,84.0,15.0,3.0,24.0,15.0,26.0,100.0,13.0,2.0,2.0,24.0,0.0,3.0,0.0,0.0,0.0,0.0,0.0,0.0,0.0,0.0,0.0,0.0,0.0,0.0,0.0,0.0,0.0,0.0,0.0,0.0,0.0,0.0,0.0,34,655
55.0,67.0,14.0,1.0,47.0,7.0,27.0,90.0,28.0,6.0,6.0,19.0,1.0,3.0,1.0,1.0,1.0,1.0,0.0,0.0,0.0,0.0,0.0,0.0,0.0,0.0,0.0,0.0,0.0,0.0,0.0,0.0,0.0,0.0,0.0,38,705
10.0,28.0,6.0,2.0,4.0,3.0,2.0,15.0,1.0,0.0,1.0,2.0,0.0,2.0,0.0,0.0,0.0,1.0,0.0,0.0,0.0,0.0,0.0,0.0,0.0,0.0,0.0,0.0,0.0,0.0,0.0,0.0,0.0,0.0,0.0,5,136
14.0,32.0,8.0,2.0,14.0,5.0,7.0,10.0,5.0,0.0,3.0,2.0,0.0,1.0,2.0,0.0,1.0,1.0,0.0,0.0,0.0,0.0,0.0,0.0,0.0,0.0,0.0,0.0,0.0,0.0,0.0,0.0,0.0,0.0,0.0,7,197
19.0,44.0,12.0,2.0,11.0,1.0,12.0,28.0,4.0,0.0,1.0,5.0,0.0,0.0,0.0,0.0,0.0,2.0,1.0,0.0,0.0,0.0,0.0,0.0,0.0,0.0,0.0,0.0,0.0,0.0,0.0,0.0,0.0,0.0,0.0,10,247
40.0,72.0,15.0,4.0,27.0,12.0,14.0,76.0,6.0,1.0,1.0,6.0,0.0,7.0,1.0,0.0,0.0,2.0,2.0,1.0,0.0,0.0,0.0,0.0,0.0,0.0,0.0,0.0,0.0,0.0,0.0,0.0,0.0,0.0,0.0,25,474
14.0,37.0,8.0,1.0,10.0,4.0,2.0,24.0,2.0,0.0,0.0,6.0,0.0,0.0,1.0,0.0,0.0,0.0,1.0,0.0,0.0,0.0,0.0,0.0,0.0,0.0,0.0,0.0,0.0,0.0,0.0,0.0,0.0,0.0,0.0,7,182
17.0,70.0,16.0,5.0,20.0,6.0,9.0,34.0,3.0,0.0,0.0,6.0,0.0,3.0,2.0,0.0,0.0,0.0,0.0,0.0,1.0,0.0,0.0,0.0,0.0,0.0,0.0,0.0,0.0,0.0,0.0,0.0,0.0,0.0,0.0,20,313
16.0,24.0,4.0,0.0,13.0,7.0,2.0,26.0,2.0,3.0,0.0,4.0,0.0,0.0,0.0,0.0,0.0,1.0,0.0,0.0,0.0,0.0,0.0,0.0,0.0,0.0,0.0,0.0,0.0,0.0,0.0,0.0,0.0,0.0,0.0,6,182
56.0,86.0,8.0,0.0,32.0,17.0,12.0,82.0,8.0,5.0,1.0,12.0,0.0,7.0,0.0,0.0,0.0,5.0,0.0,2.0,2.0,1.0,1.0,0.0,0.0,0.0,0.0,0.0,0.0,0.0,0.0,0.0,0.0,0.0,0.0,34,575
44.0,84.0,15.0,3.0,24.0,15.0,26.0,100.0,13.0,2.0,2.0,24.0,0.0,3.0,0.0,0.0,0.0,0.0,0.0,0.0,0.0,0.0,0.0,0.0,0.0,0.0,0.0,0.0,0.0,0.0,0.0,0.0,0.0,0.0,0.0,34,655
55.0,67.0,14.0,1.0,47.0,7.0,27.0,90.0,28.0,6.0,6.0,19.0,1.0,3.0,1.0,1.0,1.0,1.0,0.0,0.0,0.0,0.0,0.0,0.0,0.0,0.0,0.0,0.0,0.0,0.0,0.0,0.0,0.0,0.0,0.0,38,705
10.0,28.0,6.0,2.0,4.0,3.0,2.0,15.0,1.0,0.0,1.0,2.0,0.0,2.0,0.0,0.0,0.0,1.0,0.0,0.0,0.0,0.0,0.0,0.0,0.0,0.0,0.0,0.0,0.0,0.0,0.0,0.0,0.0,0.0,0.0,5,136
14.0,32.0,8.0,2.0,14.0,5.0,7.0,10.0,5.0,0.0,3.0,2.0,0.0,1.0,2.0,0.0,1.0,1.0,0.0,0.0,0.0,0.0,0.0,0.0,0.0,0.0,0.0,0.0,0.0,0.0,0.0,0.0,0.0,0.0,0.0,7,197
19.0,44.0,12.0,2.0,11.0,1.0,12.0,28.0,4.0,0.0,1.0,5.0,0.0,0.0,0.0,0.0,0.0,2.0,1.0,0.0,0.0,0.0,0.0,0.0,0.0,0.0,0.0,0.0,0.0,0.0,0.0,0.0,0.0,0.0,0.0,10,247
40.0,72.0,15.0,4.0,27.0,12.0,14.0,76.0,6.0,1.0,1.0,6.0,0.0,7.0,1.0,0.0,0.0,2.0,2.0,1.0,0.0,0.0,0.0,0.0,0.0,0.0,0.0,0.0,0.0,0.0,0.0,0.0,0.0,0.0,0.0,25,474
14.0,37.0,8.0,1.0,10.0,4.0,2.0,24.0,2.0,0.0,0.0,6.0,0.0,0.0,1.0,0.0,0.0,0.0,1.0,0.0,0.0,0.0,0.0,0.0,0.0,0.0,0.0,0.0,0.0,0.0,0.0,0.0,0.0,0.0,0.0,7,182
17.0,70.0,16.0,5.0,20.0,6.0,9.0,34.0,3.0,0.0,0.0,6.0,0.0,3.0,2.0,0.0,0.0,0.0,0.0,0.0,1.0,0.0,0.0,0.0,0.0,0.0,0.0,0.0,0.0,0.0,0.0,0.0,0.0,0.0,0.0,20,313
16.0,24.0,4.0,0.0,13.0,7.0,2.0,26.0,2.0,3.0,0.0,4.0,0.0,0.0,0.0,0.0,0.0,1.0,0.0,0.0,0.0,0.0,0.0,0.0,0.0,0.0,0.0,0.0,0.0,0.0,0.0,0.0,0.0,0.0,0.0,6,182
56.0,86.0,8.0,0.0,32.0,17.0,12.0,82.0,8.0,5.0,1.0,12.0,0.0,7.0,0.0,0.0,0.0,5.0,0.0,2.0,2.0,1.0,1.0,0.0,0.0,0.0,0.0,0.0,0.0,0.0,0.0,0.0,0.0,0.0,0.0,34,575
44.0,84.0,15.0,3.0,24.0,15.0,26.0,100.0,13.0,2.0,2.0,24.0,0.0,3.0,0.0,0.0,0.0,0.0,0.0,0.0,0.0,0.0,0.0,0.0,0.0,0.0,0.0,0.0,0.0,0.0,0.0,0.0,0.0,0.0,0.0,34,655
55.0,67.0,14.0,1.0,47.0,7.0,27.0,90.0,28.0,6.0,6.0,19.0,1.0,3.0,1.0,1.0,1.0,1.0,0.0,0.0,0.0,0.0,0.0,0.0,0.0,0.0,0.0,0.0,0.0,0.0,0.0,0.0,0.0,0.0,0.0,38,705
10.0,28.0,6.0,2.0,4.0,3.0,2.0,15.0,1.0,0.0,1.0,2.0,0.0,2.0,0.0,0.0,0.0,1.0,0.0,0.0,0.0,0.0,0.0,0.0,0.0,0.0,0.0,0.0,0.0,0.0,0.0,0.0,0.0,0.0,0.0,5,136
14.0,32.0,8.0,2.0,14.0,5.0,7.0,10.0,5.0,0.0,3.0,2.0,0.0,1.0,2.0,0.0,1.0,1.0,0.0,0.0,0.0,0.0,0.0,0.0,0.0,0.0,0.0,0.0,0.0,0.0,0.0,0.0,0.0,0.0,0.0,7,197
19.0,44.0,12.0,2.0,11.0,1.0,12.0,28.0,4.0,0.0,1.0,5.0,0.0,0.0,0.0,0.0,0.0,2.0,1.0,0.0,0.0,0.0,0.0,0.0,0.0,0.0,0.0,0.0,0.0,0.0,0.0,0.0,0.0,0.0,0.0,10,247
40.0,72.0,15.0,4.0,27.0,12.0,14.0,76.0,6.0,1.0,1.0,6.0,0.0,7.0,1.0,0.0,0.0,2.0,2.0,1.0,0.0,0.0,0.0,0.0,0.0,0.0,0.0,0.0,0.0,0.0,0.0,0.0,0.0,0.0,0.0,25,474
14.0,37.0,8.0,1.0,10.0,4.0,2.0,24.0,2.0,0.0,0.0,6.0,0.0,0.0,1.0,0.0,0.0,0.0,1.0,0.0,0.0,0.0,0.0,0.0,0.0,0.0,0.0,0.0,0.0,0.0,0.0,0.0,0.0,0.0,0.0,7,182
17.0,70.0,16.0,5.0,20.0,6.0,9.0,34.0,3.0,0.0,0.0,6.0,0.0,3.0,2.0,0.0,0.0,0.0,0.0,0.0,1.0,0.0,0.0,0.0,0.0,0.0,0.0,0.0,0.0,0.0,0.0,0.0,0.0,0.0,0.0,20,313
16.0,24.0,4.0,0.0,13.0,7.0,2.0,26.0,2.0,3.0,0.0,4.0,0.0,0.0,0.0,0.0,0.0,1.0,0.0,0.0,0.0,0.0,0.0,0.0,0.0,0.0,0.0,0.0,0.0,0.0,0.0,0.0,0.0,0.0,0.0,6,182
56.0,86.0,8.0,0.0,32.0,17.0,12.0,82.0,8.0,5.0,1.0,12.0,0.0,7.0,0.0,0.0,0.0,5.0,0.0,2.0,2.0,1.0,1.0,0.0,0.0,0.0,0.0,0.0,0.0,0.0,0.0,0.0,0.0,0.0,0.0,34,575
44.0,84.0,15.0,3.0,24.0,15.0,26.0,100.0,13.0,2.0,2.0,24.0,0.0,3.0,0.0,0.0,0.0,0.0,0.0,0.0,0.0,0.0,0.0,0.0,0.0,0.0,0.0,0.0,0.0,0.0,0.0,0.0,0.0,0.0,0.0,34,655
55.0,67.0,14.0,1.0,47.0,7.0,27.0,90.0,28.0,6.0,6.0,19.0,1.0,3.0,1.0,1.0,1.0,1.0,0.0,0.0,0.0,0.0,0.0,0.0,0.0,0.0,0.0,0.0,0.0,0.0,0.0,0.0,0.0,0.0,0.0,38,705
10.0,28.0,6.0,2.0,4.0,3.0,2.0,15.0,1.0,0.0,1.0,2.0,0.0,2.0,0.0,0.0,0.0,1.0,0.0,0.0,0.0,0.0,0.0,0.0,0.0,0.0,0.0,0.0,0.0,0.0,0.0,0.0,0.0,0.0,0.0,5,136
14.0,32.0,8.0,2.0,14.0,5.0,7.0,10.0,5.0,0.0,3.0,2.0,0.0,1.0,2.0,0.0,1.0,1.0,0.0,0.0,0.0,0.0,0.0,0.0,0.0,0.0,0.0,0.0,0.0,0.0,0.0,0.0,0.0,0.0,0.0,7,197
19.0,44.0,12.0,2.0,11.0,1.0,12.0,28.0,4.0,0.0,1.0,5.0,0.0,0.0,0.0,0.0,0.0,2.0,1.0,0.0,0.0,0.0,0.0,0.0,0.0,0.0,0.0,0.0,0.0,0.0,0.0,0.0,0.0,0.0,0.0,10,247
40.0,72.0,15.0,4.0,27.0,12.0,14.0,76.0,6.0,1.0,1.0,6.0,0.0,7.0,1.0,0.0,0.0,2.0,2.0,1.0,0.0,0.0,0.0,0.0,0.0,0.0,0.0,0.0,0.0,0.0,0.0,0.0,0.0,0.0,0.0,25,474
14.0,37.0,8.0,1.0,10.0,4.0,2.0,24.0,2.0,0.0,0.0,6.0,0.0,0.0,1.0,0.0,0.0,0.0,1.0,0.0,0.0,0.0,0.0,0.0,0.0,0.0,0.0,0.0,0.0,0.0,0.0,0.0,0.0,0.0,0.0,7,182
17.0,70.0,16.0,5.0,20.0,6.0,9.0,34.0,3.0,0.0,0.0,6.0,0.0,3.0,2.0,0.0,0.0,0.0,0.0,0.0,1.0,0.0,0.0,0.0,0.0,0.0,0.0,0.0,0.0,0.0,0.0,0.0,0.0,0.0,0.0,20,313
16.0,24.0,4.0,0.0,13.0,7.0,2.0,26.0,2.0,3.0,0.0,4.0,0.0,0.0,0.0,0.0,0.0,1.0,0.0,0.0,0.0,0.0,0.0,0.0,0.0,0.0,0.0,0.0,0.0,0.0,0.0,0.0,0.0,0.0,0.0,6,182
56.0,86.0,8.0,0.0,32.0,17.0,12.0,82.0,8.0,5.0,1.0,12.0,0.0,7.0,0.0,0.0,0.0,5.0,0.0,2.0,2.0,1.0,1.0,0.0,0.0,0.0,0.0,0.0,0.0,0.0,0.0,0.0,0.0,0.0,0.0,34,575
44.0,84.0,15.0,3.0,24.0,15.0,26.0,100.0,13.0,2.0,2.0,24.0,0.0,3.0,0.0,0.0,0.0,0.0,0.0,0.0,0.0,0.0,0.0,0.0,0.0,0.0,0.0,0.0,0.0,0.0,0.0,0.0,0.0,0.0,0.0,34,655
55.0,67.0,14.0,1.0,47.0,7.0,27.0,90.0,28.0,6.0,6.0,19.0,1.0,3.0,1.0,1.0,1.0,1.0,0.0,0.0,0.0,0.0,0.0,0.0,0.0,0.0,0.0,0.0,0.0,0.0,0.0,0.0,0.0,0.0,0.0,38,705
10.0,28.0,6.0,2.0,4.0,3.0,2.0,15.0,1.0,0.0,1.0,2.0,0.0,2.0,0.0,0.0,0.0,1.0,0.0,0.0,0.0,0.0,0.0,0.0,0.0,0.0,0.0,0.0,0.0,0.0,0.0,0.0,0.0,0.0,0.0,5,136
14.0,32.0,8.0,2.0,14.0,5.0,7.0,10.0,5.0,0.0,3.0,2.0,0.0,1.0,2.0,0.0,1.0,1.0,0.0,0.0,0.0,0.0,0.0,0.0,0.0,0.0,0.0,0.0,0.0,0.0,0.0,0.0,0.0,0.0,0.0,7,197
19.0,44.0,12.0,2.0,11.0,1.0,12.0,28.0,4.0,0.0,1.0,5.0,0.0,0.0,0.0,0.0,0.0,2.0,1.0,0.0,0.0,0.0,0.0,0.0,0.0,0.0,0.0,0.0,0.0,0.0,0.0,0.0,0.0,0.0,0.0,10,247
40.0,72.0,15.0,4.0,27.0,12.0,14.0,76.0,6.0,1.0,1.0,6.0,0.0,7.0,1.0,0.0,0.0,2.0,2.0,1.0,0.0,0.0,0.0,0.0,0.0,0.0,0.0,0.0,0.0,0.0,0.0,0.0,0.0,0.0,0.0,25,474
14.0,37.0,8.0,1.0,10.0,4.0,2.0,24.0,2.0,0.0,0.0,6.0,0.0,0.0,1.0,0.0,0.0,0.0,1.0,0.0,0.0,0.0,0.0,0.0,0.0,0.0,0.0,0.0,0.0,0.0,0.0,0.0,0.0,0.0,0.0,7,182
17.0,70.0,16.0,5.0,20.0,6.0,9.0,34.0,3.0,0.0,0.0,6.0,0.0,3.0,2.0,0.0,0.0,0.0,0.0,0.0,1.0,0.0,0.0,0.0,0.0,0.0,0.0,0.0,0.0,0.0,0.0,0.0,0.0,0.0,0.0,20,313
16.0,24.0,4.0,0.0,13.0,7.0,2.0,26.0,2.0,3.0,0.0,4.0,0.0,0.0,0.0,0.0,0.0,1.0,0.0,0.0,0.0,0.0,0.0,0.0,0.0,0.0,0.0,0.0,0.0,0.0,0.0,0.0,0.0,0.0,0.0,6,182
56.0,86.0,8.0,0.0,32.0,17.0,12.0,82.0,8.0,5.0,1.0,12.0,0.0,7.0,0.0,0.0,0.0,5.0,0.0,2.0,2.0,1.0,1.0,0.0,0.0,0.0,0.0,0.0,0.0,0.0,0.0,0.0,0.0,0.0,0.0,34,575
44.0,84.0,15.0,3.0,24.0,15.0,26.0,100.0,13.0,2.0,2.0,24.0,0.0,3.0,0.0,0.0,0.0,0.0,0.0,0.0,0.0,0.0,0.0,0.0,0.0,0.0,0.0,0.0,0.0,0.0,0.0,0.0,0.0,0.0,0.0,34,655
55.0,67.0,14.0,1.0,47.0,7.0,27.0,90.0,28.0,6.0,6.0,19.0,1.0,3.0,1.0,1.0,1.0,1.0,0.0,0.0,0.0,0.0,0.0,0.0,0.0,0.0,0.0,0.0,0.0,0.0,0.0,0.0,0.0,0.0,0.0,38,705
10.0,28.0,6.0,2.0,4.0,3.0,2.0,15.0,1.0,0.0,1.0,2.0,0.0,2.0,0.0,0.0,0.0,1.0,0.0,0.0,0.0,0.0,0.0,0.0,0.0,0.0,0.0,0.0,0.0,0.0,0.0,0.0,0.0,0.0,0.0,5,136
14.0,32.0,8.0,2.0,14.0,5.0,7.0,10.0,5.0,0.0,3.0,2.0,0.0,1.0,2.0,0.0,1.0,1.0,0.0,0.0,0.0,0.0,0.0,0.0,0.0,0.0,0.0,0.0,0.0,0.0,0.0,0.0,0.0,0.0,0.0,7,197
19.0,44.0,12.0,2.0,11.0,1.0,12.0,28.0,4.0,0.0,1.0,5.0,0.0,0.0,0.0,0.0,0.0,2.0,1.0,0.0,0.0,0.0,0.0,0.0,0.0,0.0,0.0,0.0,0.0,0.0,0.0,0.0,0.0,0.0,0.0,10,247
40.0,72.0,15.0,4.0,27.0,12.0,14.0,76.0,6.0,1.0,1.0,6.0,0.0,7.0,1.0,0.0,0.0,2.0,2.0,1.0,0.0,0.0,0.0,0.0,0.0,0.0,0.0,0.0,0.0,0.0,0.0,0.0,0.0,0.0,0.0,25,474
14.0,37.0,8.0,1.0,10.0,4.0,2.0,24.0,2.0,0.0,0.0,6.0,0.0,0.0,1.0,0.0,0.0,0.0,1.0,0.0,0.0,0.0,0.0,0.0,0.0,0.0,0.0,0.0,0.0,0.0,0.0,0.0,0.0,0.0,0.0,7,182
17.0,70.0,16.0,5.0,20.0,6.0,9.0,34.0,3.0,0.0,0.0,6.0,0.0,3.0,2.0,0.0,0.0,0.0,0.0,0.0,1.0,0.0,0.0,0.0,0.0,0.0,0.0,0.0,0.0,0.0,0.0,0.0,0.0,0.0,0.0,20,313
16.0,24.0,4.0,0.0,13.0,7.0,2.0,26.0,2.0,3.0,0.0,4.0,0.0,0.0,0.0,0.0,0.0,1.0,0.0,0.0,0.0,0.0,0.0,0.0,0.0,0.0,0.0,0.0,0.0,0.0,0.0,0.0,0.0,0.0,0.0,6,182
56.0,86.0,8.0,0.0,32.0,17.0,12.0,82.0,8.0,5.0,1.0,12.0,0.0,7.0,0.0,0.0,0.0,5.0,0.0,2.0,2.0,1.0,1.0,0.0,0.0,0.0,0.0,0.0,0.0,0.0,0.0,0.0,0.0,0.0,0.0,34,575
44.0,84.0,15.0,3.0,24.0,15.0,26.0,100.0,13.0,2.0,2.0,24.0,0.0,3.0,0.0,0.0,0.0,0.0,0.0,0.0,0.0,0.0,0.0,0.0,0.0,0.0,0.0,0.0,0.0,0.0,0.0,0.0,0.0,0.0,0.0,34,655
55.0,67.0,14.0,1.0,47.0,7.0,27.0,90.0,28.0,6.0,6.0,19.0,1.0,3.0,1.0,1.0,1.0,1.0,0.0,0.0,0.0,0.0,0.0,0.0,0.0,0.0,0.0,0.0,0.0,0.0,0.0,0.0,0.0,0.0,0.0,38,705
10.0,28.0,6.0,2.0,4.0,3.0,2.0,15.0,1.0,0.0,1.0,2.0,0.0,2.0,0.0,0.0,0.0,1.0,0.0,0.0,0.0,0.0,0.0,0.0,0.0,0.0,0.0,0.0,0.0,0.0,0.0,0.0,0.0,0.0,0.0,5,136
14.0,32.0,8.0,2.0,14.0,5.0,7.0,10.0,5.0,0.0,3.0,2.0,0.0,1.0,2.0,0.0,1.0,1.0,0.0,0.0,0.0,0.0,0.0,0.0,0.0,0.0,0.0,0.0,0.0,0.0,0.0,0.0,0.0,0.0,0.0,7,197
19.0,44.0,12.0,2.0,11.0,1.0,12.0,28.0,4.0,0.0,1.0,5.0,0.0,0.0,0.0,0.0,0.0,2.0,1.0,0.0,0.0,0.0,0.0,0.0,0.0,0.0,0.0,0.0,0.0,0.0,0.0,0.0,0.0,0.0,0.0,10,247
40.0,72.0,15.0,4.0,27.0,12.0,14.0,76.0,6.0,1.0,1.0,6.0,0.0,7.0,1.0,0.0,0.0,2.0,2.0,1.0,0.0,0.0,0.0,0.0,0.0,0.0,0.0,0.0,0.0,0.0,0.0,0.0,0.0,0.0,0.0,25,474
14.0,37.0,8.0,1.0,10.0,4.0,2.0,24.0,2.0,0.0,0.0,6.0,0.0,0.0,1.0,0.0,0.0,0.0,1.0,0.0,0.0,0.0,0.0,0.0,0.0,0.0,0.0,0.0,0.0,0.0,0.0,0.0,0.0,0.0,0.0,7,182
17.0,70.0,16.0,5.0,20.0,6.0,9.0,34.0,3.0,0.0,0.0,6.0,0.0,3.0,2.0,0.0,0.0,0.0,0.0,0.0,1.0,0.0,0.0,0.0,0.0,0.0,0.0,0.0,0.0,0.0,0.0,0.0,0.0,0.0,0.0,20,313
16.0,24.0,4.0,0.0,13.0,7.0,2.0,26.0,2.0,3.0,0.0,4.0,0.0,0.0,0.0,0.0,0.0,1.0,0.0,0.0,0.0,0.0,0.0,0.0,0.0,0.0,0.0,0.0,0.0,0.0,0.0,0.0,0.0,0.0,0.0,6,182
56.0,86.0,8.0,0.0,32.0,17.0,12.0,82.0,8.0,5.0,1.0,12.0,0.0,7.0,0.0,0.0,0.0,5.0,0.0,2.0,2.0,1.0,1.0,0.0,0.0,0.0,0.0,0.0,0.0,0.0,0.0,0.0,0.0,0.0,0.0,34,575
44.0,84.0,15.0,3.0,24.0,15.0,26.0,100.0,13.0,2.0,2.0,24.0,0.0,3.0,0.0,0.0,0.0,0.0,0.0,0.0,0.0,0.0,0.0,0.0,0.0,0.0,0.0,0.0,0.0,0.0,0.0,0.0,0.0,0.0,0.0,34,655
55.0,67.0,14.0,1.0,47.0,7.0,27.0,90.0,28.0,6.0,6.0,19.0,1.0,3.0,1.0,1.0,1.0,1.0,0.0,0.0,0.0,0.0,0.0,0.0,0.0,0.0,0.0,0.0,0.0,0.0,0.0,0.0,0.0,0.0,0.0,38,705
10.0,28.0,6.0,2.0,4.0,3.0,2.0,15.0,1.0,0.0,1.0,2.0,0.0,2.0,0.0,0.0,0.0,1.0,0.0,0.0,0.0,0.0,0.0,0.0,0.0,0.0,0.0,0.0,0.0,0.0,0.0,0.0,0.0,0.0,0.0,5,136
14.0,32.0,8.0,2.0,14.0,5.0,7.0,10.0,5.0,0.0,3.0,2.0,0.0,1.0,2.0,0.0,1.0,1.0,0.0,0.0,0.0,0.0,0.0,0.0,0.0,0.0,0.0,0.0,0.0,0.0,0.0,0.0,0.0,0.0,0.0,7,197
19.0,44.0,12.0,2.0,11.0,1.0,12.0,28.0,4.0,0.0,1.0,5.0,0.0,0.0,0.0,0.0,0.0,2.0,1.0,0.0,0.0,0.0,0.0,0.0,0.0,0.0,0.0,0.0,0.0,0.0,0.0,0.0,0.0,0.0,0.0,10,247
40.0,72.0,15.0,4.0,27.0,12.0,14.0,76.0,6.0,1.0,1.0,6.0,0.0,7.0,1.0,0.0,0.0,2.0,2.0,1.0,0.0,0.0,0.0,0.0,0.0,0.0,0.0,0.0,0.0,0.0,0.0,0.0,0.0,0.0,0.0,25,474
14.0,37.0,8.0,1.0,10.0,4.0,2.0,24.0,2.0,0.0,0.0,6.0,0.0,0.0,1.0,0.0,0.0,0.0,1.0,0.0,0.0,0.0,0.0,0.0,0.0,0.0,0.0,0.0,0.0,0.0,0.0,0.0,0.0,0.0,0.0,7,182
17.0,70.0,16.0,5.0,20.0,6.0,9.0,34.0,3.0,0.0,0.0,6.0,0.0,3.0,2.0,0.0,0.0,0.0,0.0,0.0,1.0,0.0,0.0,0.0,0.0,0.0,0.0,0.0,0.0,0.0,0.0,0.0,0.0,0.0,0.0,20,313
16.0,24.0,4.0,0.0,13.0,7.0,2.0,26.0,2.0,3.0,0.0,4.0,0.0,0.0,0.0,0.0,0.0,1.0,0.0,0.0,0.0,0.0,0.0,0.0,0.0,0.0,0.0,0.0,0.0,0.0,0.0,0.0,0.0,0.0,0.0,6,182
56.0,86.0,8.0,0.0,32.0,17.0,12.0,82.0,8.0,5.0,1.0,12.0,0.0,7.0,0.0,0.0,0.0,5.0,0.0,2.0,2.0,1.0,1.0,0.0,0.0,0.0,0.0,0.0,0.0,0.0,0.0,0.0,0.0,0.0,0.0,34,575
44.0,84.0,15.0,3.0,24.0,15.0,26.0,100.0,13.0,2.0,2.0,24.0,0.0,3.0,0.0,0.0,0.0,0.0,0.0,0.0,0.0,0.0,0.0,0.0,0.0,0.0,0.0,0.0,0.0,0.0,0.0,0.0,0.0,0.0,0.0,34,655
55.0,67.0,14.0,1.0,47.0,7.0,27.0,90.0,28.0,6.0,6.0,19.0,1.0,3.0,1.0,1.0,1.0,1.0,0.0,0.0,0.0,0.0,0.0,0.0,0.0,0.0,0.0,0.0,0.0,0.0,0.0,0.0,0.0,0.0,0.0,38,705
10.0,28.0,6.0,2.0,4.0,3.0,2.0,15.0,1.0,0.0,1.0,2.0,0.0,2.0,0.0,0.0,0.0,1.0,0.0,0.0,0.0,0.0,0.0,0.0,0.0,0.0,0.0,0.0,0.0,0.0,0.0,0.0,0.0,0.0,0.0,5,136
14.0,32.0,8.0,2.0,14.0,5.0,7.0,10.0,5.0,0.0,3.0,2.0,0.0,1.0,2.0,0.0,1.0,1.0,0.0,0.0,0.0,0.0,0.0,0.0,0.0,0.0,0.0,0.0,0.0,0.0,0.0,0.0,0.0,0.0,0.0,7,197
19.0,44.0,12.0,2.0,11.0,1.0,12.0,28.0,4.0,0.0,1.0,5.0,0.0,0.0,0.0,0.0,0.0,2.0,1.0,0.0,0.0,0.0,0.0,0.0,0.0,0.0,0.0,0.0,0.0,0.0,0.0,0.0,0.0,0.0,0.0,10,247
40.0,72.0,15.0,4.0,27.0,12.0,14.0,76.0,6.0,1.0,1.0,6.0,0.0,7.0,1.0,0.0,0.0,2.0,2.0,1.0,0.0,0.0,0.0,0.0,0.0,0.0,0.0,0.0,0.0,0.0,0.0,0.0,0.0,0.0,0.0,25,474
14.0,37.0,8.0,1.0,10.0,4.0,2.0,24.0,2.0,0.0,0.0,6.0,0.0,0.0,1.0,0.0,0.0,0.0,1.0,0.0,0.0,0.0,0.0,0.0,0.0,0.0,0.0,0.0,0.0,0.0,0.0,0.0,0.0,0.0,0.0,7,182
17.0,70.0,16.0,5.0,20.0,6.0,9.0,34.0,3.0,0.0,0.0,6.0,0.0,3.0,2.0,0.0,0.0,0.0,0.0,0.0,1.0,0.0,0.0,0.0,0.0,0.0,0.0,0.0,0.0,0.0,0.0,0.0,0.0,0.0,0.0,20,313
16.0,24.0,4.0,0.0,13.0,7.0,2.0,26.0,2.0,3.0,0.0,4.0,0.0,0.0,0.0,0.0,0.0,1.0,0.0,0.0,0.0,0.0,0.0,0.0,0.0,0.0,0.0,0.0,0.0,0.0,0.0,0.0,0.0,0.0,0.0,6,182
56.0,86.0,8.0,0.0,32.0,17.0,12.0,82.0,8.0,5.0,1.0,12.0,0.0,7.0,0.0,0.0,0.0,5.0,0.0,2.0,2.0,1.0,1.0,0.0,0.0,0.0,0.0,0.0,0.0,0.0,0.0,0.0,0.0,0.0,0.0,34,575
44.0,84.0,15.0,3.0,24.0,15.0,26.0,100.0,13.0,2.0,2.0,24.0,0.0,3.0,0.0,0.0,0.0,0.0,0.0,0.0,0.0,0.0,0.0,0.0,0.0,0.0,0.0,0.0,0.0,0.0,0.0,0.0,0.0,0.0,0.0,34,655
55.0,67.0,14.0,1.0,47.0,7.0,27.0,90.0,28.0,6.0,6.0,19.0,1.0,3.0,1.0,1.0,1.0,1.0,0.0,0.0,0.0,0.0,0.0,0.0,0.0,0.0,0.0,0.0,0.0,0.0,0.0,0.0,0.0,0.0,0.0,38,705
10.0,28.0,6.0,2.0,4.0,3.0,2.0,15.0,1.0,0.0,1.0,2.0,0.0,2.0,0.0,0.0,0.0,1.0,0.0,0.0,0.0,0.0,0.0,0.0,0.0,0.0,0.0,0.0,0.0,0.0,0.0,0.0,0.0,0.0,0.0,5,136
14.0,32.0,8.0,2.0,14.0,5.0,7.0,10.0,5.0,0.0,3.0,2.0,0.0,1.0,2.0,0.0,1.0,1.0,0.0,0.0,0.0,0.0,0.0,0.0,0.0,0.0,0.0,0.0,0.0,0.0,0.0,0.0,0.0,0.0,0.0,7,197
19.0,44.0,12.0,2.0,11.0,1.0,12.0,28.0,4.0,0.0,1.0,5.0,0.0,0.0,0.0,0.0,0.0,2.0,1.0,0.0,0.0,0.0,0.0,0.0,0.0,0.0,0.0,0.0,0.0,0.0,0.0,0.0,0.0,0.0,0.0,10,247
40.0,72.0,15.0,4.0,27.0,12.0,14.0,76.0,6.0,1.0,1.0,6.0,0.0,7.0,1.0,0.0,0.0,2.0,2.0,1.0,0.0,0.0,0.0,0.0,0.0,0.0,0.0,0.0,0.0,0.0,0.0,0.0,0.0,0.0,0.0,25,474
14.0,37.0,8.0,1.0,10.0,4.0,2.0,24.0,2.0,0.0,0.0,6.0,0.0,0.0,1.0,0.0,0.0,0.0,1.0,0.0,0.0,0.0,0.0,0.0,0.0,0.0,0.0,0.0,0.0,0.0,0.0,0.0,0.0,0.0,0.0,7,182
17.0,70.0,16.0,5.0,20.0,6.0,9.0,34.0,3.0,0.0,0.0,6.0,0.0,3.0,2.0,0.0,0.0,0.0,0.0,0.0,1.0,0.0,0.0,0.0,0.0,0.0,0.0,0.0,0.0,0.0,0.0,0.0,0.0,0.0,0.0,20,313
16.0,24.0,4.0,0.0,13.0,7.0,2.0,26.0,2.0,3.0,0.0,4.0,0.0,0.0,0.0,0.0,0.0,1.0,0.0,0.0,0.0,0.0,0.0,0.0,0.0,0.0,0.0,0.0,0.0,0.0,0.0,0.0,0.0,0.0,0.0,6,182
56.0,86.0,8.0,0.0,32.0,17.0,12.0,82.0,8.0,5.0,1.0,12.0,0.0,7.0,0.0,0.0,0.0,5.0,0.0,2.0,2.0,1.0,1.0,0.0,0.0,0.0,0.0,0.0,0.0,0.0,0.0,0.0,0.0,0.0,0.0,34,575
44.0,84.0,15.0,3.0,24.0,15.0,26.0,100.0,13.0,2.0,2.0,24.0,0.0,3.0,0.0,0.0,0.0,0.0,0.0,0.0,0.0,0.0,0.0,0.0,0.0,0.0,0.0,0.0,0.0,0.0,0.0,0.0,0.0,0.0,0.0,34,655
55.0,67.0,14.0,1.0,47.0,7.0,27.0,90.0,28.0,6.0,6.0,19.0,1.0,3.0,1.0,1.0,1.0,1.0,0.0,0.0,0.0,0.0,0.0,0.0,0.0,0.0,0.0,0.0,0.0,0.0,0.0,0.0,0.0,0.0,0.0,38,705
10.0,28.0,6.0,2.0,4.0,3.0,2.0,15.0,1.0,0.0,1.0,2.0,0.0,2.0,0.0,0.0,0.0,1.0,0.0,0.0,0.0,0.0,0.0,0.0,0.0,0.0,0.0,0.0,0.0,0.0,0.0,0.0,0.0,0.0,0.0,5,136
14.0,32.0,8.0,2.0,14.0,5.0,7.0,10.0,5.0,0.0,3.0,2.0,0.0,1.0,2.0,0.0,1.0,1.0,0.0,0.0,0.0,0.0,0.0,0.0,0.0,0.0,0.0,0.0,0.0,0.0,0.0,0.0,0.0,0.0,0.0,7,197
19.0,44.0,12.0,2.0,11.0,1.0,12.0,28.0,4.0,0.0,1.0,5.0,0.0,0.0,0.0,0.0,0.0,2.0,1.0,0.0,0.0,0.0,0.0,0.0,0.0,0.0,0.0,0.0,0.0,0.0,0.0,0.0,0.0,0.0,0.0,10,247
40.0,72.0,15.0,4.0,27.0,12.0,14.0,76.0,6.0,1.0,1.0,6.0,0.0,7.0,1.0,0.0,0.0,2.0,2.0,1.0,0.0,0.0,0.0,0.0,0.0,0.0,0.0,0.0,0.0,0.0,0.0,0.0,0.0,0.0,0.0,25,474
14.0,37.0,8.0,1.0,10.0,4.0,2.0,24.0,2.0,0.0,0.0,6.0,0.0,0.0,1.0,0.0,0.0,0.0,1.0,0.0,0.0,0.0,0.0,0.0,0.0,0.0,0.0,0.0,0.0,0.0,0.0,0.0,0.0,0.0,0.0,7,182
17.0,70.0,16.0,5.0,20.0,6.0,9.0,34.0,3.0,0.0,0.0,6.0,0.0,3.0,2.0,0.0,0.0,0.0,0.0,0.0,1.0,0.0,0.0,0.0,0.0,0.0,0.0,0.0,0.0,0.0,0.0,0.0,0.0,0.0,0.0,20,313
16.0,24.0,4.0,0.0,13.0,7.0,2.0,26.0,2.0,3.0,0.0,4.0,0.0,0.0,0.0,0.0,0.0,1.0,0.0,0.0,0.0,0.0,0.0,0.0,0.0,0.0,0.0,0.0,0.0,0.0,0.0,0.0,0.0,0.0,0.0,6,182
56.0,86.0,8.0,0.0,32.0,17.0,12.0,82.0,8.0,5.0,1.0,12.0,0.0,7.0,0.0,0.0,0.0,5.0,0.0,2.0,2.0,1.0,1.0,0.0,0.0,0.0,0.0,0.0,0.0,0.0,0.0,0.0,0.0,0.0,0.0,34,575
44.0,84.0,15.0,3.0,24.0,15.0,26.0,100.0,13.0,2.0,2.0,24.0,0.0,3.0,0.0,0.0,0.0,0.0,0.0,0.0,0.0,0.0,0.0,0.0,0.0,0.0,0.0,0.0,0.0,0.0,0.0,0.0,0.0,0.0,0.0,34,655
55.0,67.0,14.0,1.0,47.0,7.0,27.0,90.0,28.0,6.0,6.0,19.0,1.0,3.0,1.0,1.0,1.0,1.0,0.0,0.0,0.0,0.0,0.0,0.0,0.0,0.0,0.0,0.0,0.0,0.0,0.0,0.0,0.0,0.0,0.0,38,705
10.0,28.0,6.0,2.0,4.0,3.0,2.0,15.0,1.0,0.0,1.0,2.0,0.0,2.0,0.0,0.0,0.0,1.0,0.0,0.0,0.0,0.0,0.0,0.0,0.0,0.0,0.0,0.0,0.0,0.0,0.0,0.0,0.0,0.0,0.0,5,136
14.0,32.0,8.0,2.0,14.0,5.0,7.0,10.0,5.0,0.0,3.0,2.0,0.0,1.0,2.0,0.0,1.0,1.0,0.0,0.0,0.0,0.0,0.0,0.0,0.0,0.0,0.0,0.0,0.0,0.0,0.0,0.0,0.0,0.0,0.0,7,197
19.0,44.0,12.0,2.0,11.0,1.0,12.0,28.0,4.0,0.0,1.0,5.0,0.0,0.0,0.0,0.0,0.0,2.0,1.0,0.0,0.0,0.0,0.0,0.0,0.0,0.0,0.0,0.0,0.0,0.0,0.0,0.0,0.0,0.0,0.0,10,247
40.0,72.0,15.0,4.0,27.0,12.0,14.0,76.0,6.0,1.0,1.0,6.0,0.0,7.0,1.0,0.0,0.0,2.0,2.0,1.0,0.0,0.0,0.0,0.0,0.0,0.0,0.0,0.0,0.0,0.0,0.0,0.0,0.0,0.0,0.0,25,474
14.0,37.0,8.0,1.0,10.0,4.0,2.0,24.0,2.0,0.0,0.0,6.0,0.0,0.0,1.0,0.0,0.0,0.0,1.0,0.0,0.0,0.0,0.0,0.0,0.0,0.0,0.0,0.0,0.0,0.0,0.0,0.0,0.0,0.0,0.0,7,182
17.0,70.0,16.0,5.0,20.0,6.0,9.0,34.0,3.0,0.0,0.0,6.0,0.0,3.0,2.0,0.0,0.0,0.0,0.0,0.0,1.0,0.0,0.0,0.0,0.0,0.0,0.0,0.0,0.0,0.0,0.0,0.0,0.0,0.0,0.0,20,313
16.0,24.0,4.0,0.0,13.0,7.0,2.0,26.0,2.0,3.0,0.0,4.0,0.0,0.0,0.0,0.0,0.0,1.0,0.0,0.0,0.0,0.0,0.0,0.0,0.0,0.0,0.0,0.0,0.0,0.0,0.0,0.0,0.0,0.0,0.0,6,182
56.0,86.0,8.0,0.0,32.0,17.0,12.0,82.0,8.0,5.0,1.0,12.0,0.0,7.0,0.0,0.0,0.0,5.0,0.0,2.0,2.0,1.0,1.0,0.0,0.0,0.0,0.0,0.0,0.0,0.0,0.0,0.0,0.0,0.0,0.0,34,575
44.0,84.0,15.0,3.0,24.0,15.0,26.0,100.0,13.0,2.0,2.0,24.0,0.0,3.0,0.0,0.0,0.0,0.0,0.0,0.0,0.0,0.0,0.0,0.0,0.0,0.0,0.0,0.0,0.0,0.0,0.0,0.0,0.0,0.0,0.0,34,655
55.0,67.0,14.0,1.0,47.0,7.0,27.0,90.0,28.0,6.0,6.0,19.0,1.0,3.0,1.0,1.0,1.0,1.0,0.0,0.0,0.0,0.0,0.0,0.0,0.0,0.0,0.0,0.0,0.0,0.0,0.0,0.0,0.0,0.0,0.0,38,705
10.0,28.0,6.0,2.0,4.0,3.0,2.0,15.0,1.0,0.0,1.0,2.0,0.0,2.0,0.0,0.0,0.0,1.0,0.0,0.0,0.0,0.0,0.0,0.0,0.0,0.0,0.0,0.0,0.0,0.0,0.0,0.0,0.0,0.0,0.0,5,136
14.0,32.0,8.0,2.0,14.0,5.0,7.0,10.0,5.0,0.0,3.0,2.0,0.0,1.0,2.0,0.0,1.0,1.0,0.0,0.0,0.0,0.0,0.0,0.0,0.0,0.0,0.0,0.0,0.0,0.0,0.0,0.0,0.0,0.0,0.0,7,197
19.0,44.0,12.0,2.0,11.0,1.0,12.0,28.0,4.0,0.0,1.0,5.0,0.0,0.0,0.0,0.0,0.0,2.0,1.0,0.0,0.0,0.0,0.0,0.0,0.0,0.0,0.0,0.0,0.0,0.0,0.0,0.0,0.0,0.0,0.0,10,247
40.0,72.0,15.0,4.0,27.0,12.0,14.0,76.0,6.0,1.0,1.0,6.0,0.0,7.0,1.0,0.0,0.0,2.0,2.0,1.0,0.0,0.0,0.0,0.0,0.0,0.0,0.0,0.0,0.0,0.0,0.0,0.0,0.0,0.0,0.0,25,474
14.0,37.0,8.0,1.0,10.0,4.0,2.0,24.0,2.0,0.0,0.0,6.0,0.0,0.0,1.0,0.0,0.0,0.0,1.0,0.0,0.0,0.0,0.0,0.0,0.0,0.0,0.0,0.0,0.0,0.0,0.0,0.0,0.0,0.0,0.0,7,182
17.0,70.0,16.0,5.0,20.0,6.0,9.0,34.0,3.0,0.0,0.0,6.0,0.0,3.0,2.0,0.0,0.0,0.0,0.0,0.0,1.0,0.0,0.0,0.0,0.0,0.0,0.0,0.0,0.0,0.0,0.0,0.0,0.0,0.0,0.0,20,313
16.0,24.0,4.0,0.0,13.0,7.0,2.0,26.0,2.0,3.0,0.0,4.0,0.0,0.0,0.0,0.0,0.0,1.0,0.0,0.0,0.0,0.0,0.0,0.0,0.0,0.0,0.0,0.0,0.0,0.0,0.0,0.0,0.0,0.0,0.0,6,182
56.0,86.0,8.0,0.0,32.0,17.0,12.0,82.0,8.0,5.0,1.0,12.0,0.0,7.0,0.0,0.0,0.0,5.0,0.0,2.0,2.0,1.0,1.0,0.0,0.0,0.0,0.0,0.0,0.0,0.0,0.0,0.0,0.0,0.0,0.0,34,575
44.0,84.0,15.0,3.0,24.0,15.0,26.0,100.0,13.0,2.0,2.0,24.0,0.0,3.0,0.0,0.0,0.0,0.0,0.0,0.0,0.0,0.0,0.0,0.0,0.0,0.0,0.0,0.0,0.0,0.0,0.0,0.0,0.0,0.0,0.0,34,655
55.0,67.0,14.0,1.0,47.0,7.0,27.0,90.0,28.0,6.0,6.0,19.0,1.0,3.0,1.0,1.0,1.0,1.0,0.0,0.0,0.0,0.0,0.0,0.0,0.0,0.0,0.0,0.0,0.0,0.0,0.0,0.0,0.0,0.0,0.0,38,705
10.0,28.0,6.0,2.0,4.0,3.0,2.0,15.0,1.0,0.0,1.0,2.0,0.0,2.0,0.0,0.0,0.0,1.0,0.0,0.0,0.0,0.0,0.0,0.0,0.0,0.0,0.0,0.0,0.0,0.0,0.0,0.0,0.0,0.0,0.0,5,136
14.0,32.0,8.0,2.0,14.0,5.0,7.0,10.0,5.0,0.0,3.0,2.0,0.0,1.0,2.0,0.0,1.0,1.0,0.0,0.0,0.0,0.0,0.0,0.0,0.0,0.0,0.0,0.0,0.0,0.0,0.0,0.0,0.0,0.0,0.0,7,197
19.0,44.0,12.0,2.0,11.0,1.0,12.0,28.0,4.0,0.0,1.0,5.0,0.0,0.0,0.0,0.0,0.0,2.0,1.0,0.0,0.0,0.0,0.0,0.0,0.0,0.0,0.0,0.0,0.0,0.0,0.0,0.0,0.0,0.0,0.0,10,247
40.0,72.0,15.0,4.0,27.0,12.0,14.0,76.0,6.0,1.0,1.0,6.0,0.0,7.0,1.0,0.0,0.0,2.0,2.0,1.0,0.0,0.0,0.0,0.0,0.0,0.0,0.0,0.0,0.0,0.0,0.0,0.0,0.0,0.0,0.0,25,474
14.0,37.0,8.0,1.0,10.0,4.0,2.0,24.0,2.0,0.0,0.0,6.0,0.0,0.0,1.0,0.0,0.0,0.0,1.0,0.0,0.0,0.0,0.0,0.0,0.0,0.0,0.0,0.0,0.0,0.0,0.0,0.0,0.0,0.0,0.0,7,182
17.0,70.0,16.0,5.0,20.0,6.0,9.0,34.0,3.0,0.0,0.0,6.0,0.0,3.0,2.0,0.0,0.0,0.0,0.0,0.0,1.0,0.0,0.0,0.0,0.0,0.0,0.0,0.0,0.0,0.0,0.0,0.0,0.0,0.0,0.0,20,313
16.0,24.0,4.0,0.0,13.0,7.0,2.0,26.0,2.0,3.0,0.0,4.0,0.0,0.0,0.0,0.0,0.0,1.0,0.0,0.0,0.0,0.0,0.0,0.0,0.0,0.0,0.0,0.0,0.0,0.0,0.0,0.0,0.0,0.0,0.0,6,182
56.0,86.0,8.0,0.0,32.0,17.0,12.0,82.0,8.0,5.0,1.0,12.0,0.0,7.0,0.0,0.0,0.0,5.0,0.0,2.0,2.0,1.0,1.0,0.0,0.0,0.0,0.0,0.0,0.0,0.0,0.0,0.0,0.0,0.0,0.0,34,575
44.0,84.0,15.0,3.0,24.0,15.0,26.0,100.0,13.0,2.0,2.0,24.0,0.0,3.0,0.0,0.0,0.0,0.0,0.0,0.0,0.0,0.0,0.0,0.0,0.0,0.0,0.0,0.0,0.0,0.0,0.0,0.0,0.0,0.0,0.0,34,655
55.0,67.0,14.0,1.0,47.0,7.0,27.0,90.0,28.0,6.0,6.0,19.0,1.0,3.0,1.0,1.0,1.0,1.0,0.0,0.0,0.0,0.0,0.0,0.0,0.0,0.0,0.0,0.0,0.0,0.0,0.0,0.0,0.0,0.0,0.0,38,705
10.0,28.0,6.0,2.0,4.0,3.0,2.0,15.0,1.0,0.0,1.0,2.0,0.0,2.0,0.0,0.0,0.0,1.0,0.0,0.0,0.0,0.0,0.0,0.0,0.0,0.0,0.0,0.0,0.0,0.0,0.0,0.0,0.0,0.0,0.0,5,136
14.0,32.0,8.0,2.0,14.0,5.0,7.0,10.0,5.0,0.0,3.0,2.0,0.0,1.0,2.0,0.0,1.0,1.0,0.0,0.0,0.0,0.0,0.0,0.0,0.0,0.0,0.0,0.0,0.0,0.0,0.0,0.0,0.0,0.0,0.0,7,197
19.0,44.0,12.0,2.0,11.0,1.0,12.0,28.0,4.0,0.0,1.0,5.0,0.0,0.0,0.0,0.0,0.0,2.0,1.0,0.0,0.0,0.0,0.0,0.0,0.0,0.0,0.0,0.0,0.0,0.0,0.0,0.0,0.0,0.0,0.0,10,247
40.0,72.0,15.0,4.0,27.0,12.0,14.0,76.0,6.0,1.0,1.0,6.0,0.0,7.0,1.0,0.0,0.0,2.0,2.0,1.0,0.0,0.0,0.0,0.0,0.0,0.0,0.0,0.0,0.0,0.0,0.0,0.0,0.0,0.0,0.0,25,474
14.0,37.0,8.0,1.0,10.0,4.0,2.0,24.0,2.0,0.0,0.0,6.0,0.0,0.0,1.0,0.0,0.0,0.0,1.0,0.0,0.0,0.0,0.0,0.0,0.0,0.0,0.0,0.0,0.0,0.0,0.0,0.0,0.0,0.0,0.0,7,182
17.0,70.0,16.0,5.0,20.0,6.0,9.0,34.0,3.0,0.0,0.0,6.0,0.0,3.0,2.0,0.0,0.0,0.0,0.0,0.0,1.0,0.0,0.0,0.0,0.0,0.0,0.0,0.0,0.0,0.0,0.0,0.0,0.0,0.0,0.0,20,313
16.0,24.0,4.0,0.0,13.0,7.0,2.0,26.0,2.0,3.0,0.0,4.0,0.0,0.0,0.0,0.0,0.0,1.0,0.0,0.0,0.0,0.0,0.0,0.0,0.0,0.0,0.0,0.0,0.0,0.0,0.0,0.0,0.0,0.0,0.0,6,182
56.0,86.0,8.0,0.0,32.0,17.0,12.0,82.0,8.0,5.0,1.0,12.0,0.0,7.0,0.0,0.0,0.0,5.0,0.0,2.0,2.0,1.0,1.0,0.0,0.0,0.0,0.0,0.0,0.0,0.0,0.0,0.0,0.0,0.0,0.0,34,575
44.0,84.0,15.0,3.0,24.0,15.0,26.0,100.0,13.0,2.0,2.0,24.0,0.0,3.0,0.0,0.0,0.0,0.0,0.0,0.0,0.0,0.0,0.0,0.0,0.0,0.0,0.0,0.0,0.0,0.0,0.0,0.0,0.0,0.0,0.0,34,655
55.0,67.0,14.0,1.0,47.0,7.0,27.0,90.0,28.0,6.0,6.0,19.0,1.0,3.0,1.0,1.0,1.0,1.0,0.0,0.0,0.0,0.0,0.0,0.0,0.0,0.0,0.0,0.0,0.0,0.0,0.0,0.0,0.0,0.0,0.0,38,705
10.0,28.0,6.0,2.0,4.0,3.0,2.0,15.0,1.0,0.0,1.0,2.0,0.0,2.0,0.0,0.0,0.0,1.0,0.0,0.0,0.0,0.0,0.0,0.0,0.0,0.0,0.0,0.0,0.0,0.0,0.0,0.0,0.0,0.0,0.0,5,136
14.0,32.0,8.0,2.0,14.0,5.0,7.0,10.0,5.0,0.0,3.0,2.0,0.0,1.0,2.0,0.0,1.0,1.0,0.0,0.0,0.0,0.0,0.0,0.0,0.0,0.0,0.0,0.0,0.0,0.0,0.0,0.0,0.0,0.0,0.0,7,197
19.0,44.0,12.0,2.0,11.0,1.0,12.0,28.0,4.0,0.0,1.0,5.0,0.0,0.0,0.0,0.0,0.0,2.0,1.0,0.0,0.0,0.0,0.0,0.0,0.0,0.0,0.0,0.0,0.0,0.0,0.0,0.0,0.0,0.0,0.0,10,247
40.0,72.0,15.0,4.0,27.0,12.0,14.0,76.0,6.0,1.0,1.0,6.0,0.0,7.0,1.0,0.0,0.0,2.0,2.0,1.0,0.0,0.0,0.0,0.0,0.0,0.0,0.0,0.0,0.0,0.0,0.0,0.0,0.0,0.0,0.0,25,474
14.0,37.0,8.0,1.0,10.0,4.0,2.0,24.0,2.0,0.0,0.0,6.0,0.0,0.0,1.0,0.0,0.0,0.0,1.0,0.0,0.0,0.0,0.0,0.0,0.0,0.0,0.0,0.0,0.0,0.0,0.0,0.0,0.0,0.0,0.0,7,182
17.0,70.0,16.0,5.0,20.0,6.0,9.0,34.0,3.0,0.0,0.0,6.0,0.0,3.0,2.0,0.0,0.0,0.0,0.0,0.0,1.0,0.0,0.0,0.0,0.0,0.0,0.0,0.0,0.0,0.0,0.0,0.0,0.0,0.0,0.0,20,313
16.0,24.0,4.0,0.0,13.0,7.0,2.0,26.0,2.0,3.0,0.0,4.0,0.0,0.0,0.0,0.0,0.0,1.0,0.0,0.0,0.0,0.0,0.0,0.0,0.0,0.0,0.0,0.0,0.0,0.0,0.0,0.0,0.0,0.0,0.0,6,182
56.0,86.0,8.0,0.0,32.0,17.0,12.0,82.0,8.0,5.0,1.0,12.0,0.0,7.0,0.0,0.0,0.0,5.0,0.0,2.0,2.0,1.0,1.0,0.0,0.0,0.0,0.0,0.0,0.0,0.0,0.0,0.0,0.0,0.0,0.0,34,575
44.0,84.0,15.0,3.0,24.0,15.0,26.0,100.0,13.0,2.0,2.0,24.0,0.0,3.0,0.0,0.0,0.0,0.0,0.0,0.0,0.0,0.0,0.0,0.0,0.0,0.0,0.0,0.0,0.0,0.0,0.0,0.0,0.0,0.0,0.0,34,655
55.0,67.0,14.0,1.0,47.0,7.0,27.0,90.0,28.0,6.0,6.0,19.0,1.0,3.0,1.0,1.0,1.0,1.0,0.0,0.0,0.0,0.0,0.0,0.0,0.0,0.0,0.0,0.0,0.0,0.0,0.0,0.0,0.0,0.0,0.0,38,705
10.0,28.0,6.0,2.0,4.0,3.0,2.0,15.0,1.0,0.0,1.0,2.0,0.0,2.0,0.0,0.0,0.0,1.0,0.0,0.0,0.0,0.0,0.0,0.0,0.0,0.0,0.0,0.0,0.0,0.0,0.0,0.0,0.0,0.0,0.0,5,136
14.0,32.0,8.0,2.0,14.0,5.0,7.0,10.0,5.0,0.0,3.0,2.0,0.0,1.0,2.0,0.0,1.0,1.0,0.0,0.0,0.0,0.0,0.0,0.0,0.0,0.0,0.0,0.0,0.0,0.0,0.0,0.0,0.0,0.0,0.0,7,197
19.0,44.0,12.0,2.0,11.0,1.0,12.0,28.0,4.0,0.0,1.0,5.0,0.0,0.0,0.0,0.0,0.0,2.0,1.0,0.0,0.0,0.0,0.0,0.0,0.0,0.0,0.0,0.0,0.0,0.0,0.0,0.0,0.0,0.0,0.0,10,247
40.0,72.0,15.0,4.0,27.0,12.0,14.0,76.0,6.0,1.0,1.0,6.0,0.0,7.0,1.0,0.0,0.0,2.0,2.0,1.0,0.0,0.0,0.0,0.0,0.0,0.0,0.0,0.0,0.0,0.0,0.0,0.0,0.0,0.0,0.0,25,474
14.0,37.0,8.0,1.0,10.0,4.0,2.0,24.0,2.0,0.0,0.0,6.0,0.0,0.0,1.0,0.0,0.0,0.0,1.0,0.0,0.0,0.0,0.0,0.0,0.0,0.0,0.0,0.0,0.0,0.0,0.0,0.0,0.0,0.0,0.0,7,182
17.0,70.0,16.0,5.0,20.0,6.0,9.0,34.0,3.0,0.0,0.0,6.0,0.0,3.0,2.0,0.0,0.0,0.0,0.0,0.0,1.0,0.0,0.0,0.0,0.0,0.0,0.0,0.0,0.0,0.0,0.0,0.0,0.0,0.0,0.0,20,313
16.0,24.0,4.0,0.0,13.0,7.0,2.0,26.0,2.0,3.0,0.0,4.0,0.0,0.0,0.0,0.0,0.0,1.0,0.0,0.0,0.0,0.0,0.0,0.0,0.0,0.0,0.0,0.0,0.0,0.0,0.0,0.0,0.0,0.0,0.0,6,182
56.0,86.0,8.0,0.0,32.0,17.0,12.0,82.0,8.0,5.0,1.0,12.0,0.0,7.0,0.0,0.0,0.0,5.0,0.0,2.0,2.0,1.0,1.0,0.0,0.0,0.0,0.0,0.0,0.0,0.0,0.0,0.0,0.0,0.0,0.0,34,575
44.0,84.0,15.0,3.0,24.0,15.0,26.0,100.0,13.0,2.0,2.0,24.0,0.0,3.0,0.0,0.0,0.0,0.0,0.0,0.0,0.0,0.0,0.0,0.0,0.0,0.0,0.0,0.0,0.0,0.0,0.0,0.0,0.0,0.0,0.0,34,655
55.0,67.0,14.0,1.0,47.0,7.0,27.0,90.0,28.0,6.0,6.0,19.0,1.0,3.0,1.0,1.0,1.0,1.0,0.0,0.0,0.0,0.0,0.0,0.0,0.0,0.0,0.0,0.0,0.0,0.0,0.0,0.0,0.0,0.0,0.0,38,705
10.0,28.0,6.0,2.0,4.0,3.0,2.0,15.0,1.0,0.0,1.0,2.0,0.0,2.0,0.0,0.0,0.0,1.0,0.0,0.0,0.0,0.0,0.0,0.0,0.0,0.0,0.0,0.0,0.0,0.0,0.0,0.0,0.0,0.0,0.0,5,136
14.0,32.0,8.0,2.0,14.0,5.0,7.0,10.0,5.0,0.0,3.0,2.0,0.0,1.0,2.0,0.0,1.0,1.0,0.0,0.0,0.0,0.0,0.0,0.0,0.0,0.0,0.0,0.0,0.0,0.0,0.0,0.0,0.0,0.0,0.0,7,197
19.0,44.0,12.0,2.0,11.0,1.0,12.0,28.0,4.0,0.0,1.0,5.0,0.0,0.0,0.0,0.0,0.0,2.0,1.0,0.0,0.0,0.0,0.0,0.0,0.0,0.0,0.0,0.0,0.0,0.0,0.0,0.0,0.0,0.0,0.0,10,247
40.0,72.0,15.0,4.0,27.0,12.0,14.0,76.0,6.0,1.0,1.0,6.0,0.0,7.0,1.0,0.0,0.0,2.0,2.0,1.0,0.0,0.0,0.0,0.0,0.0,0.0,0.0,0.0,0.0,0.0,0.0,0.0,0.0,0.0,0.0,25,474
14.0,37.0,8.0,1.0,10.0,4.0,2.0,24.0,2.0,0.0,0.0,6.0,0.0,0.0,1.0,0.0,0.0,0.0,1.0,0.0,0.0,0.0,0.0,0.0,0.0,0.0,0.0,0.0,0.0,0.0,0.0,0.0,0.0,0.0,0.0,7,182
17.0,70.0,16.0,5.0,20.0,6.0,9.0,34.0,3.0,0.0,0.0,6.0,0.0,3.0,2.0,0.0,0.0,0.0,0.0,0.0,1.0,0.0,0.0,0.0,0.0,0.0,0.0,0.0,0.0,0.0,0.0,0.0,0.0,0.0,0.0,20,313
16.0,24.0,4.0,0.0,13.0,7.0,2.0,26.0,2.0,3.0,0.0,4.0,0.0,0.0,0.0,0.0,0.0,1.0,0.0,0.0,0.0,0.0,0.0,0.0,0.0,0.0,0.0,0.0,0.0,0.0,0.0,0.0,0.0,0.0,0.0,6,182
56.0,86.0,8.0,0.0,32.0,17.0,12.0,82.0,8.0,5.0,1.0,12.0,0.0,7.0,0.0,0.0,0.0,5.0,0.0,2.0,2.0,1.0,1.0,0.0,0.0,0.0,0.0,0.0,0.0,0.0,0.0,0.0,0.0,0.0,0.0,34,575
44.0,84.0,15.0,3.0,24.0,15.0,26.0,100.0,13.0,2.0,2.0,24.0,0.0,3.0,0.0,0.0,0.0,0.0,0.0,0.0,0.0,0.0,0.0,0.0,0.0,0.0,0.0,0.0,0.0,0.0,0.0,0.0,0.0,0.0,0.0,34,655
55.0,67.0,14.0,1.0,47.0,7.0,27.0,90.0,28.0,6.0,6.0,19.0,1.0,3.0,1.0,1.0,1.0,1.0,0.0,0.0,0.0,0.0,0.0,0.0,0.0,0.0,0.0,0.0,0.0,0.0,0.0,0.0,0.0,0.0,0.0,38,705
10.0,28.0,6.0,2.0,4.0,3.0,2.0,15.0,1.0,0.0,1.0,2.0,0.0,2.0,0.0,0.0,0.0,1.0,0.0,0.0,0.0,0.0,0.0,0.0,0.0,0.0,0.0,0.0,0.0,0.0,0.0,0.0,0.0,0.0,0.0,5,136
14.0,32.0,8.0,2.0,14.0,5.0,7.0,10.0,5.0,0.0,3.0,2.0,0.0,1.0,2.0,0.0,1.0,1.0,0.0,0.0,0.0,0.0,0.0,0.0,0.0,0.0,0.0,0.0,0.0,0.0,0.0,0.0,0.0,0.0,0.0,7,197
19.0,44.0,12.0,2.0,11.0,1.0,12.0,28.0,4.0,0.0,1.0,5.0,0.0,0.0,0.0,0.0,0.0,2.0,1.0,0.0,0.0,0.0,0.0,0.0,0.0,0.0,0.0,0.0,0.0,0.0,0.0,0.0,0.0,0.0,0.0,10,247
40.0,72.0,15.0,4.0,27.0,12.0,14.0,76.0,6.0,1.0,1.0,6.0,0.0,7.0,1.0,0.0,0.0,2.0,2.0,1.0,0.0,0.0,0.0,0.0,0.0,0.0,0.0,0.0,0.0,0.0,0.0,0.0,0.0,0.0,0.0,25,474
14.0,37.0,8.0,1.0,10.0,4.0,2.0,24.0,2.0,0.0,0.0,6.0,0.0,0.0,1.0,0.0,0.0,0.0,1.0,0.0,0.0,0.0,0.0,0.0,0.0,0.0,0.0,0.0,0.0,0.0,0.0,0.0,0.0,0.0,0.0,7,182
17.0,70.0,16.0,5.0,20.0,6.0,9.0,34.0,3.0,0.0,0.0,6.0,0.0,3.0,2.0,0.0,0.0,0.0,0.0,0.0,1.0,0.0,0.0,0.0,0.0,0.0,0.0,0.0,0.0,0.0,0.0,0.0,0.0,0.0,0.0,20,313
16.0,24.0,4.0,0.0,13.0,7.0,2.0,26.0,2.0,3.0,0.0,4.0,0.0,0.0,0.0,0.0,0.0,1.0,0.0,0.0,0.0,0.0,0.0,0.0,0.0,0.0,0.0,0.0,0.0,0.0,0.0,0.0,0.0,0.0,0.0,6,182
56.0,86.0,8.0,0.0,32.0,17.0,12.0,82.0,8.0,5.0,1.0,12.0,0.0,7.0,0.0,0.0,0.0,5.0,0.0,2.0,2.0,1.0,1.0,0.0,0.0,0.0,0.0,0.0,0.0,0.0,0.0,0.0,0.0,0.0,0.0,34,575
44.0,84.0,15.0,3.0,24.0,15.0,26.0,100.0,13.0,2.0,2.0,24.0,0.0,3.0,0.0,0.0,0.0,0.0,0.0,0.0,0.0,0.0,0.0,0.0,0.0,0.0,0.0,0.0,0.0,0.0,0.0,0.0,0.0,0.0,0.0,34,655
55.0,67.0,14.0,1.0,47.0,7.0,27.0,90.0,28.0,6.0,6.0,19.0,1.0,3.0,1.0,1.0,1.0,1.0,0.0,0.0,0.0,0.0,0.0,0.0,0.0,0.0,0.0,0.0,0.0,0.0,0.0,0.0,0.0,0.0,0.0,38,705
10.0,28.0,6.0,2.0,4.0,3.0,2.0,15.0,1.0,0.0,1.0,2.0,0.0,2.0,0.0,0.0,0.0,1.0,0.0,0.0,0.0,0.0,0.0,0.0,0.0,0.0,0.0,0.0,0.0,0.0,0.0,0.0,0.0,0.0,0.0,5,136
14.0,32.0,8.0,2.0,14.0,5.0,7.0,10.0,5.0,0.0,3.0,2.0,0.0,1.0,2.0,0.0,1.0,1.0,0.0,0.0,0.0,0.0,0.0,0.0,0.0,0.0,0.0,0.0,0.0,0.0,0.0,0.0,0.0,0.0,0.0,7,197
19.0,44.0,12.0,2.0,11.0,1.0,12.0,28.0,4.0,0.0,1.0,5.0,0.0,0.0,0.0,0.0,0.0,2.0,1.0,0.0,0.0,0.0,0.0,0.0,0.0,0.0,0.0,0.0,0.0,0.0,0.0,0.0,0.0,0.0,0.0,10,247
40.0,72.0,15.0,4.0,27.0,12.0,14.0,76.0,6.0,1.0,1.0,6.0,0.0,7.0,1.0,0.0,0.0,2.0,2.0,1.0,0.0,0.0,0.0,0.0,0.0,0.0,0.0,0.0,0.0,0.0,0.0,0.0,0.0,0.0,0.0,25,474
14.0,37.0,8.0,1.0,10.0,4.0,2.0,24.0,2.0,0.0,0.0,6.0,0.0,0.0,1.0,0.0,0.0,0.0,1.0,0.0,0.0,0.0,0.0,0.0,0.0,0.0,0.0,0.0,0.0,0.0,0.0,0.0,0.0,0.0,0.0,7,182
17.0,70.0,16.0,5.0,20.0,6.0,9.0,34.0,3.0,0.0,0.0,6.0,0.0,3.0,2.0,0.0,0.0,0.0,0.0,0.0,1.0,0.0,0.0,0.0,0.0,0.0,0.0,0.0,0.0,0.0,0.0,0.0,0.0,0.0,0.0,20,313
16.0,24.0,4.0,0.0,13.0,7.0,2.0,26.0,2.0,3.0,0.0,4.0,0.0,0.0,0.0,0.0,0.0,1.0,0.0,0.0,0.0,0.0,0.0,0.0,0.0,0.0,0.0,0.0,0.0,0.0,0.0,0.0,0.0,0.0,0.0,6,182
56.0,86.0,8.0,0.0,32.0,17.0,12.0,82.0,8.0,5.0,1.0,12.0,0.0,7.0,0.0,0.0,0.0,5.0,0.0,2.0,2.0,1.0,1.0,0.0,0.0,0.0,0.0,0.0,0.0,0.0,0.0,0.0,0.0,0.0,0.0,34,575
44.0,84.0,15.0,3.0,24.0,15.0,26.0,100.0,13.0,2.0,2.0,24.0,0.0,3.0,0.0,0.0,0.0,0.0,0.0,0.0,0.0,0.0,0.0,0.0,0.0,0.0,0.0,0.0,0.0,0.0,0.0,0.0,0.0,0.0,0.0,34,655
55.0,67.0,14.0,1.0,47.0,7.0,27.0,90.0,28.0,6.0,6.0,19.0,1.0,3.0,1.0,1.0,1.0,1.0,0.0,0.0,0.0,0.0,0.0,0.0,0.0,0.0,0.0,0.0,0.0,0.0,0.0,0.0,0.0,0.0,0.0,38,705
10.0,28.0,6.0,2.0,4.0,3.0,2.0,15.0,1.0,0.0,1.0,2.0,0.0,2.0,0.0,0.0,0.0,1.0,0.0,0.0,0.0,0.0,0.0,0.0,0.0,0.0,0.0,0.0,0.0,0.0,0.0,0.0,0.0,0.0,0.0,5,136
14.0,32.0,8.0,2.0,14.0,5.0,7.0,10.0,5.0,0.0,3.0,2.0,0.0,1.0,2.0,0.0,1.0,1.0,0.0,0.0,0.0,0.0,0.0,0.0,0.0,0.0,0.0,0.0,0.0,0.0,0.0,0.0,0.0,0.0,0.0,7,197
19.0,44.0,12.0,2.0,11.0,1.0,12.0,28.0,4.0,0.0,1.0,5.0,0.0,0.0,0.0,0.0,0.0,2.0,1.0,0.0,0.0,0.0,0.0,0.0,0.0,0.0,0.0,0.0,0.0,0.0,0.0,0.0,0.0,0.0,0.0,10,247
40.0,72.0,15.0,4.0,27.0,12.0,14.0,76.0,6.0,1.0,1.0,6.0,0.0,7.0,1.0,0.0,0.0,2.0,2.0,1.0,0.0,0.0,0.0,0.0,0.0,0.0,0.0,0.0,0.0,0.0,0.0,0.0,0.0,0.0,0.0,25,474
14.0,37.0,8.0,1.0,10.0,4.0,2.0,24.0,2.0,0.0,0.0,6.0,0.0,0.0,1.0,0.0,0.0,0.0,1.0,0.0,0.0,0.0,0.0,0.0,0.0,0.0,0.0,0.0,0.0,0.0,0.0,0.0,0.0,0.0,0.0,7,182
17.0,70.0,16.0,5.0,20.0,6.0,9.0,34.0,3.0,0.0,0.0,6.0,0.0,3.0,2.0,0.0,0.0,0.0,0.0,0.0,1.0,0.0,0.0,0.0,0.0,0.0,0.0,0.0,0.0,0.0,0.0,0.0,0.0,0.0,0.0,20,313
16.0,24.0,4.0,0.0,13.0,7.0,2.0,26.0,2.0,3.0,0.0,4.0,0.0,0.0,0.0,0.0,0.0,1.0,0.0,0.0,0.0,0.0,0.0,0.0,0.0,0.0,0.0,0.0,0.0,0.0,0.0,0.0,0.0,0.0,0.0,6,182
56.0,86.0,8.0,0.0,32.0,17.0,12.0,82.0,8.0,5.0,1.0,12.0,0.0,7.0,0.0,0.0,0.0,5.0,0.0,2.0,2.0,1.0,1.0,0.0,0.0,0.0,0.0,0.0,0.0,0.0,0.0,0.0,0.0,0.0,0.0,34,575
44.0,84.0,15.0,3.0,24.0,15.0,26.0,100.0,13.0,2.0,2.0,24.0,0.0,3.0,0.0,0.0,0.0,0.0,0.0,0.0,0.0,0.0,0.0,0.0,0.0,0.0,0.0,0.0,0.0,0.0,0.0,0.0,0.0,0.0,0.0,34,655
55.0,67.0,14.0,1.0,47.0,7.0,27.0,90.0,28.0,6.0,6.0,19.0,1.0,3.0,1.0,1.0,1.0,1.0,0.0,0.0,0.0,0.0,0.0,0.0,0.0,0.0,0.0,0.0,0.0,0.0,0.0,0.0,0.0,0.0,0.0,38,705
10.0,28.0,6.0,2.0,4.0,3.0,2.0,15.0,1.0,0.0,1.0,2.0,0.0,2.0,0.0,0.0,0.0,1.0,0.0,0.0,0.0,0.0,0.0,0.0,0.0,0.0,0.0,0.0,0.0,0.0,0.0,0.0,0.0,0.0,0.0,5,136
14.0,32.0,8.0,2.0,14.0,5.0,7.0,10.0,5.0,0.0,3.0,2.0,0.0,1.0,2.0,0.0,1.0,1.0,0.0,0.0,0.0,0.0,0.0,0.0,0.0,0.0,0.0,0.0,0.0,0.0,0.0,0.0,0.0,0.0,0.0,7,197
19.0,44.0,12.0,2.0,11.0,1.0,12.0,28.0,4.0,0.0,1.0,5.0,0.0,0.0,0.0,0.0,0.0,2.0,1.0,0.0,0.0,0.0,0.0,0.0,0.0,0.0,0.0,0.0,0.0,0.0,0.0,0.0,0.0,0.0,0.0,10,247
40.0,72.0,15.0,4.0,27.0,12.0,14.0,76.0,6.0,1.0,1.0,6.0,0.0,7.0,1.0,0.0,0.0,2.0,2.0,1.0,0.0,0.0,0.0,0.0,0.0,0.0,0.0,0.0,0.0,0.0,0.0,0.0,0.0,0.0,0.0,25,474
14.0,37.0,8.0,1.0,10.0,4.0,2.0,24.0,2.0,0.0,0.0,6.0,0.0,0.0,1.0,0.0,0.0,0.0,1.0,0.0,0.0,0.0,0.0,0.0,0.0,0.0,0.0,0.0,0.0,0.0,0.0,0.0,0.0,0.0,0.0,7,182
17.0,70.0,16.0,5.0,20.0,6.0,9.0,34.0,3.0,0.0,0.0,6.0,0.0,3.0,2.0,0.0,0.0,0.0,0.0,0.0,1.0,0.0,0.0,0.0,0.0,0.0,0.0,0.0,0.0,0.0,0.0,0.0,0.0,0.0,0.0,20,313
16.0,24.0,4.0,0.0,13.0,7.0,2.0,26.0,2.0,3.0,0.0,4.0,0.0,0.0,0.0,0.0,0.0,1.0,0.0,0.0,0.0,0.0,0.0,0.0,0.0,0.0,0.0,0.0,0.0,0.0,0.0,0.0,0.0,0.0,0.0,6,182
56.0,86.0,8.0,0.0,32.0,17.0,12.0,82.0,8.0,5.0,1.0,12.0,0.0,7.0,0.0,0.0,0.0,5.0,0.0,2.0,2.0,1.0,1.0,0.0,0.0,0.0,0.0,0.0,0.0,0.0,0.0,0.0,0.0,0.0,0.0,34,575
44.0,84.0,15.0,3.0,24.0,15.0,26.0,100.0,13.0,2.0,2.0,24.0,0.0,3.0,0.0,0.0,0.0,0.0,0.0,0.0,0.0,0.0,0.0,0.0,0.0,0.0,0.0,0.0,0.0,0.0,0.0,0.0,0.0,0.0,0.0,34,655
